{
  "type": "FeatureCollection",
  "features": [
    {
      "type": "Feature",
      "geometry": {
        "type": "Polygon",
        "coordinates": [
          [
            [
              -1.3619714933884843,
              -5.985712237648359
            ],
            [
              -1.361968179352031,
              -5.98559550797388
            ],
            [
              -1.362133119420846,
              -5.985590814341309
            ],
            [
              -1.3621364332139525,
              -5.9857075440306815
            ],
            [
              -1.3619714933884843,
              -5.985712237648359
            ]
          ]
        ]
      },
      "properties": {
        "type": "building",
        "lod_level": 2,
        "height": 24.7,
        "building:levels": 8,
        "building:type": "residential"
      }
    },
    {
      "type": "Feature",
      "geometry": {
        "type": "Polygon",
        "coordinates": [
          [
            [
              -1.3637364639591607,
              -5.984146998176504
            ],
            [
              -1.3635804929262512,
              -5.984137796551695
            ],
            [
              -1.3635883515317633,
              -5.98400427331384
            ],
            [
              -1.3637443228271904,
              -5.984013474971995
            ],
            [
              -1.3637364639591607,
              -5.984146998176504
            ]
          ]
        ]
      },
      "properties": {
        "type": "building",
        "lod_level": 2,
        "height": 10.8,
        "building:levels": 4,
        "building:type": "residential"
      }
    },
    {
      "type": "Feature",
      "geometry": {
        "type": "Polygon",
        "coordinates": [
          [
            [
              -1.3632683846705491,
              -5.984446912406924
            ],
            [
              -1.3631188585032452,
              -5.984430370309206
            ],
            [
              -1.3631339099707764,
              -5.984293995742704
            ],
            [
              -1.363283436392869,
              -5.984310537901667
            ],
            [
              -1.3632683846705491,
              -5.984446912406924
            ]
          ]
        ]
      },
      "properties": {
        "type": "building",
        "lod_level": 2,
        "height": 35.2,
        "building:levels": 12,
        "building:type": "public"
      }
    },
    {
      "type": "Feature",
      "geometry": {
        "type": "Polygon",
        "coordinates": [
          [
            [
              -1.3630363233300546,
              -5.98449449880896
            ],
            [
              -1.3629200194597864,
              -5.984486202847906
            ],
            [
              -1.3629355379547057,
              -5.984268128065675
            ],
            [
              -1.3630518421441677,
              -5.984276424075843
            ],
            [
              -1.3630363233300546,
              -5.98449449880896
            ]
          ]
        ]
      },
      "properties": {
        "type": "building",
        "lod_level": 2,
        "height": 3.0,
        "building:levels": 1,
        "building:type": "residential"
      }
    },
    {
      "type": "Feature",
      "geometry": {
        "type": "Polygon",
        "coordinates": [
          [
            [
              -1.3626326549162224,
              -5.984247869825181
            ],
            [
              -1.3623866318412488,
              -5.9842284621812984
            ],
            [
              -1.3623991482476672,
              -5.984069418745852
            ],
            [
              -1.3626451718145152,
              -5.984088826473532
            ],
            [
              -1.3626326549162224,
              -5.984247869825181
            ]
          ]
        ]
      },
      "properties": {
        "type": "building",
        "lod_level": 2,
        "height": 20.7,
        "building:levels": 7,
        "building:type": "residential"
      }
    },
    {
      "type": "Feature",
      "geometry": {
        "type": "Polygon",
        "coordinates": [
          [
            [
              -1.3618353772546947,
              -5.983199757090617
            ],
            [
              -1.3616556489299556,
              -5.983179737485379
            ],
            [
              -1.361665841029125,
              -5.983088019306286
            ],
            [
              -1.3618455695597986,
              -5.983108038961402
            ],
            [
              -1.3618353772546947,
              -5.983199757090617
            ]
          ]
        ]
      },
      "properties": {
        "type": "building",
        "lod_level": 2,
        "height": 22.1,
        "building:levels": 7,
        "building:type": "residential"
      }
    },
    {
      "type": "Feature",
      "geometry": {
        "type": "Polygon",
        "coordinates": [
          [
            [
              -1.363669017506521,
              -5.983970022467718
            ],
            [
              -1.3634172703594976,
              -5.983933339369876
            ],
            [
              -1.3634327642983615,
              -5.983826755800539
            ],
            [
              -1.3636845117776024,
              -5.983863439004577
            ],
            [
              -1.363669017506521,
              -5.983970022467718
            ]
          ]
        ]
      },
      "properties": {
        "type": "building",
        "lod_level": 2,
        "height": 7.8,
        "building:levels": 3,
        "building:type": "residential"
      }
    },
    {
      "type": "Feature",
      "geometry": {
        "type": "Polygon",
        "coordinates": [
          [
            [
              -1.362071769091964,
              -5.984675801185403
            ],
            [
              -1.3619748669692944,
              -5.984663283554296
            ],
            [
              -1.3619956713946775,
              -5.984501850418859
            ],
            [
              -1.3620925737119294,
              -5.984514368104854
            ],
            [
              -1.362071769091964,
              -5.984675801185403
            ]
          ]
        ]
      },
      "properties": {
        "type": "building",
        "lod_level": 2,
        "height": 11.9,
        "building:levels": 4,
        "building:type": "residential"
      }
    },
    {
      "type": "Feature",
      "geometry": {
        "type": "Polygon",
        "coordinates": [
          [
            [
              -1.3633968509165835,
              -5.982708234086575
            ],
            [
              -1.363419975911765,
              -5.982534557173681
            ],
            [
              -1.3635673849759284,
              -5.982554231269652
            ],
            [
              -1.3635442596626597,
              -5.982727908089783
            ],
            [
              -1.3633968509165835,
              -5.982708234086575
            ]
          ]
        ]
      },
      "properties": {
        "type": "building",
        "lod_level": 2,
        "height": 38.0,
        "building:levels": 13,
        "building:type": "residential"
      }
    },
    {
      "type": "Feature",
      "geometry": {
        "type": "Polygon",
        "coordinates": [
          [
            [
              -1.3635763581289568,
              -5.982872341413588
            ],
            [
              -1.3635773219892728,
              -5.982719304925081
            ],
            [
              -1.363699108997312,
              -5.982720073879816
            ],
            [
              -1.3636981449012493,
              -5.9828731103651345
            ],
            [
              -1.3635763581289568,
              -5.982872341413588
            ]
          ]
        ]
      },
      "properties": {
        "type": "building",
        "lod_level": 2,
        "height": 22.7,
        "building:levels": 8,
        "building:type": "residential"
      }
    },
    {
      "type": "Feature",
      "geometry": {
        "type": "Polygon",
        "coordinates": [
          [
            [
              -1.3646366568403534,
              -5.985895607271474
            ],
            [
              -1.3646453411097386,
              -5.985777945591611
            ],
            [
              -1.3647626579255894,
              -5.9857866249072815
            ],
            [
              -1.3647539734825491,
              -5.985904286559426
            ],
            [
              -1.3646366568403534,
              -5.985895607271474
            ]
          ]
        ]
      },
      "properties": {
        "type": "building",
        "lod_level": 2,
        "height": 11.3,
        "building:levels": 4,
        "building:type": "office"
      }
    },
    {
      "type": "Feature",
      "geometry": {
        "type": "Polygon",
        "coordinates": [
          [
            [
              -1.3619549329188658,
              -5.982216617945338
            ],
            [
              -1.3619594456740154,
              -5.982074052112807
            ],
            [
              -1.3621049310273476,
              -5.982078668336388
            ],
            [
              -1.3621004180101013,
              -5.982221234151035
            ],
            [
              -1.3619549329188658,
              -5.982216617945338
            ]
          ]
        ]
      },
      "properties": {
        "type": "building",
        "lod_level": 2,
        "height": 23.7,
        "building:levels": 8,
        "building:type": "office"
      }
    },
    {
      "type": "Feature",
      "geometry": {
        "type": "Polygon",
        "coordinates": [
          [
            [
              -1.3618626473841626,
              -5.982962474177932
            ],
            [
              -1.3617198480080972,
              -5.982944697766119
            ],
            [
              -1.3617392190437816,
              -5.982788719262448
            ],
            [
              -1.3618820186972376,
              -5.982806495749548
            ],
            [
              -1.3618626473841626,
              -5.982962474177932
            ]
          ]
        ]
      },
      "properties": {
        "type": "building",
        "lod_level": 2,
        "height": 43.9,
        "building:levels": 15,
        "building:type": "office"
      }
    },
    {
      "type": "Feature",
      "geometry": {
        "type": "Polygon",
        "coordinates": [
          [
            [
              -1.3633259247418692,
              -5.983938661328206
            ],
            [
              -1.3632123297024026,
              -5.983927810457262
            ],
            [
              -1.363233277832605,
              -5.983707990002065
            ],
            [
              -1.363346873185056,
              -5.983718840937792
            ],
            [
              -1.3633259247418692,
              -5.983938661328206
            ]
          ]
        ]
      },
      "properties": {
        "type": "building",
        "lod_level": 2,
        "height": 12.7,
        "building:levels": 4,
        "building:type": "residential"
      }
    },
    {
      "type": "Feature",
      "geometry": {
        "type": "Polygon",
        "coordinates": [
          [
            [
              -1.362675536076131,
              -5.982953555857137
            ],
            [
              -1.36267164676236,
              -5.98270814887509
            ],
            [
              -1.362901770381129,
              -5.982704493472657
            ],
            [
              -1.3629056589807245,
              -5.982949900479042
            ],
            [
              -1.362675536076131,
              -5.982953555857137
            ]
          ]
        ]
      },
      "properties": {
        "type": "building",
        "lod_level": 2,
        "height": 17.2,
        "building:levels": 6,
        "building:type": "residential"
      }
    },
    {
      "type": "Feature",
      "geometry": {
        "type": "Polygon",
        "coordinates": [
          [
            [
              -1.3642873085996254,
              -5.984578495808335
            ],
            [
              -1.3641813729887393,
              -5.984573458830606
            ],
            [
              -1.3641908606702626,
              -5.984373444105029
            ],
            [
              -1.3642967965485668,
              -5.98437848111009
            ],
            [
              -1.3642873085996254,
              -5.984578495808335
            ]
          ]
        ]
      },
      "properties": {
        "type": "building",
        "lod_level": 2,
        "height": 26.8,
        "building:levels": 9,
        "building:type": "residential"
      }
    },
    {
      "type": "Feature",
      "geometry": {
        "type": "Polygon",
        "coordinates": [
          [
            [
              -1.3655713514867187,
              -5.984189597317233
            ],
            [
              -1.3654197676811117,
              -5.984165848963461
            ],
            [
              -1.3654461669927018,
              -5.983996945281031
            ],
            [
              -1.3655977511142403,
              -5.984020693743735
            ],
            [
              -1.3655713514867187,
              -5.984189597317233
            ]
          ]
        ]
      },
      "properties": {
        "type": "building",
        "lod_level": 2,
        "height": 24.4,
        "building:levels": 8,
        "building:type": "residential"
      }
    },
    {
      "type": "Feature",
      "geometry": {
        "type": "Polygon",
        "coordinates": [
          [
            [
              -1.3641563177397347,
              -5.981615116060925
            ],
            [
              -1.3639726373051568,
              -5.981606640807852
            ],
            [
              -1.3639804966300795,
              -5.981435900888015
            ],
            [
              -1.3641641774605155,
              -5.981444376180374
            ],
            [
              -1.3641563177397347,
              -5.981615116060925
            ]
          ]
        ]
      },
      "properties": {
        "type": "building",
        "lod_level": 2,
        "height": 3.4,
        "building:levels": 1,
        "building:type": "residential"
      }
    },
    {
      "type": "Feature",
      "geometry": {
        "type": "Polygon",
        "coordinates": [
          [
            [
              -1.3641664630771095,
              -5.983028878334899
            ],
            [
              -1.3641811561820405,
              -5.98290803870156
            ],
            [
              -1.3642931561508114,
              -5.982921689305501
            ],
            [
              -1.3642784628772213,
              -5.983042528894042
            ],
            [
              -1.3641664630771095,
              -5.983028878334899
            ]
          ]
        ]
      },
      "properties": {
        "type": "building",
        "lod_level": 2,
        "height": 37.8,
        "building:levels": 13,
        "building:type": "residential"
      }
    },
    {
      "type": "Feature",
      "geometry": {
        "type": "Polygon",
        "coordinates": [
          [
            [
              -1.3636487586878783,
              -5.983339204977665
            ],
            [
              -1.363491400032098,
              -5.98333490492808
            ],
            [
              -1.3634955373085844,
              -5.98318313928279
            ],
            [
              -1.3636528962662264,
              -5.983187439350097
            ],
            [
              -1.3636487586878783,
              -5.983339204977665
            ]
          ]
        ]
      },
      "properties": {
        "type": "building",
        "lod_level": 2,
        "height": 14.1,
        "building:levels": 5,
        "building:type": "commercial"
      }
    },
    {
      "type": "Feature",
      "geometry": {
        "type": "Polygon",
        "coordinates": [
          [
            [
              -1.361827214465838,
              -5.984085674409354
            ],
            [
              -1.3618512149620048,
              -5.983918831491519
            ],
            [
              -1.3620319252090454,
              -5.983944888493205
            ],
            [
              -1.362007924339409,
              -5.984111731292994
            ],
            [
              -1.361827214465838,
              -5.984085674409354
            ]
          ]
        ]
      },
      "properties": {
        "type": "building",
        "lod_level": 2,
        "height": 16.7,
        "building:levels": 6,
        "building:type": "office"
      }
    },
    {
      "type": "Feature",
      "geometry": {
        "type": "Polygon",
        "coordinates": [
          [
            [
              -1.3654115147021215,
              -5.9835408797459735
            ],
            [
              -1.365420249180367,
              -5.983344602366852
            ],
            [
              -1.3655939568967794,
              -5.9833523509671585
            ],
            [
              -1.365585221988115,
              -5.983548628304974
            ],
            [
              -1.3654115147021215,
              -5.9835408797459735
            ]
          ]
        ]
      },
      "properties": {
        "type": "building",
        "lod_level": 2,
        "height": 14.1,
        "building:levels": 5,
        "building:type": "residential"
      }
    },
    {
      "type": "Feature",
      "geometry": {
        "type": "Polygon",
        "coordinates": [
          [
            [
              -1.3647020077938057,
              -5.982883025887828
            ],
            [
              -1.3647164881493308,
              -5.982766514764358
            ],
            [
              -1.3648919020178598,
              -5.982788367566228
            ],
            [
              -1.3648774214078172,
              -5.982904878620548
            ],
            [
              -1.3647020077938057,
              -5.982883025887828
            ]
          ]
        ]
      },
      "properties": {
        "type": "building",
        "lod_level": 2,
        "height": 17.6,
        "building:levels": 6,
        "building:type": "office"
      }
    },
    {
      "type": "Feature",
      "geometry": {
        "type": "Polygon",
        "coordinates": [
          [
            [
              -1.3608943553278026,
              -5.983542996161596
            ],
            [
              -1.3606739355048991,
              -5.983535951418886
            ],
            [
              -1.3606775677165748,
              -5.983422031065498
            ],
            [
              -1.360897987856783,
              -5.983429075829998
            ],
            [
              -1.3608943553278026,
              -5.983542996161596
            ]
          ]
        ]
      },
      "properties": {
        "type": "building",
        "lod_level": 2,
        "height": 11.0,
        "building:levels": 4,
        "building:type": "office"
      }
    },
    {
      "type": "Feature",
      "geometry": {
        "type": "Polygon",
        "coordinates": [
          [
            [
              -1.3638496575599202,
              -5.9813393697969115
            ],
            [
              -1.363845969907393,
              -5.981225453806547
            ],
            [
              -1.363961915026251,
              -5.981221691641593
            ],
            [
              -1.3639656025118814,
              -5.981335607643565
            ],
            [
              -1.3638496575599202,
              -5.9813393697969115
            ]
          ]
        ]
      },
      "properties": {
        "type": "building",
        "lod_level": 2,
        "height": 41.9,
        "building:levels": 14,
        "building:type": "office"
      }
    },
    {
      "type": "Feature",
      "geometry": {
        "type": "Polygon",
        "coordinates": [
          [
            [
              -1.3620172665312102,
              -5.986404399147478
            ],
            [
              -1.3620441283546587,
              -5.986209592178211
            ],
            [
              -1.3621936226406588,
              -5.986230254575282
            ],
            [
              -1.3621667604558494,
              -5.98642506143527
            ],
            [
              -1.3620172665312102,
              -5.986404399147478
            ]
          ]
        ]
      },
      "properties": {
        "type": "building",
        "lod_level": 2,
        "height": 10.7,
        "building:levels": 4,
        "building:type": "commercial"
      }
    },
    {
      "type": "Feature",
      "geometry": {
        "type": "Polygon",
        "coordinates": [
          [
            [
              -1.3629745492573624,
              -5.984223483113247
            ],
            [
              -1.3629879789854686,
              -5.983978049755453
            ],
            [
              -1.3631825432669884,
              -5.983988721423921
            ],
            [
              -1.36316911293666,
              -5.984234154710606
            ],
            [
              -1.3629745492573624,
              -5.984223483113247
            ]
          ]
        ]
      },
      "properties": {
        "type": "building",
        "lod_level": 2,
        "height": 20.7,
        "building:levels": 7,
        "building:type": "office"
      }
    },
    {
      "type": "Feature",
      "geometry": {
        "type": "Polygon",
        "coordinates": [
          [
            [
              -1.364600482919373,
              -5.984337349679258
            ],
            [
              -1.3646378573741924,
              -5.984095554363335
            ],
            [
              -1.36485163187611,
              -5.984128676044025
            ],
            [
              -1.3648142567831114,
              -5.984370471142502
            ],
            [
              -1.364600482919373,
              -5.984337349679258
            ]
          ]
        ]
      },
      "properties": {
        "type": "building",
        "lod_level": 2,
        "height": 10.2,
        "building:levels": 3,
        "building:type": "residential"
      }
    },
    {
      "type": "Feature",
      "geometry": {
        "type": "Polygon",
        "coordinates": [
          [
            [
              -1.3637845346889017,
              -5.982262451371365
            ],
            [
              -1.3636151497577451,
              -5.982253590739933
            ],
            [
              -1.3636239575258604,
              -5.982084814037294
            ],
            [
              -1.3637933428176505,
              -5.982093674709316
            ],
            [
              -1.3637845346889017,
              -5.982262451371365
            ]
          ]
        ]
      },
      "properties": {
        "type": "building",
        "lod_level": 2,
        "height": 14.1,
        "building:levels": 5,
        "building:type": "office"
      }
    },
    {
      "type": "Feature",
      "geometry": {
        "type": "Polygon",
        "coordinates": [
          [
            [
              -1.363309960919815,
              -5.981955152036263
            ],
            [
              -1.36308641158077,
              -5.981958893736314
            ],
            [
              -1.3630839527584298,
              -5.981811654720816
            ],
            [
              -1.3633075025137116,
              -5.981807913005802
            ],
            [
              -1.363309960919815,
              -5.981955152036263
            ]
          ]
        ]
      },
      "properties": {
        "type": "building",
        "lod_level": 2,
        "height": 44.8,
        "building:levels": 15,
        "building:type": "office"
      }
    },
    {
      "type": "Feature",
      "geometry": {
        "type": "Polygon",
        "coordinates": [
          [
            [
              -1.361953609004322,
              -5.983448304039957
            ],
            [
              -1.3619846977795003,
              -5.983244672134201
            ],
            [
              -1.3620976929501905,
              -5.9832619641898015
            ],
            [
              -1.362066603890759,
              -5.9834655959999585
            ],
            [
              -1.361953609004322,
              -5.983448304039957
            ]
          ]
        ]
      },
      "properties": {
        "type": "building",
        "lod_level": 2,
        "height": 8.9,
        "building:levels": 3,
        "building:type": "residential"
      }
    },
    {
      "type": "Feature",
      "geometry": {
        "type": "Polygon",
        "coordinates": [
          [
            [
              -1.363283955520889,
              -5.9854982748650345
            ],
            [
              -1.363317916676467,
              -5.98525331582135
            ],
            [
              -1.3634703553163563,
              -5.985274499962421
            ],
            [
              -1.3634363936975369,
              -5.985519458865228
            ],
            [
              -1.363283955520889,
              -5.9854982748650345
            ]
          ]
        ]
      },
      "properties": {
        "type": "building",
        "lod_level": 2,
        "height": 10.1,
        "building:levels": 3,
        "building:type": "commercial"
      }
    },
    {
      "type": "Feature",
      "geometry": {
        "type": "Polygon",
        "coordinates": [
          [
            [
              -1.3602205867192994,
              -5.9835368090211105
            ],
            [
              -1.3602288091727983,
              -5.983438443737562
            ],
            [
              -1.3603360038122314,
              -5.983447425519368
            ],
            [
              -1.3603277812262886,
              -5.983545790778919
            ],
            [
              -1.3602205867192994,
              -5.9835368090211105
            ]
          ]
        ]
      },
      "properties": {
        "type": "building",
        "lod_level": 2,
        "height": 7.8,
        "building:levels": 3,
        "building:type": "commercial"
      }
    },
    {
      "type": "Feature",
      "geometry": {
        "type": "Polygon",
        "coordinates": [
          [
            [
              -1.365872730794895,
              -5.983433236881912
            ],
            [
              -1.3656933965043903,
              -5.983440281179766
            ],
            [
              -1.3656889626052162,
              -5.983327138967858
            ],
            [
              -1.3658682971519853,
              -5.9833200946483505
            ],
            [
              -1.365872730794895,
              -5.983433236881912
            ]
          ]
        ]
      },
      "properties": {
        "type": "building",
        "lod_level": 2,
        "height": 9.3,
        "building:levels": 3,
        "building:type": "office"
      }
    },
    {
      "type": "Feature",
      "geometry": {
        "type": "Polygon",
        "coordinates": [
          [
            [
              -1.3621039455653172,
              -5.983052602571138
            ],
            [
              -1.362125419798505,
              -5.982867620775346
            ],
            [
              -1.362242246737809,
              -5.982881215233651
            ],
            [
              -1.3622207722349515,
              -5.983066196961137
            ],
            [
              -1.3621039455653172,
              -5.983052602571138
            ]
          ]
        ]
      },
      "properties": {
        "type": "building",
        "lod_level": 2,
        "height": 8.5,
        "building:levels": 3,
        "building:type": "residential"
      }
    },
    {
      "type": "Feature",
      "geometry": {
        "type": "Polygon",
        "coordinates": [
          [
            [
              -1.3623893187868632,
              -5.983893547829728
            ],
            [
              -1.3623948001637824,
              -5.983661303031706
            ],
            [
              -1.3625315817811923,
              -5.983664539069595
            ],
            [
              -1.3625261000026694,
              -5.9838967838471975
            ],
            [
              -1.3623893187868632,
              -5.983893547829728
            ]
          ]
        ]
      },
      "properties": {
        "type": "building",
        "lod_level": 2,
        "height": 16.4,
        "building:levels": 5,
        "building:type": "commercial"
      }
    },
    {
      "type": "Feature",
      "geometry": {
        "type": "Polygon",
        "coordinates": [
          [
            [
              -1.3625865771632595,
              -5.9821021163424435
            ],
            [
              -1.3623811273026358,
              -5.982075640573336
            ],
            [
              -1.3623982493109261,
              -5.981942458928301
            ],
            [
              -1.3626036995119286,
              -5.981968934793148
            ],
            [
              -1.3625865771632595,
              -5.9821021163424435
            ]
          ]
        ]
      },
      "properties": {
        "type": "building",
        "lod_level": 2,
        "height": 10.2,
        "building:levels": 3,
        "building:type": "commercial"
      }
    },
    {
      "type": "Feature",
      "geometry": {
        "type": "Polygon",
        "coordinates": [
          [
            [
              -1.3621809057865197,
              -5.984486601135692
            ],
            [
              -1.36217505907416,
              -5.98428211646403
            ],
            [
              -1.362290965254975,
              -5.984278794678257
            ],
            [
              -1.3622968116677776,
              -5.984483279368331
            ],
            [
              -1.3621809057865197,
              -5.984486601135692
            ]
          ]
        ]
      },
      "properties": {
        "type": "building",
        "lod_level": 2,
        "height": 9.8,
        "building:levels": 3,
        "building:type": "residential"
      }
    },
    {
      "type": "Feature",
      "geometry": {
        "type": "Polygon",
        "coordinates": [
          [
            [
              -1.364486154158674,
              -5.981500397625166
            ],
            [
              -1.364317841303092,
              -5.981499665237673
            ],
            [
              -1.3643184559926005,
              -5.981358031225843
            ],
            [
              -1.3644867691497198,
              -5.981358763616139
            ],
            [
              -1.364486154158674,
              -5.981500397625166
            ]
          ]
        ]
      },
      "properties": {
        "type": "building",
        "lod_level": 2,
        "height": 12.2,
        "building:levels": 4,
        "building:type": "residential"
      }
    },
    {
      "type": "Feature",
      "geometry": {
        "type": "Polygon",
        "coordinates": [
          [
            [
              -1.36218380058427,
              -5.985989992143994
            ],
            [
              -1.362190640070966,
              -5.985780776058666
            ],
            [
              -1.362306866102613,
              -5.985784584650392
            ],
            [
              -1.3623000263086609,
              -5.98599380071408
            ],
            [
              -1.36218380058427,
              -5.985989992143994
            ]
          ]
        ]
      },
      "properties": {
        "type": "building",
        "lod_level": 2,
        "height": 11.1,
        "building:levels": 4,
        "building:type": "office"
      }
    },
    {
      "type": "Feature",
      "geometry": {
        "type": "Polygon",
        "coordinates": [
          [
            [
              -1.36110532518125,
              -5.984515651181782
            ],
            [
              -1.3609582849507884,
              -5.984513047942367
            ],
            [
              -1.3609612757033225,
              -5.984343711915366
            ],
            [
              -1.3611083162486421,
              -5.984346315166773
            ],
            [
              -1.36110532518125,
              -5.984515651181782
            ]
          ]
        ]
      },
      "properties": {
        "type": "building",
        "lod_level": 2,
        "height": 8.2,
        "building:levels": 3,
        "building:type": "commercial"
      }
    },
    {
      "type": "Feature",
      "geometry": {
        "type": "Polygon",
        "coordinates": [
          [
            [
              -1.3628976059283617,
              -5.982041255237204
            ],
            [
              -1.3629004478832258,
              -5.981815946221877
            ],
            [
              -1.3629992519973366,
              -5.981817195515067
            ],
            [
              -1.3629964097609275,
              -5.98204250452276
            ],
            [
              -1.3628976059283617,
              -5.982041255237204
            ]
          ]
        ]
      },
      "properties": {
        "type": "building",
        "lod_level": 2,
        "height": 32.0,
        "building:levels": 11,
        "building:type": "office"
      }
    },
    {
      "type": "Feature",
      "geometry": {
        "type": "Polygon",
        "coordinates": [
          [
            [
              -1.3628114262055944,
              -5.983287194920457
            ],
            [
              -1.3626210443241449,
              -5.983290607925543
            ],
            [
              -1.362618314197263,
              -5.9831379679733745
            ],
            [
              -1.3628086964461827,
              -5.983134554954144
            ],
            [
              -1.3628114262055944,
              -5.983287194920457
            ]
          ]
        ]
      },
      "properties": {
        "type": "building",
        "lod_level": 2,
        "height": 9.8,
        "building:levels": 3,
        "building:type": "office"
      }
    },
    {
      "type": "Feature",
      "geometry": {
        "type": "Polygon",
        "coordinates": [
          [
            [
              -1.3629113512211324,
              -5.98410928513492
            ],
            [
              -1.362677676868848,
              -5.984108725194335
            ],
            [
              -1.362678129617201,
              -5.983919220873081
            ],
            [
              -1.3629118045296231,
              -5.983919780816541
            ],
            [
              -1.3629113512211324,
              -5.98410928513492
            ]
          ]
        ]
      },
      "properties": {
        "type": "building",
        "lod_level": 2,
        "height": 7.5,
        "building:levels": 2,
        "building:type": "residential"
      }
    },
    {
      "type": "Feature",
      "geometry": {
        "type": "Polygon",
        "coordinates": [
          [
            [
              -1.3644197514773453,
              -5.983715501918426
            ],
            [
              -1.3643193558210784,
              -5.98370263242009
            ],
            [
              -1.364339812770439,
              -5.983542668649005
            ],
            [
              -1.364440208626519,
              -5.9835555382032055
            ],
            [
              -1.3644197514773453,
              -5.983715501918426
            ]
          ]
        ]
      },
      "properties": {
        "type": "building",
        "lod_level": 2,
        "height": 33.6,
        "building:levels": 11,
        "building:type": "office"
      }
    },
    {
      "type": "Feature",
      "geometry": {
        "type": "Polygon",
        "coordinates": [
          [
            [
              -1.3640592964808624,
              -5.984436038761843
            ],
            [
              -1.363862440239443,
              -5.984427479396435
            ],
            [
              -1.3638679453679041,
              -5.984300564747301
            ],
            [
              -1.3640648019247572,
              -5.984309124142185
            ],
            [
              -1.3640592964808624,
              -5.984436038761843
            ]
          ]
        ]
      },
      "properties": {
        "type": "building",
        "lod_level": 2,
        "height": 10.0,
        "building:levels": 3,
        "building:type": "commercial"
      }
    },
    {
      "type": "Feature",
      "geometry": {
        "type": "Polygon",
        "coordinates": [
          [
            [
              -1.365384625752027,
              -5.983841030499531
            ],
            [
              -1.3654144512586122,
              -5.983624412353991
            ],
            [
              -1.3655451927804971,
              -5.9836424564645965
            ],
            [
              -1.3655153669224789,
              -5.983859074504012
            ],
            [
              -1.365384625752027,
              -5.983841030499531
            ]
          ]
        ]
      },
      "properties": {
        "type": "building",
        "lod_level": 2,
        "height": 8.9,
        "building:levels": 3,
        "building:type": "office"
      }
    },
    {
      "type": "Feature",
      "geometry": {
        "type": "Polygon",
        "coordinates": [
          [
            [
              -1.3641979752512097,
              -5.984074241364782
            ],
            [
              -1.3642148103209009,
              -5.9839333677404545
            ],
            [
              -1.364370424030823,
              -5.983952008445107
            ],
            [
              -1.364353588687805,
              -5.984092881998137
            ],
            [
              -1.3641979752512097,
              -5.984074241364782
            ]
          ]
        ]
      },
      "properties": {
        "type": "building",
        "lod_level": 2,
        "height": 36.7,
        "building:levels": 12,
        "building:type": "residential"
      }
    },
    {
      "type": "Feature",
      "geometry": {
        "type": "Polygon",
        "coordinates": [
          [
            [
              -1.3645161863204678,
              -5.985798818838105
            ],
            [
              -1.364515162061218,
              -5.9856659713588405
            ],
            [
              -1.3646119173013942,
              -5.985665223672588
            ],
            [
              -1.3646129413980643,
              -5.985798071154536
            ],
            [
              -1.3645161863204678,
              -5.985798818838105
            ]
          ]
        ]
      },
      "properties": {
        "type": "building",
        "lod_level": 2,
        "height": 16.7,
        "building:levels": 6,
        "building:type": "office"
      }
    },
    {
      "type": "Feature",
      "geometry": {
        "type": "Polygon",
        "coordinates": [
          [
            [
              -1.3628977214871927,
              -5.983476054877941
            ],
            [
              -1.3626476957526623,
              -5.983481079919724
            ],
            [
              -1.3626447486896451,
              -5.983334110878389
            ],
            [
              -1.3628947748887996,
              -5.98332908581656
            ],
            [
              -1.3628977214871927,
              -5.983476054877941
            ]
          ]
        ]
      },
      "properties": {
        "type": "building",
        "lod_level": 2,
        "height": 8.5,
        "building:levels": 3,
        "building:type": "commercial"
      }
    },
    {
      "type": "Feature",
      "geometry": {
        "type": "Polygon",
        "coordinates": [
          [
            [
              -1.361376898555512,
              -5.984201388803132
            ],
            [
              -1.3611477791317381,
              -5.98419692980651
            ],
            [
              -1.3611519217944488,
              -5.983983546164509
            ],
            [
              -1.3613810418364198,
              -5.983988005186944
            ],
            [
              -1.361376898555512,
              -5.984201388803132
            ]
          ]
        ]
      },
      "properties": {
        "type": "building",
        "lod_level": 2,
        "height": 21.3,
        "building:levels": 7,
        "building:type": "residential"
      }
    },
    {
      "type": "Feature",
      "geometry": {
        "type": "Polygon",
        "coordinates": [
          [
            [
              -1.36241547489638,
              -5.984468449501049
            ],
            [
              -1.3624475049476394,
              -5.984237923065418
            ],
            [
              -1.3626554611079822,
              -5.984266885709794
            ],
            [
              -1.3626234304620568,
              -5.984497411964141
            ],
            [
              -1.36241547489638,
              -5.984468449501049
            ]
          ]
        ]
      },
      "properties": {
        "type": "building",
        "lod_level": 2,
        "height": 9.1,
        "building:levels": 3,
        "building:type": "office"
      }
    },
    {
      "type": "Feature",
      "geometry": {
        "type": "Polygon",
        "coordinates": [
          [
            [
              -1.3629249981584826,
              -5.9829732974540315
            ],
            [
              -1.3629424743576746,
              -5.98273855251312
            ],
            [
              -1.3631703228354284,
              -5.982755555807822
            ],
            [
              -1.363152845963433,
              -5.982990300640356
            ],
            [
              -1.3629249981584826,
              -5.9829732974540315
            ]
          ]
        ]
      },
      "properties": {
        "type": "building",
        "lod_level": 2,
        "height": 21.1,
        "building:levels": 7,
        "building:type": "residential"
      }
    },
    {
      "type": "Feature",
      "geometry": {
        "type": "Polygon",
        "coordinates": [
          [
            [
              -1.3609119382708976,
              -5.98338167128407
            ],
            [
              -1.3607713458573347,
              -5.983386961220841
            ],
            [
              -1.360765864950546,
              -5.9832409523170265
            ],
            [
              -1.360906457623403,
              -5.983235662359297
            ],
            [
              -1.3609119382708976,
              -5.98338167128407
            ]
          ]
        ]
      },
      "properties": {
        "type": "building",
        "lod_level": 2,
        "height": 24.7,
        "building:levels": 8,
        "building:type": "residential"
      }
    },
    {
      "type": "Feature",
      "geometry": {
        "type": "Polygon",
        "coordinates": [
          [
            [
              -1.363874528854257,
              -5.9825056898670566
            ],
            [
              -1.3637392073208785,
              -5.982499014911828
            ],
            [
              -1.3637441801883863,
              -5.982397959316734
            ],
            [
              -1.363879501894325,
              -5.982404634290286
            ],
            [
              -1.363874528854257,
              -5.9825056898670566
            ]
          ]
        ]
      },
      "properties": {
        "type": "building",
        "lod_level": 2,
        "height": 12.0,
        "building:levels": 4,
        "building:type": "residential"
      }
    },
    {
      "type": "Feature",
      "geometry": {
        "type": "Polygon",
        "coordinates": [
          [
            [
              -1.3621995557782376,
              -5.9828531849386595
            ],
            [
              -1.3620725824201503,
              -5.98283357064735
            ],
            [
              -1.3621017953877366,
              -5.982644011578753
            ],
            [
              -1.3622287690430301,
              -5.982663625971018
            ],
            [
              -1.3621995557782376,
              -5.9828531849386595
            ]
          ]
        ]
      },
      "properties": {
        "type": "building",
        "lod_level": 2,
        "height": 32.8,
        "building:levels": 11,
        "building:type": "office"
      }
    },
    {
      "type": "Feature",
      "geometry": {
        "type": "Polygon",
        "coordinates": [
          [
            [
              -1.3647666060506558,
              -5.982938057919773
            ],
            [
              -1.3647908566927736,
              -5.9827670932042105
            ],
            [
              -1.364954639312766,
              -5.982790380301874
            ],
            [
              -1.3649303883235988,
              -5.982961344909347
            ],
            [
              -1.3647666060506558,
              -5.982938057919773
            ]
          ]
        ]
      },
      "properties": {
        "type": "building",
        "lod_level": 2,
        "height": 5.2,
        "building:levels": 2,
        "building:type": "residential"
      }
    },
    {
      "type": "Feature",
      "geometry": {
        "type": "Polygon",
        "coordinates": [
          [
            [
              -1.36355438409835,
              -5.98218849591146
            ],
            [
              -1.3633611052551018,
              -5.982194910691605
            ],
            [
              -1.3633579809979153,
              -5.9821005565147045
            ],
            [
              -1.3635512600715907,
              -5.982094141718142
            ],
            [
              -1.36355438409835,
              -5.98218849591146
            ]
          ]
        ]
      },
      "properties": {
        "type": "building",
        "lod_level": 2,
        "height": 9.0,
        "building:levels": 3,
        "building:type": "residential"
      }
    },
    {
      "type": "Feature",
      "geometry": {
        "type": "Polygon",
        "coordinates": [
          [
            [
              -1.3647147899928207,
              -5.983955359928924
            ],
            [
              -1.36471268784429,
              -5.983712810774454
            ],
            [
              -1.3648612188646805,
              -5.983711520565872
            ],
            [
              -1.3648633205575413,
              -5.983954069728853
            ],
            [
              -1.3647147899928207,
              -5.983955359928924
            ]
          ]
        ]
      },
      "properties": {
        "type": "building",
        "lod_level": 2,
        "height": 19.7,
        "building:levels": 7,
        "building:type": "office"
      }
    },
    {
      "type": "Feature",
      "geometry": {
        "type": "Polygon",
        "coordinates": [
          [
            [
              -1.3633403609838246,
              -5.984038749779016
            ],
            [
              -1.3632332123031592,
              -5.984039952812324
            ],
            [
              -1.3632317993409373,
              -5.983913817041084
            ],
            [
              -1.3633389481925415,
              -5.983912614003665
            ],
            [
              -1.3633403609838246,
              -5.984038749779016
            ]
          ]
        ]
      },
      "properties": {
        "type": "building",
        "lod_level": 2,
        "height": 11.5,
        "building:levels": 4,
        "building:type": "residential"
      }
    },
    {
      "type": "Feature",
      "geometry": {
        "type": "Polygon",
        "coordinates": [
          [
            [
              -1.3619539326163839,
              -5.981588080511924
            ],
            [
              -1.3617909695430146,
              -5.981569367680496
            ],
            [
              -1.3618005654955865,
              -5.9814856011296635
            ],
            [
              -1.3619635287393574,
              -5.981504314003662
            ],
            [
              -1.3619539326163839,
              -5.981588080511924
            ]
          ]
        ]
      },
      "properties": {
        "type": "building",
        "lod_level": 2,
        "height": 15.4,
        "building:levels": 5,
        "building:type": "office"
      }
    },
    {
      "type": "Feature",
      "geometry": {
        "type": "Polygon",
        "coordinates": [
          [
            [
              -1.3625237599151887,
              -5.98531235475199
            ],
            [
              -1.3623171743723022,
              -5.985312610853798
            ],
            [
              -1.3623169490962508,
              -5.98513065485938
            ],
            [
              -1.3625235351146192,
              -5.9851303987562945
            ],
            [
              -1.3625237599151887,
              -5.98531235475199
            ]
          ]
        ]
      },
      "properties": {
        "type": "building",
        "lod_level": 2,
        "height": 18.2,
        "building:levels": 6,
        "building:type": "residential"
      }
    },
    {
      "type": "Feature",
      "geometry": {
        "type": "Polygon",
        "coordinates": [
          [
            [
              -1.3606960954370442,
              -5.984705657242355
            ],
            [
              -1.3605792266592966,
              -5.984687524909161
            ],
            [
              -1.360603372994006,
              -5.984531525901623
            ],
            [
              -1.36072024199683,
              -5.984549658311645
            ],
            [
              -1.3606960954370442,
              -5.984705657242355
            ]
          ]
        ]
      },
      "properties": {
        "type": "building",
        "lod_level": 2,
        "height": 7.2,
        "building:levels": 2,
        "building:type": "residential"
      }
    },
    {
      "type": "Feature",
      "geometry": {
        "type": "Polygon",
        "coordinates": [
          [
            [
              -1.3607171453013913,
              -5.9839656948584
            ],
            [
              -1.3605507173261175,
              -5.983971904596933
            ],
            [
              -1.3605474157384914,
              -5.983883211757064
            ],
            [
              -1.3607138439002218,
              -5.983877002003589
            ],
            [
              -1.3607171453013913,
              -5.9839656948584
            ]
          ]
        ]
      },
      "properties": {
        "type": "building",
        "lod_level": 2,
        "height": 16.0,
        "building:levels": 5,
        "building:type": "residential"
      }
    },
    {
      "type": "Feature",
      "geometry": {
        "type": "Polygon",
        "coordinates": [
          [
            [
              -1.3641102191441563,
              -5.9862233493177515
            ],
            [
              -1.363920311893645,
              -5.986214522608513
            ],
            [
              -1.3639289471786848,
              -5.9860282916643355
            ],
            [
              -1.3641188548755983,
              -5.986037118418194
            ],
            [
              -1.3641102191441563,
              -5.9862233493177515
            ]
          ]
        ]
      },
      "properties": {
        "type": "building",
        "lod_level": 2,
        "height": 10.0,
        "building:levels": 3,
        "building:type": "office"
      }
    },
    {
      "type": "Feature",
      "geometry": {
        "type": "Polygon",
        "coordinates": [
          [
            [
              -1.3630035834628558,
              -5.9864002377954835
            ],
            [
              -1.363026765654115,
              -5.986243947710729
            ],
            [
              -1.3631379037867881,
              -5.986260471520535
            ],
            [
              -1.3631147213806585,
              -5.98641676153516
            ],
            [
              -1.3630035834628558,
              -5.9864002377954835
            ]
          ]
        ]
      },
      "properties": {
        "type": "building",
        "lod_level": 2,
        "height": 11.1,
        "building:levels": 4,
        "building:type": "residential"
      }
    },
    {
      "type": "Feature",
      "geometry": {
        "type": "Polygon",
        "coordinates": [
          [
            [
              -1.361135396039714,
              -5.984943448791266
            ],
            [
              -1.3611420182043512,
              -5.9847182699548265
            ],
            [
              -1.3613492483193879,
              -5.984724378941626
            ],
            [
              -1.3613426255649985,
              -5.984949557740732
            ],
            [
              -1.361135396039714,
              -5.984943448791266
            ]
          ]
        ]
      },
      "properties": {
        "type": "building",
        "lod_level": 2,
        "height": 22.1,
        "building:levels": 7,
        "building:type": "residential"
      }
    },
    {
      "type": "Feature",
      "geometry": {
        "type": "Polygon",
        "coordinates": [
          [
            [
              -1.3624184721868025,
              -5.9828191564592
            ],
            [
              -1.3622384794619053,
              -5.982793079770847
            ],
            [
              -1.362257353689688,
              -5.982662492155014
            ],
            [
              -1.3624373467056783,
              -5.982688568935835
            ],
            [
              -1.3624184721868025,
              -5.9828191564592
            ]
          ]
        ]
      },
      "properties": {
        "type": "building",
        "lod_level": 2,
        "height": 10.9,
        "building:levels": 4,
        "building:type": "residential"
      }
    },
    {
      "type": "Feature",
      "geometry": {
        "type": "Polygon",
        "coordinates": [
          [
            [
              -1.3630602543470474,
              -5.984890112348013
            ],
            [
              -1.363082602708299,
              -5.984713088936457
            ],
            [
              -1.3632643633601131,
              -5.98473608975576
            ],
            [
              -1.3632420145983606,
              -5.984913113056762
            ],
            [
              -1.3630602543470474,
              -5.984890112348013
            ]
          ]
        ]
      },
      "properties": {
        "type": "building",
        "lod_level": 2,
        "height": 12.5,
        "building:levels": 4,
        "building:type": "office"
      }
    },
    {
      "type": "Feature",
      "geometry": {
        "type": "Polygon",
        "coordinates": [
          [
            [
              -1.3649508414832512,
              -5.985720358529008
            ],
            [
              -1.36476595045713,
              -5.985701089684634
            ],
            [
              -1.3647835489399818,
              -5.98553182655901
            ],
            [
              -1.3649684403576776,
              -5.985551095491944
            ],
            [
              -1.3649508414832512,
              -5.985720358529008
            ]
          ]
        ]
      },
      "properties": {
        "type": "building",
        "lod_level": 2,
        "height": 10.6,
        "building:levels": 4,
        "building:type": "residential"
      }
    },
    {
      "type": "Feature",
      "geometry": {
        "type": "Polygon",
        "coordinates": [
          [
            [
              -1.360864371883228,
              -5.984920739954064
            ],
            [
              -1.360871967541513,
              -5.984795072561985
            ],
            [
              -1.3610081022214946,
              -5.984803320435394
            ],
            [
              -1.3610005063476023,
              -5.984928987799338
            ],
            [
              -1.360864371883228,
              -5.984920739954064
            ]
          ]
        ]
      },
      "properties": {
        "type": "building",
        "lod_level": 2,
        "height": 13.5,
        "building:levels": 4,
        "building:type": "office"
      }
    },
    {
      "type": "Feature",
      "geometry": {
        "type": "Polygon",
        "coordinates": [
          [
            [
              -1.3640690785308194,
              -5.985073104529486
            ],
            [
              -1.3640714563450376,
              -5.984974732604138
            ],
            [
              -1.3642709979462293,
              -5.9849795674955155
            ],
            [
              -1.36426861988386,
              -5.985077939407952
            ],
            [
              -1.3640690785308194,
              -5.985073104529486
            ]
          ]
        ]
      },
      "properties": {
        "type": "building",
        "lod_level": 2,
        "height": 10.2,
        "building:levels": 3,
        "building:type": "residential"
      }
    },
    {
      "type": "Feature",
      "geometry": {
        "type": "Polygon",
        "coordinates": [
          [
            [
              -1.3636702580257694,
              -5.98291367689375
            ],
            [
              -1.363465636510038,
              -5.982890460636803
            ],
            [
              -1.3634815648926775,
              -5.98274973849982
            ],
            [
              -1.3636861867679644,
              -5.982772954845487
            ],
            [
              -1.3636702580257694,
              -5.98291367689375
            ]
          ]
        ]
      },
      "properties": {
        "type": "building",
        "lod_level": 2,
        "height": 30.5,
        "building:levels": 10,
        "building:type": "residential"
      }
    },
    {
      "type": "Feature",
      "geometry": {
        "type": "Polygon",
        "coordinates": [
          [
            [
              -1.3655505984249312,
              -5.98515221197543
            ],
            [
              -1.3654111217230702,
              -5.985156266725426
            ],
            [
              -1.3654079907910197,
              -5.985048317117099
            ],
            [
              -1.365547467683175,
              -5.9850442623552125
            ],
            [
              -1.3655505984249312,
              -5.98515221197543
            ]
          ]
        ]
      },
      "properties": {
        "type": "building",
        "lod_level": 2,
        "height": 30.8,
        "building:levels": 10,
        "building:type": "office"
      }
    },
    {
      "type": "Feature",
      "geometry": {
        "type": "Polygon",
        "coordinates": [
          [
            [
              -1.3645445430882561,
              -5.985498773727418
            ],
            [
              -1.3645437266978413,
              -5.985375171724384
            ],
            [
              -1.3646469171678752,
              -5.985374488611743
            ],
            [
              -1.3646477333969596,
              -5.9854980906170985
            ],
            [
              -1.3645445430882561,
              -5.985498773727418
            ]
          ]
        ]
      },
      "properties": {
        "type": "building",
        "lod_level": 2,
        "height": 13.9,
        "building:levels": 5,
        "building:type": "residential"
      }
    },
    {
      "type": "Feature",
      "geometry": {
        "type": "Polygon",
        "coordinates": [
          [
            [
              -1.362064376901013,
              -5.984323985084598
            ],
            [
              -1.362086541828894,
              -5.984147601190865
            ],
            [
              -1.3622891270115964,
              -5.984173119090258
            ],
            [
              -1.362266961638875,
              -5.984349502861769
            ],
            [
              -1.362064376901013,
              -5.984323985084598
            ]
          ]
        ]
      },
      "properties": {
        "type": "building",
        "lod_level": 2,
        "height": 52.8,
        "building:levels": 18,
        "building:type": "public"
      }
    },
    {
      "type": "Feature",
      "geometry": {
        "type": "Polygon",
        "coordinates": [
          [
            [
              -1.3624493536561448,
              -5.982239131230021
            ],
            [
              -1.3622936401016132,
              -5.98224499787226
            ],
            [
              -1.3622871323878591,
              -5.9820718642337924
            ],
            [
              -1.3624428462829232,
              -5.982065997563951
            ],
            [
              -1.3624493536561448,
              -5.982239131230021
            ]
          ]
        ]
      },
      "properties": {
        "type": "building",
        "lod_level": 2,
        "height": 36.8,
        "building:levels": 12,
        "building:type": "residential"
      }
    },
    {
      "type": "Feature",
      "geometry": {
        "type": "Polygon",
        "coordinates": [
          [
            [
              -1.3620100280578116,
              -5.9821465218622265
            ],
            [
              -1.3619041089393011,
              -5.982144916590973
            ],
            [
              -1.3619055503335573,
              -5.982049580816309
            ],
            [
              -1.3620114695797687,
              -5.982051186091717
            ],
            [
              -1.3620100280578116,
              -5.9821465218622265
            ]
          ]
        ]
      },
      "properties": {
        "type": "building",
        "lod_level": 2,
        "height": 8.1,
        "building:levels": 3,
        "building:type": "office"
      }
    },
    {
      "type": "Feature",
      "geometry": {
        "type": "Polygon",
        "coordinates": [
          [
            [
              -1.363426745502838,
              -5.984241875566109
            ],
            [
              -1.3632020018540743,
              -5.984220839840472
            ],
            [
              -1.3632178889039595,
              -5.98405070068796
            ],
            [
              -1.3634426330321783,
              -5.984071736510784
            ],
            [
              -1.363426745502838,
              -5.984241875566109
            ]
          ]
        ]
      },
      "properties": {
        "type": "building",
        "lod_level": 2,
        "height": 11.8,
        "building:levels": 4,
        "building:type": "residential"
      }
    },
    {
      "type": "Feature",
      "geometry": {
        "type": "Polygon",
        "coordinates": [
          [
            [
              -1.3628295732461229,
              -5.984163980394109
            ],
            [
              -1.362838126662805,
              -5.983996614699032
            ],
            [
              -1.3630553609324887,
              -5.984007743254585
            ],
            [
              -1.3630468070571125,
              -5.984175108899065
            ],
            [
              -1.3628295732461229,
              -5.984163980394109
            ]
          ]
        ]
      },
      "properties": {
        "type": "building",
        "lod_level": 2,
        "height": 5.4,
        "building:levels": 2,
        "building:type": "commercial"
      }
    },
    {
      "type": "Feature",
      "geometry": {
        "type": "Polygon",
        "coordinates": [
          [
            [
              -1.3655672745825047,
              -5.984822776845387
            ],
            [
              -1.3654294050808016,
              -5.98481933623698
            ],
            [
              -1.3654318981633689,
              -5.984719196035449
            ],
            [
              -1.3655697678396035,
              -5.984722636653211
            ],
            [
              -1.3655672745825047,
              -5.984822776845387
            ]
          ]
        ]
      },
      "properties": {
        "type": "building",
        "lod_level": 2,
        "height": 27.8,
        "building:levels": 9,
        "building:type": "office"
      }
    },
    {
      "type": "Feature",
      "geometry": {
        "type": "Polygon",
        "coordinates": [
          [
            [
              -1.3603180076180605,
              -5.98314550227599
            ],
            [
              -1.360344271270289,
              -5.982945368917226
            ],
            [
              -1.3604984857521643,
              -5.9829656546836745
            ],
            [
              -1.360472221716276,
              -5.983165787932188
            ],
            [
              -1.3603180076180605,
              -5.98314550227599
            ]
          ]
        ]
      },
      "properties": {
        "type": "building",
        "lod_level": 2,
        "height": 6.5,
        "building:levels": 2,
        "building:type": "residential"
      }
    },
    {
      "type": "Feature",
      "geometry": {
        "type": "Polygon",
        "coordinates": [
          [
            [
              -1.3639169866236984,
              -5.983883317038511
            ],
            [
              -1.3639386012583825,
              -5.9836311547883145
            ],
            [
              -1.3641338375690388,
              -5.983647929732399
            ],
            [
              -1.364112222316202,
              -5.983900091867736
            ],
            [
              -1.3639169866236984,
              -5.983883317038511
            ]
          ]
        ]
      },
      "properties": {
        "type": "building",
        "lod_level": 2,
        "height": 20.3,
        "building:levels": 7,
        "building:type": "residential"
      }
    },
    {
      "type": "Feature",
      "geometry": {
        "type": "Polygon",
        "coordinates": [
          [
            [
              -1.3632384170792229,
              -5.985525434804242
            ],
            [
              -1.363067036296622,
              -5.98551287665262
            ],
            [
              -1.3630775975614953,
              -5.985368405478921
            ],
            [
              -1.3632489786556117,
              -5.985380963679783
            ],
            [
              -1.3632384170792229,
              -5.985525434804242
            ]
          ]
        ]
      },
      "properties": {
        "type": "building",
        "lod_level": 2,
        "height": 12.0,
        "building:levels": 4,
        "building:type": "office"
      }
    },
    {
      "type": "Feature",
      "geometry": {
        "type": "Polygon",
        "coordinates": [
          [
            [
              -1.3635804676475032,
              -5.983830897592735
            ],
            [
              -1.3634394652693107,
              -5.983810102884501
            ],
            [
              -1.3634661104045043,
              -5.983629002546514
            ],
            [
              -1.3636071130986958,
              -5.983649797356994
            ],
            [
              -1.3635804676475032,
              -5.983830897592735
            ]
          ]
        ]
      },
      "properties": {
        "type": "building",
        "lod_level": 2,
        "height": 10.8,
        "building:levels": 4,
        "building:type": "commercial"
      }
    },
    {
      "type": "Feature",
      "geometry": {
        "type": "Polygon",
        "coordinates": [
          [
            [
              -1.3643463221894578,
              -5.983765662235365
            ],
            [
              -1.364237512263188,
              -5.983763207080637
            ],
            [
              -1.3642423033851174,
              -5.983550361218509
            ],
            [
              -1.364351113604193,
              -5.983552816387412
            ],
            [
              -1.3643463221894578,
              -5.983765662235365
            ]
          ]
        ]
      },
      "properties": {
        "type": "building",
        "lod_level": 2,
        "height": 9.4,
        "building:levels": 3,
        "building:type": "residential"
      }
    },
    {
      "type": "Feature",
      "geometry": {
        "type": "Polygon",
        "coordinates": [
          [
            [
              -1.3610764994404672,
              -5.983682707560332
            ],
            [
              -1.3609777986885725,
              -5.9836710472954735
            ],
            [
              -1.3609943113095844,
              -5.983530941610467
            ],
            [
              -1.3610930122339637,
              -5.983542601919666
            ],
            [
              -1.3610764994404672,
              -5.983682707560332
            ]
          ]
        ]
      },
      "properties": {
        "type": "building",
        "lod_level": 2,
        "height": 16.9,
        "building:levels": 6,
        "building:type": "commercial"
      }
    },
    {
      "type": "Feature",
      "geometry": {
        "type": "Polygon",
        "coordinates": [
          [
            [
              -1.3623768003337327,
              -5.983557420708983
            ],
            [
              -1.362385755905593,
              -5.983303834048559
            ],
            [
              -1.3626103249163735,
              -5.98331178393855
            ],
            [
              -1.362601368625065,
              -5.98356537054426
            ],
            [
              -1.3623768003337327,
              -5.983557420708983
            ]
          ]
        ]
      },
      "properties": {
        "type": "building",
        "lod_level": 2,
        "height": 8.7,
        "building:levels": 3,
        "building:type": "commercial"
      }
    },
    {
      "type": "Feature",
      "geometry": {
        "type": "Polygon",
        "coordinates": [
          [
            [
              -1.3644620342665932,
              -5.984554490128534
            ],
            [
              -1.364354475063534,
              -5.984541584817054
            ],
            [
              -1.3643691659579906,
              -5.984418853941723
            ],
            [
              -1.3644767253256338,
              -5.984431759296196
            ],
            [
              -1.3644620342665932,
              -5.984554490128534
            ]
          ]
        ]
      },
      "properties": {
        "type": "building",
        "lod_level": 2,
        "height": 41.6,
        "building:levels": 14,
        "building:type": "office"
      }
    },
    {
      "type": "Feature",
      "geometry": {
        "type": "Polygon",
        "coordinates": [
          [
            [
              -1.3622338915693166,
              -5.983417751561714
            ],
            [
              -1.3622502354023398,
              -5.983208651306253
            ],
            [
              -1.3623885393624278,
              -5.983219487226429
            ],
            [
              -1.3623721951658363,
              -5.983428587420361
            ],
            [
              -1.3622338915693166,
              -5.983417751561714
            ]
          ]
        ]
      },
      "properties": {
        "type": "building",
        "lod_level": 2,
        "height": 30.7,
        "building:levels": 10,
        "building:type": "office"
      }
    },
    {
      "type": "Feature",
      "geometry": {
        "type": "Polygon",
        "coordinates": [
          [
            [
              -1.3617735128905692,
              -5.984133545303191
            ],
            [
              -1.3615725436457549,
              -5.984116128090366
            ],
            [
              -1.3615886870019893,
              -5.983929414579845
            ],
            [
              -1.3617896567178946,
              -5.983946831880943
            ],
            [
              -1.3617735128905692,
              -5.984133545303191
            ]
          ]
        ]
      },
      "properties": {
        "type": "building",
        "lod_level": 2,
        "height": 12.6,
        "building:levels": 4,
        "building:type": "commercial"
      }
    },
    {
      "type": "Feature",
      "geometry": {
        "type": "Polygon",
        "coordinates": [
          [
            [
              -1.362433539192221,
              -5.982482340999796
            ],
            [
              -1.3622239269473073,
              -5.982477619290626
            ],
            [
              -1.3622282458983241,
              -5.982285421451754
            ],
            [
              -1.3624378586525832,
              -5.982290143185582
            ],
            [
              -1.362433539192221,
              -5.982482340999796
            ]
          ]
        ]
      },
      "properties": {
        "type": "building",
        "lod_level": 2,
        "height": 12.9,
        "building:levels": 4,
        "building:type": "residential"
      }
    },
    {
      "type": "Feature",
      "geometry": {
        "type": "Polygon",
        "coordinates": [
          [
            [
              -1.365410610329144,
              -5.983321134078275
            ],
            [
              -1.36541683577833,
              -5.983191657549776
            ],
            [
              -1.3655482433784196,
              -5.983197990913515
            ],
            [
              -1.3655420177145148,
              -5.983327467419771
            ],
            [
              -1.365410610329144,
              -5.983321134078275
            ]
          ]
        ]
      },
      "properties": {
        "type": "building",
        "lod_level": 2,
        "height": 11.5,
        "building:levels": 4,
        "building:type": "office"
      }
    },
    {
      "type": "Feature",
      "geometry": {
        "type": "Polygon",
        "coordinates": [
          [
            [
              -1.362154723502498,
              -5.98642992603061
            ],
            [
              -1.3621797012298968,
              -5.986218962974156
            ],
            [
              -1.3622767872614945,
              -5.986230484968167
            ],
            [
              -1.3622518092786573,
              -5.986441447958647
            ],
            [
              -1.362154723502498,
              -5.98642992603061
            ]
          ]
        ]
      },
      "properties": {
        "type": "building",
        "lod_level": 2,
        "height": 32.7,
        "building:levels": 11,
        "building:type": "residential"
      }
    },
    {
      "type": "Feature",
      "geometry": {
        "type": "Polygon",
        "coordinates": [
          [
            [
              -1.3651249005842492,
              -5.983033142004533
            ],
            [
              -1.3649880660253433,
              -5.983038257956056
            ],
            [
              -1.3649815191339199,
              -5.982862740329781
            ],
            [
              -1.365118353996198,
              -5.982857624353893
            ],
            [
              -1.3651249005842492,
              -5.983033142004533
            ]
          ]
        ]
      },
      "properties": {
        "type": "building",
        "lod_level": 2,
        "height": 33.0,
        "building:levels": 11,
        "building:type": "office"
      }
    },
    {
      "type": "Feature",
      "geometry": {
        "type": "Polygon",
        "coordinates": [
          [
            [
              -1.3621706886883045,
              -5.981355339565394
            ],
            [
              -1.3620442709014096,
              -5.981337339738831
            ],
            [
              -1.3620697679280616,
              -5.981157841199931
            ],
            [
              -1.3621961859961849,
              -5.9811758411142195
            ],
            [
              -1.3621706886883045,
              -5.981355339565394
            ]
          ]
        ]
      },
      "properties": {
        "type": "building",
        "lod_level": 2,
        "height": 11.8,
        "building:levels": 4,
        "building:type": "office"
      }
    },
    {
      "type": "Feature",
      "geometry": {
        "type": "Polygon",
        "coordinates": [
          [
            [
              -1.3626790501734192,
              -5.982431785162178
            ],
            [
              -1.3625398923443754,
              -5.982410197002104
            ],
            [
              -1.3625615393117165,
              -5.982270328799401
            ],
            [
              -1.362700697381051,
              -5.982291917041474
            ],
            [
              -1.3626790501734192,
              -5.982431785162178
            ]
          ]
        ]
      },
      "properties": {
        "type": "building",
        "lod_level": 2,
        "height": 42.5,
        "building:levels": 14,
        "building:type": "office"
      }
    },
    {
      "type": "Feature",
      "geometry": {
        "type": "Polygon",
        "coordinates": [
          [
            [
              -1.3616319465248834,
              -5.985550628127667
            ],
            [
              -1.3616573752382213,
              -5.985341498098792
            ],
            [
              -1.361773651459961,
              -5.985355669900697
            ],
            [
              -1.3617482224435893,
              -5.985564799849107
            ],
            [
              -1.3616319465248834,
              -5.985550628127667
            ]
          ]
        ]
      },
      "properties": {
        "type": "building",
        "lod_level": 2,
        "height": 15.3,
        "building:levels": 5,
        "building:type": "office"
      }
    },
    {
      "type": "Feature",
      "geometry": {
        "type": "Polygon",
        "coordinates": [
          [
            [
              -1.362735807495002,
              -5.981598155282455
            ],
            [
              -1.3626085947260347,
              -5.981578920484054
            ],
            [
              -1.3626249166766928,
              -5.98147071574032
            ],
            [
              -1.3627521296158056,
              -5.981489950595232
            ],
            [
              -1.362735807495002,
              -5.981598155282455
            ]
          ]
        ]
      },
      "properties": {
        "type": "building",
        "lod_level": 2,
        "height": 23.4,
        "building:levels": 8,
        "building:type": "residential"
      }
    },
    {
      "type": "Feature",
      "geometry": {
        "type": "Polygon",
        "coordinates": [
          [
            [
              -1.3618004352384496,
              -5.984698229495083
            ],
            [
              -1.3618242124007875,
              -5.9845299523755715
            ],
            [
              -1.3619300474433529,
              -5.984544942017559
            ],
            [
              -1.361906270060244,
              -5.984713219068574
            ],
            [
              -1.3618004352384496,
              -5.984698229495083
            ]
          ]
        ]
      },
      "properties": {
        "type": "building",
        "lod_level": 2,
        "height": 18.4,
        "building:levels": 6,
        "building:type": "office"
      }
    },
    {
      "type": "Feature",
      "geometry": {
        "type": "Polygon",
        "coordinates": [
          [
            [
              -1.3623564789864322,
              -5.984365872773504
            ],
            [
              -1.3623825262723757,
              -5.984113784695245
            ],
            [
              -1.362538837653957,
              -5.984129974087858
            ],
            [
              -1.3625127898749112,
              -5.984382062055274
            ],
            [
              -1.3623564789864322,
              -5.984365872773504
            ]
          ]
        ]
      },
      "properties": {
        "type": "building",
        "lod_level": 2,
        "height": 79.8,
        "building:levels": 27,
        "building:type": "residential"
      }
    },
    {
      "type": "Feature",
      "geometry": {
        "type": "Polygon",
        "coordinates": [
          [
            [
              -1.36424008914587,
              -5.9829933514411096
            ],
            [
              -1.364275542232975,
              -5.982762593332707
            ],
            [
              -1.3643906938612933,
              -5.982780326936215
            ],
            [
              -1.3643552404460233,
              -5.9830110849334925
            ],
            [
              -1.36424008914587,
              -5.9829933514411096
            ]
          ]
        ]
      },
      "properties": {
        "type": "building",
        "lod_level": 2,
        "height": 25.5,
        "building:levels": 8,
        "building:type": "residential"
      }
    },
    {
      "type": "Feature",
      "geometry": {
        "type": "Polygon",
        "coordinates": [
          [
            [
              -1.3639805651850925,
              -5.986378235538432
            ],
            [
              -1.3638846826724929,
              -5.986373332870389
            ],
            [
              -1.3638896856466534,
              -5.9862752571572795
            ],
            [
              -1.363985568277894,
              -5.9862801598383735
            ],
            [
              -1.3639805651850925,
              -5.986378235538432
            ]
          ]
        ]
      },
      "properties": {
        "type": "building",
        "lod_level": 2,
        "height": 18.7,
        "building:levels": 6,
        "building:type": "residential"
      }
    },
    {
      "type": "Feature",
      "geometry": {
        "type": "Polygon",
        "coordinates": [
          [
            [
              -1.3622561428034783,
              -5.983046511807276
            ],
            [
              -1.3620022325531644,
              -5.983057533463221
            ],
            [
              -1.361997084109907,
              -5.9829386505069815
            ],
            [
              -1.362250994741329,
              -5.982927628815445
            ],
            [
              -1.3622561428034783,
              -5.983046511807276
            ]
          ]
        ]
      },
      "properties": {
        "type": "building",
        "lod_level": 2,
        "height": 23.0,
        "building:levels": 8,
        "building:type": "office"
      }
    },
    {
      "type": "Feature",
      "geometry": {
        "type": "Polygon",
        "coordinates": [
          [
            [
              -1.3614437287787897,
              -5.981702260765444
            ],
            [
              -1.361463194393596,
              -5.9815313225269096
            ],
            [
              -1.3616052842797584,
              -5.981547541564799
            ],
            [
              -1.361585818361714,
              -5.981718479728057
            ],
            [
              -1.3614437287787897,
              -5.981702260765444
            ]
          ]
        ]
      },
      "properties": {
        "type": "building",
        "lod_level": 2,
        "height": 26.2,
        "building:levels": 9,
        "building:type": "residential"
      }
    },
    {
      "type": "Feature",
      "geometry": {
        "type": "Polygon",
        "coordinates": [
          [
            [
              -1.3640498625806055,
              -5.982828881850064
            ],
            [
              -1.364044785607989,
              -5.982643377479623
            ],
            [
              -1.3642591535030537,
              -5.982637496946717
            ],
            [
              -1.3642642299730343,
              -5.98282300134678
            ],
            [
              -1.3640498625806055,
              -5.982828881850064
            ]
          ]
        ]
      },
      "properties": {
        "type": "building",
        "lod_level": 2,
        "height": 16.0,
        "building:levels": 5,
        "building:type": "office"
      }
    },
    {
      "type": "Feature",
      "geometry": {
        "type": "Polygon",
        "coordinates": [
          [
            [
              -1.3629623585213042,
              -5.983389450271505
            ],
            [
              -1.3629649761743072,
              -5.983128861012881
            ],
            [
              -1.3631466284982872,
              -5.983130690264232
            ],
            [
              -1.3631440102465695,
              -5.983391279509945
            ],
            [
              -1.3629623585213042,
              -5.983389450271505
            ]
          ]
        ]
      },
      "properties": {
        "type": "building",
        "lod_level": 2,
        "height": 40.0,
        "building:levels": 13,
        "building:type": "office"
      }
    },
    {
      "type": "Feature",
      "geometry": {
        "type": "Polygon",
        "coordinates": [
          [
            [
              -1.362735312444771,
              -5.9836579616827565
            ],
            [
              -1.3627557779521484,
              -5.983485866065975
            ],
            [
              -1.3629493428272288,
              -5.983508939391653
            ],
            [
              -1.3629288769044565,
              -5.983681034900617
            ],
            [
              -1.362735312444771,
              -5.9836579616827565
            ]
          ]
        ]
      },
      "properties": {
        "type": "building",
        "lod_level": 2,
        "height": 18.7,
        "building:levels": 6,
        "building:type": "residential"
      }
    },
    {
      "type": "Feature",
      "geometry": {
        "type": "Polygon",
        "coordinates": [
          [
            [
              -1.3649300391728176,
              -5.984800699117412
            ],
            [
              -1.3649466224689406,
              -5.984670257787222
            ],
            [
              -1.365065020182281,
              -5.984685345588398
            ],
            [
              -1.3650484366939672,
              -5.984815786865128
            ],
            [
              -1.3649300391728176,
              -5.984800699117412
            ]
          ]
        ]
      },
      "properties": {
        "type": "building",
        "lod_level": 2,
        "height": 8.6,
        "building:levels": 3,
        "building:type": "office"
      }
    },
    {
      "type": "Feature",
      "geometry": {
        "type": "Polygon",
        "coordinates": [
          [
            [
              -1.3630501536189976,
              -5.984455190672109
            ],
            [
              -1.3630696837287228,
              -5.984276165788276
            ],
            [
              -1.363237251087025,
              -5.984294489359624
            ],
            [
              -1.363217720602365,
              -5.98447351415437
            ],
            [
              -1.3630501536189976,
              -5.984455190672109
            ]
          ]
        ]
      },
      "properties": {
        "type": "building",
        "lod_level": 2,
        "height": 37.7,
        "building:levels": 13,
        "building:type": "residential"
      }
    },
    {
      "type": "Feature",
      "geometry": {
        "type": "Polygon",
        "coordinates": [
          [
            [
              -1.3631614404573509,
              -5.981621041763837
            ],
            [
              -1.3629967043077775,
              -5.98162496250065
            ],
            [
              -1.3629924335846078,
              -5.981445103510159
            ],
            [
              -1.3631571701087593,
              -5.981441182754199
            ],
            [
              -1.3631614404573509,
              -5.981621041763837
            ]
          ]
        ]
      },
      "properties": {
        "type": "building",
        "lod_level": 2,
        "height": 8.7,
        "building:levels": 3,
        "building:type": "office"
      }
    },
    {
      "type": "Feature",
      "geometry": {
        "type": "Polygon",
        "coordinates": [
          [
            [
              -1.3609662030730645,
              -5.983217279361404
            ],
            [
              -1.360859636788777,
              -5.9832025569298635
            ],
            [
              -1.3608783294001765,
              -5.983066932305359
            ],
            [
              -1.3609848958638027,
              -5.983081654791126
            ],
            [
              -1.3609662030730645,
              -5.983217279361404
            ]
          ]
        ]
      },
      "properties": {
        "type": "building",
        "lod_level": 2,
        "height": 21.0,
        "building:levels": 7,
        "building:type": "residential"
      }
    },
    {
      "type": "Feature",
      "geometry": {
        "type": "Polygon",
        "coordinates": [
          [
            [
              -1.3650727326667658,
              -5.983791965277061
            ],
            [
              -1.364864118955827,
              -5.983793229893056
            ],
            [
              -1.3648635641814064,
              -5.98370151683894
            ],
            [
              -1.3650721781343496,
              -5.983700252219802
            ],
            [
              -1.3650727326667658,
              -5.983791965277061
            ]
          ]
        ]
      },
      "properties": {
        "type": "building",
        "lod_level": 2,
        "height": 40.0,
        "building:levels": 13,
        "building:type": "public"
      }
    },
    {
      "type": "Feature",
      "geometry": {
        "type": "Polygon",
        "coordinates": [
          [
            [
              -1.3655818129828212,
              -5.983130635391594
            ],
            [
              -1.365602004023559,
              -5.982984204815571
            ],
            [
              -1.3657609324328757,
              -5.983006171213645
            ],
            [
              -1.3657407411033753,
              -5.983152601702328
            ],
            [
              -1.3655818129828212,
              -5.983130635391594
            ]
          ]
        ]
      },
      "properties": {
        "type": "building",
        "lod_level": 2,
        "height": 24.2,
        "building:levels": 8,
        "building:type": "office"
      }
    },
    {
      "type": "Feature",
      "geometry": {
        "type": "Polygon",
        "coordinates": [
          [
            [
              -1.3641928655283413,
              -5.983252484796801
            ],
            [
              -1.364190533968339,
              -5.983117267776847
            ],
            [
              -1.3643624648768087,
              -5.983114296324902
            ],
            [
              -1.3643647961428285,
              -5.983249513355766
            ],
            [
              -1.3641928655283413,
              -5.983252484796801
            ]
          ]
        ]
      },
      "properties": {
        "type": "building",
        "lod_level": 2,
        "height": 3.7,
        "building:levels": 1,
        "building:type": "industrial"
      }
    },
    {
      "type": "Feature",
      "geometry": {
        "type": "Polygon",
        "coordinates": [
          [
            [
              -1.3636060405225607,
              -5.982609757104076
            ],
            [
              -1.3634860003656735,
              -5.9826119008074885
            ],
            [
              -1.3634835350550027,
              -5.982473530761088
            ],
            [
              -1.3636035754219282,
              -5.982471387049631
            ],
            [
              -1.3636060405225607,
              -5.982609757104076
            ]
          ]
        ]
      },
      "properties": {
        "type": "building",
        "lod_level": 2,
        "height": 13.1,
        "building:levels": 4,
        "building:type": "residential"
      }
    },
    {
      "type": "Feature",
      "geometry": {
        "type": "Polygon",
        "coordinates": [
          [
            [
              -1.3631807394255142,
              -5.983171716261252
            ],
            [
              -1.363202495652459,
              -5.9829764347127545
            ],
            [
              -1.3633488316790854,
              -5.98299277668852
            ],
            [
              -1.363327075095163,
              -5.983188058150353
            ],
            [
              -1.3631807394255142,
              -5.983171716261252
            ]
          ]
        ]
      },
      "properties": {
        "type": "building",
        "lod_level": 2,
        "height": 9.8,
        "building:levels": 3,
        "building:type": "residential"
      }
    },
    {
      "type": "Feature",
      "geometry": {
        "type": "Polygon",
        "coordinates": [
          [
            [
              -1.364188833350082,
              -5.981788392283445
            ],
            [
              -1.3639909890376576,
              -5.981782870737198
            ],
            [
              -1.3639953401684055,
              -5.981626587319976
            ],
            [
              -1.364193184871639,
              -5.981632108889641
            ],
            [
              -1.364188833350082,
              -5.981788392283445
            ]
          ]
        ]
      },
      "properties": {
        "type": "building",
        "lod_level": 2,
        "height": 15.1,
        "building:levels": 5,
        "building:type": "office"
      }
    },
    {
      "type": "Feature",
      "geometry": {
        "type": "Polygon",
        "coordinates": [
          [
            [
              -1.3614984896124303,
              -5.983275747512823
            ],
            [
              -1.3613971154102962,
              -5.983268109463436
            ],
            [
              -1.361407739474541,
              -5.983126769355945
            ],
            [
              -1.3615091138568902,
              -5.983134407434638
            ],
            [
              -1.3614984896124303,
              -5.983275747512823
            ]
          ]
        ]
      },
      "properties": {
        "type": "building",
        "lod_level": 2,
        "height": 60.6,
        "building:levels": 20,
        "building:type": "office"
      }
    },
    {
      "type": "Feature",
      "geometry": {
        "type": "Polygon",
        "coordinates": [
          [
            [
              -1.3648028952759812,
              -5.986085042840628
            ],
            [
              -1.364805031108892,
              -5.985876585650698
            ],
            [
              -1.3649304703452099,
              -5.985877874019102
            ],
            [
              -1.36492833418157,
              -5.9860863312017685
            ],
            [
              -1.3648028952759812,
              -5.986085042840628
            ]
          ]
        ]
      },
      "properties": {
        "type": "building",
        "lod_level": 2,
        "height": 9.9,
        "building:levels": 3,
        "building:type": "office"
      }
    },
    {
      "type": "Feature",
      "geometry": {
        "type": "Polygon",
        "coordinates": [
          [
            [
              -1.3616289852087957,
              -5.983872637138275
            ],
            [
              -1.3615182761159832,
              -5.983864698859331
            ],
            [
              -1.3615277312617722,
              -5.983732522277327
            ],
            [
              -1.3616384405387347,
              -5.983740460584762
            ],
            [
              -1.3616289852087957,
              -5.983872637138275
            ]
          ]
        ]
      },
      "properties": {
        "type": "building",
        "lod_level": 2,
        "height": 4.8,
        "building:levels": 2,
        "building:type": "industrial"
      }
    },
    {
      "type": "Feature",
      "geometry": {
        "type": "Polygon",
        "coordinates": [
          [
            [
              -1.363473946899717,
              -5.982242835106414
            ],
            [
              -1.3634992295936497,
              -5.9820102391391305
            ],
            [
              -1.3636554945032895,
              -5.982027265253687
            ],
            [
              -1.3636302113550456,
              -5.982259861113446
            ],
            [
              -1.363473946899717,
              -5.982242835106414
            ]
          ]
        ]
      },
      "properties": {
        "type": "building",
        "lod_level": 2,
        "height": 18.3,
        "building:levels": 6,
        "building:type": "residential"
      }
    },
    {
      "type": "Feature",
      "geometry": {
        "type": "Polygon",
        "coordinates": [
          [
            [
              -1.3637200808522565,
              -5.984537213834941
            ],
            [
              -1.3634836899980927,
              -5.984547317719169
            ],
            [
              -1.3634770515221732,
              -5.984391642541416
            ],
            [
              -1.363713442840985,
              -5.984381538614488
            ],
            [
              -1.3637200808522565,
              -5.984537213834941
            ]
          ]
        ]
      },
      "properties": {
        "type": "building",
        "lod_level": 2,
        "height": 11.2,
        "building:levels": 4,
        "building:type": "residential"
      }
    },
    {
      "type": "Feature",
      "geometry": {
        "type": "Polygon",
        "coordinates": [
          [
            [
              -1.3615555420939467,
              -5.985297943357352
            ],
            [
              -1.3613418954592658,
              -5.985275771990999
            ],
            [
              -1.361357968529972,
              -5.985120522235384
            ],
            [
              -1.3615716155797057,
              -5.985142693695205
            ],
            [
              -1.3615555420939467,
              -5.985297943357352
            ]
          ]
        ]
      },
      "properties": {
        "type": "building",
        "lod_level": 2,
        "height": 4.1,
        "building:levels": 1,
        "building:type": "residential"
      }
    },
    {
      "type": "Feature",
      "geometry": {
        "type": "Polygon",
        "coordinates": [
          [
            [
              -1.3618569970842727,
              -5.982290467685415
            ],
            [
              -1.3616357575445197,
              -5.982273074825726
            ],
            [
              -1.3616425631752807,
              -5.982186299615415
            ],
            [
              -1.361863802956378,
              -5.982203692516085
            ],
            [
              -1.3618569970842727,
              -5.982290467685415
            ]
          ]
        ]
      },
      "properties": {
        "type": "building",
        "lod_level": 2,
        "height": 65.0,
        "building:levels": 22,
        "building:type": "public"
      }
    },
    {
      "type": "Feature",
      "geometry": {
        "type": "Polygon",
        "coordinates": [
          [
            [
              -1.363745326656726,
              -5.986162207489966
            ],
            [
              -1.3635232426591644,
              -5.986170910216841
            ],
            [
              -1.3635184149665944,
              -5.98604742718521
            ],
            [
              -1.3637404993105147,
              -5.986038724429137
            ],
            [
              -1.363745326656726,
              -5.986162207489966
            ]
          ]
        ]
      },
      "properties": {
        "type": "building",
        "lod_level": 2,
        "height": 32.8,
        "building:levels": 11,
        "building:type": "office"
      }
    },
    {
      "type": "Feature",
      "geometry": {
        "type": "Polygon",
        "coordinates": [
          [
            [
              -1.3638341171231214,
              -5.983118858699041
            ],
            [
              -1.3638460938790415,
              -5.983011802073387
            ],
            [
              -1.3639981812672575,
              -5.983028856991745
            ],
            [
              -1.3639862043079662,
              -5.9831359135678195
            ],
            [
              -1.3638341171231214,
              -5.983118858699041
            ]
          ]
        ]
      },
      "properties": {
        "type": "building",
        "lod_level": 2,
        "height": 18.4,
        "building:levels": 6,
        "building:type": "commercial"
      }
    },
    {
      "type": "Feature",
      "geometry": {
        "type": "Polygon",
        "coordinates": [
          [
            [
              -1.3631134460211385,
              -5.984754936377645
            ],
            [
              -1.3629208321152242,
              -5.984758463343017
            ],
            [
              -1.3629169007810311,
              -5.984543273937911
            ],
            [
              -1.3631095152110666,
              -5.98453974695192
            ],
            [
              -1.3631134460211385,
              -5.984754936377645
            ]
          ]
        ]
      },
      "properties": {
        "type": "building",
        "lod_level": 2,
        "height": 26.6,
        "building:levels": 9,
        "building:type": "office"
      }
    },
    {
      "type": "Feature",
      "geometry": {
        "type": "Polygon",
        "coordinates": [
          [
            [
              -1.3652155245478945,
              -5.983553972206917
            ],
            [
              -1.3652242489568451,
              -5.983334387630277
            ],
            [
              -1.3653711377947861,
              -5.983340237684737
            ],
            [
              -1.3653624129784852,
              -5.983559822226485
            ],
            [
              -1.3652155245478945,
              -5.983553972206917
            ]
          ]
        ]
      },
      "properties": {
        "type": "building",
        "lod_level": 2,
        "height": 16.6,
        "building:levels": 6,
        "building:type": "office"
      }
    },
    {
      "type": "Feature",
      "geometry": {
        "type": "Polygon",
        "coordinates": [
          [
            [
              -1.3626125283273463,
              -5.984072456166737
            ],
            [
              -1.362511830959293,
              -5.984075206633264
            ],
            [
              -1.3625062028968515,
              -5.983868675715776
            ],
            [
              -1.362606900527779,
              -5.983865925233807
            ],
            [
              -1.3626125283273463,
              -5.984072456166737
            ]
          ]
        ]
      },
      "properties": {
        "type": "building",
        "lod_level": 2,
        "height": 8.7,
        "building:levels": 3,
        "building:type": "residential"
      }
    },
    {
      "type": "Feature",
      "geometry": {
        "type": "Polygon",
        "coordinates": [
          [
            [
              -1.361920191237276,
              -5.98638557205501
            ],
            [
              -1.3619370940857316,
              -5.98627644272098
            ],
            [
              -1.3620195703262663,
              -5.986289247453588
            ],
            [
              -1.3620026673666972,
              -5.98639837674968
            ],
            [
              -1.361920191237276,
              -5.98638557205501
            ]
          ]
        ]
      },
      "properties": {
        "type": "building",
        "lod_level": 2,
        "height": 17.1,
        "building:levels": 6,
        "building:type": "residential"
      }
    },
    {
      "type": "Feature",
      "geometry": {
        "type": "Polygon",
        "coordinates": [
          [
            [
              -1.3634338152075625,
              -5.983843196216088
            ],
            [
              -1.3631881936785428,
              -5.983829441782647
            ],
            [
              -1.3631974864670602,
              -5.983663097857382
            ],
            [
              -1.3634431085112844,
              -5.983676852352952
            ],
            [
              -1.3634338152075625,
              -5.983843196216088
            ]
          ]
        ]
      },
      "properties": {
        "type": "building",
        "lod_level": 2,
        "height": 23.2,
        "building:levels": 8,
        "building:type": "office"
      }
    },
    {
      "type": "Feature",
      "geometry": {
        "type": "Polygon",
        "coordinates": [
          [
            [
              -1.3633896731478317,
              -5.98424534946872
            ],
            [
              -1.3632210208730053,
              -5.984219698533023
            ],
            [
              -1.3632415211655415,
              -5.984084591903858
            ],
            [
              -1.3634101737219442,
              -5.984110242933664
            ],
            [
              -1.3633896731478317,
              -5.98424534946872
            ]
          ]
        ]
      },
      "properties": {
        "type": "building",
        "lod_level": 2,
        "height": 13.7,
        "building:levels": 5,
        "building:type": "commercial"
      }
    },
    {
      "type": "Feature",
      "geometry": {
        "type": "Polygon",
        "coordinates": [
          [
            [
              -1.3638377259066738,
              -5.9835436787115635
            ],
            [
              -1.3636443358447146,
              -5.9835143990152995
            ],
            [
              -1.3636691227897342,
              -5.983350294800301
            ],
            [
              -1.3638625132439528,
              -5.983379574627001
            ],
            [
              -1.3638377259066738,
              -5.9835436787115635
            ]
          ]
        ]
      },
      "properties": {
        "type": "building",
        "lod_level": 2,
        "height": 35.4,
        "building:levels": 12,
        "building:type": "residential"
      }
    },
    {
      "type": "Feature",
      "geometry": {
        "type": "Polygon",
        "coordinates": [
          [
            [
              -1.3649152467000552,
              -5.984547407487742
            ],
            [
              -1.3647995988619042,
              -5.984543864794156
            ],
            [
              -1.3648049066819035,
              -5.984370182954968
            ],
            [
              -1.3649205547738905,
              -5.98437372566526
            ],
            [
              -1.3649152467000552,
              -5.984547407487742
            ]
          ]
        ]
      },
      "properties": {
        "type": "building",
        "lod_level": 2,
        "height": 9.1,
        "building:levels": 3,
        "building:type": "residential"
      }
    },
    {
      "type": "Feature",
      "geometry": {
        "type": "Polygon",
        "coordinates": [
          [
            [
              -1.3620676677498444,
              -5.981895537497317
            ],
            [
              -1.3618779458770316,
              -5.981902442599829
            ],
            [
              -1.3618714937156096,
              -5.981724751259127
            ],
            [
              -1.3620612160142893,
              -5.9817178461233205
            ],
            [
              -1.3620676677498444,
              -5.981895537497317
            ]
          ]
        ]
      },
      "properties": {
        "type": "building",
        "lod_level": 2,
        "height": 8.8,
        "building:levels": 3,
        "building:type": "residential"
      }
    },
    {
      "type": "Feature",
      "geometry": {
        "type": "Polygon",
        "coordinates": [
          [
            [
              -1.3631949942226715,
              -5.985026656647302
            ],
            [
              -1.3630731856341647,
              -5.985019168235016
            ],
            [
              -1.3630801680270728,
              -5.984905321341186
            ],
            [
              -1.3632019767903334,
              -5.98491280977662
            ],
            [
              -1.3631949942226715,
              -5.985026656647302
            ]
          ]
        ]
      },
      "properties": {
        "type": "building",
        "lod_level": 2,
        "height": 13.3,
        "building:levels": 4,
        "building:type": "commercial"
      }
    },
    {
      "type": "Feature",
      "geometry": {
        "type": "Polygon",
        "coordinates": [
          [
            [
              -1.3617879240179847,
              -5.9848101500636846
            ],
            [
              -1.3617790810068935,
              -5.984590431487974
            ],
            [
              -1.361890589558506,
              -5.984585933081552
            ],
            [
              -1.3618994322601865,
              -5.984805651684094
            ],
            [
              -1.3617879240179847,
              -5.9848101500636846
            ]
          ]
        ]
      },
      "properties": {
        "type": "building",
        "lod_level": 2,
        "height": 9.6,
        "building:levels": 3,
        "building:type": "residential"
      }
    },
    {
      "type": "Feature",
      "geometry": {
        "type": "Polygon",
        "coordinates": [
          [
            [
              -1.3627161142484316,
              -5.9847685952125245
            ],
            [
              -1.3625858394513954,
              -5.984761332131493
            ],
            [
              -1.362597395269242,
              -5.984553568219465
            ],
            [
              -1.3627276704075868,
              -5.984560831341457
            ],
            [
              -1.3627161142484316,
              -5.9847685952125245
            ]
          ]
        ]
      },
      "properties": {
        "type": "building",
        "lod_level": 2,
        "height": 41.2,
        "building:levels": 14,
        "building:type": "residential"
      }
    },
    {
      "type": "Feature",
      "geometry": {
        "type": "Polygon",
        "coordinates": [
          [
            [
              -1.3610888289434644,
              -5.983114752301718
            ],
            [
              -1.3610949304065556,
              -5.982987505757462
            ],
            [
              -1.3612968984318625,
              -5.98299721330011
            ],
            [
              -1.3612907966444383,
              -5.983124459810821
            ],
            [
              -1.3610888289434644,
              -5.983114752301718
            ]
          ]
        ]
      },
      "properties": {
        "type": "building",
        "lod_level": 2,
        "height": 15.1,
        "building:levels": 5,
        "building:type": "office"
      }
    },
    {
      "type": "Feature",
      "geometry": {
        "type": "Polygon",
        "coordinates": [
          [
            [
              -1.3633631811829172,
              -5.9849237535576645
            ],
            [
              -1.363166025498271,
              -5.984902057081977
            ],
            [
              -1.3631794585369155,
              -5.984779701781313
            ],
            [
              -1.363376614523014,
              -5.984801398329084
            ],
            [
              -1.3633631811829172,
              -5.9849237535576645
            ]
          ]
        ]
      },
      "properties": {
        "type": "building",
        "lod_level": 2,
        "height": 33.4,
        "building:levels": 11,
        "building:type": "office"
      }
    },
    {
      "type": "Feature",
      "geometry": {
        "type": "Polygon",
        "coordinates": [
          [
            [
              -1.3631288685733853,
              -5.98317468898416
            ],
            [
              -1.3629573006528024,
              -5.983148164780935
            ],
            [
              -1.3629795215771883,
              -5.983004090925135
            ],
            [
              -1.3631510898029866,
              -5.983030615232111
            ],
            [
              -1.3631288685733853,
              -5.98317468898416
            ]
          ]
        ]
      },
      "properties": {
        "type": "building",
        "lod_level": 2,
        "height": 7.7,
        "building:levels": 3,
        "building:type": "residential"
      }
    },
    {
      "type": "Feature",
      "geometry": {
        "type": "Polygon",
        "coordinates": [
          [
            [
              -1.3621077482915929,
              -5.9844511274157
            ],
            [
              -1.361971716505113,
              -5.984450452212657
            ],
            [
              -1.3619723713222862,
              -5.984318193078464
            ],
            [
              -1.3621084033363393,
              -5.984318868283932
            ],
            [
              -1.3621077482915929,
              -5.9844511274157
            ]
          ]
        ]
      },
      "properties": {
        "type": "building",
        "lod_level": 2,
        "height": 5.5,
        "building:levels": 2,
        "building:type": "residential"
      }
    },
    {
      "type": "Feature",
      "geometry": {
        "type": "Polygon",
        "coordinates": [
          [
            [
              -1.363391273694701,
              -5.985558401872735
            ],
            [
              -1.3633945898975666,
              -5.985429626761078
            ],
            [
              -1.363493107861675,
              -5.985432169830824
            ],
            [
              -1.3634897914984385,
              -5.985560944933586
            ],
            [
              -1.363391273694701,
              -5.985558401872735
            ]
          ]
        ]
      },
      "properties": {
        "type": "building",
        "lod_level": 2,
        "height": 8.6,
        "building:levels": 3,
        "building:type": "residential"
      }
    },
    {
      "type": "Feature",
      "geometry": {
        "type": "Polygon",
        "coordinates": [
          [
            [
              -1.3627650253161714,
              -5.982670981974247
            ],
            [
              -1.3627644765858218,
              -5.982563355185958
            ],
            [
              -1.3629856447703115,
              -5.982562225208385
            ],
            [
              -1.3629861931995684,
              -5.982669851999984
            ],
            [
              -1.3627650253161714,
              -5.982670981974247
            ]
          ]
        ]
      },
      "properties": {
        "type": "building",
        "lod_level": 2,
        "height": 13.8,
        "building:levels": 5,
        "building:type": "residential"
      }
    },
    {
      "type": "Feature",
      "geometry": {
        "type": "Polygon",
        "coordinates": [
          [
            [
              -1.3625560151371827,
              -5.9848145154577175
            ],
            [
              -1.3623563204970977,
              -5.9848141318139225
            ],
            [
              -1.362356532764437,
              -5.984703308459669
            ],
            [
              -1.3625562276844603,
              -5.9847036921046035
            ],
            [
              -1.3625560151371827,
              -5.9848145154577175
            ]
          ]
        ]
      },
      "properties": {
        "type": "building",
        "lod_level": 2,
        "height": 53.0,
        "building:levels": 18,
        "building:type": "residential"
      }
    },
    {
      "type": "Feature",
      "geometry": {
        "type": "Polygon",
        "coordinates": [
          [
            [
              -1.3626386987743595,
              -5.981908501288337
            ],
            [
              -1.3626516183185637,
              -5.9818020854983915
            ],
            [
              -1.3627757718779587,
              -5.981817194372598
            ],
            [
              -1.3627628521691035,
              -5.9819236101188755
            ],
            [
              -1.3626386987743595,
              -5.981908501288337
            ]
          ]
        ]
      },
      "properties": {
        "type": "building",
        "lod_level": 2,
        "height": 8.6,
        "building:levels": 3,
        "building:type": "office"
      }
    },
    {
      "type": "Feature",
      "geometry": {
        "type": "Polygon",
        "coordinates": [
          [
            [
              -1.3632467140768687,
              -5.9864683330303325
            ],
            [
              -1.363069393162329,
              -5.986469982758555
            ],
            [
              -1.3630677735393566,
              -5.986295509127262
            ],
            [
              -1.3632450948452077,
              -5.986293859391242
            ],
            [
              -1.3632467140768687,
              -5.9864683330303325
            ]
          ]
        ]
      },
      "properties": {
        "type": "building",
        "lod_level": 2,
        "height": 22.9,
        "building:levels": 8,
        "building:type": "commercial"
      }
    },
    {
      "type": "Feature",
      "geometry": {
        "type": "Polygon",
        "coordinates": [
          [
            [
              -1.3614749381556324,
              -5.985785299725634
            ],
            [
              -1.361293254128432,
              -5.985761074746372
            ],
            [
              -1.3613179212148432,
              -5.985575637532861
            ],
            [
              -1.3614996056606539,
              -5.985599862634085
            ],
            [
              -1.3614749381556324,
              -5.985785299725634
            ]
          ]
        ]
      },
      "properties": {
        "type": "building",
        "lod_level": 2,
        "height": 74.3,
        "building:levels": 25,
        "building:type": "residential"
      }
    },
    {
      "type": "Feature",
      "geometry": {
        "type": "Polygon",
        "coordinates": [
          [
            [
              -1.3610141241846008,
              -5.983515172461571
            ],
            [
              -1.361039926097519,
              -5.983314150275322
            ],
            [
              -1.3612206737182302,
              -5.98333740499904
            ],
            [
              -1.3611948713533004,
              -5.9835384270583765
            ],
            [
              -1.3610141241846008,
              -5.983515172461571
            ]
          ]
        ]
      },
      "properties": {
        "type": "building",
        "lod_level": 2,
        "height": 8.6,
        "building:levels": 3,
        "building:type": "office"
      }
    },
    {
      "type": "Feature",
      "geometry": {
        "type": "LineString",
        "coordinates": [
          [
            -1.3660192084053695,
            -5.987142336439543
          ],
          [
            -1.366363506024126,
            -5.98091472372768
          ]
        ]
      },
      "properties": {
        "type": "street",
        "street_type": "residential"
      }
    },
    {
      "type": "Feature",
      "geometry": {
        "type": "LineString",
        "coordinates": [
          [
            -1.3655008729808598,
            -5.987113615214869
          ],
          [
            -1.3658451298912213,
            -5.980885997645984
          ]
        ]
      },
      "properties": {
        "type": "street",
        "street_type": "residential"
      }
    },
    {
      "type": "Feature",
      "geometry": {
        "type": "LineString",
        "coordinates": [
          [
            -1.3649825371797446,
            -5.987084897384736
          ],
          [
            -1.3653267533816222,
            -5.980857274959419
          ]
        ]
      },
      "properties": {
        "type": "street",
        "street_type": "residential"
      }
    },
    {
      "type": "Feature",
      "geometry": {
        "type": "LineString",
        "coordinates": [
          [
            -1.364464201002066,
            -5.98705618294917
          ],
          [
            -1.3648083764953707,
            -5.9808285556679905
          ]
        ]
      },
      "properties": {
        "type": "street",
        "street_type": "residential"
      }
    },
    {
      "type": "Feature",
      "geometry": {
        "type": "LineString",
        "coordinates": [
          [
            -1.3639458644478701,
            -5.98702747190818
          ],
          [
            -1.3642899992325128,
            -5.980799839771715
          ]
        ]
      },
      "properties": {
        "type": "street",
        "street_type": "residential"
      }
    },
    {
      "type": "Feature",
      "geometry": {
        "type": "LineString",
        "coordinates": [
          [
            -1.3634275275172014,
            -5.986998764261784
          ],
          [
            -1.363771621593094,
            -5.9807711272705975
          ]
        ]
      },
      "properties": {
        "type": "street",
        "street_type": "residential"
      }
    },
    {
      "type": "Feature",
      "geometry": {
        "type": "LineString",
        "coordinates": [
          [
            -1.3629091902101031,
            -5.986970060009984
          ],
          [
            -1.3632532435771554,
            -5.980742418164655
          ]
        ]
      },
      "properties": {
        "type": "street",
        "street_type": "residential"
      }
    },
    {
      "type": "Feature",
      "geometry": {
        "type": "LineString",
        "coordinates": [
          [
            -1.3623908525266195,
            -5.9869413591527865
          ],
          [
            -1.3627348651847433,
            -5.980713712453874
          ]
        ]
      },
      "properties": {
        "type": "street",
        "street_type": "residential"
      }
    },
    {
      "type": "Feature",
      "geometry": {
        "type": "LineString",
        "coordinates": [
          [
            -1.361872514466796,
            -5.986912661690175
          ],
          [
            -1.3622164864159032,
            -5.98068501013828
          ]
        ]
      },
      "properties": {
        "type": "street",
        "street_type": "residential"
      }
    },
    {
      "type": "Feature",
      "geometry": {
        "type": "LineString",
        "coordinates": [
          [
            -1.3613541760306753,
            -5.986883967622191
          ],
          [
            -1.3616981072706762,
            -5.980656311217878
          ]
        ]
      },
      "properties": {
        "type": "street",
        "street_type": "residential"
      }
    },
    {
      "type": "Feature",
      "geometry": {
        "type": "LineString",
        "coordinates": [
          [
            -1.3608358372183025,
            -5.986855276948839
          ],
          [
            -1.3611797277491084,
            -5.9806276156926605
          ]
        ]
      },
      "properties": {
        "type": "street",
        "street_type": "residential"
      }
    },
    {
      "type": "Feature",
      "geometry": {
        "type": "LineString",
        "coordinates": [
          [
            -1.3603174980297223,
            -5.986826589670123
          ],
          [
            -1.3606613478512453,
            -5.9805989235626615
          ]
        ]
      },
      "properties": {
        "type": "street",
        "street_type": "residential"
      }
    },
    {
      "type": "Feature",
      "geometry": {
        "type": "LineString",
        "coordinates": [
          [
            -1.359799158464978,
            -5.986797905786051
          ],
          [
            -1.3601429675771273,
            -5.98057023482787
          ]
        ]
      },
      "properties": {
        "type": "street",
        "street_type": "residential"
      }
    },
    {
      "type": "Feature",
      "geometry": {
        "type": "LineString",
        "coordinates": [
          [
            -1.3660192084053695,
            -5.987142336439543
          ],
          [
            -1.359799158464978,
            -5.986797905786051
          ]
        ]
      },
      "properties": {
        "type": "street",
        "street_type": "residential"
      }
    },
    {
      "type": "Feature",
      "geometry": {
        "type": "LineString",
        "coordinates": [
          [
            -1.3660478978018449,
            -5.986623390139407
          ],
          [
            -1.3598278071554901,
            -5.986278954632447
          ]
        ]
      },
      "properties": {
        "type": "street",
        "street_type": "residential"
      }
    },
    {
      "type": "Feature",
      "geometry": {
        "type": "LineString",
        "coordinates": [
          [
            -1.3660765875749783,
            -5.986104439943709
          ],
          [
            -1.3598564562221298,
            -5.985759999583181
          ]
        ]
      },
      "properties": {
        "type": "street",
        "street_type": "residential"
      }
    },
    {
      "type": "Feature",
      "geometry": {
        "type": "LineString",
        "coordinates": [
          [
            -1.3661052777247762,
            -5.985585485852408
          ],
          [
            -1.3598851056649035,
            -5.985241040638291
          ]
        ]
      },
      "properties": {
        "type": "street",
        "street_type": "residential"
      }
    },
    {
      "type": "Feature",
      "geometry": {
        "type": "LineString",
        "coordinates": [
          [
            -1.3661339682512479,
            -5.985066527865525
          ],
          [
            -1.3599137554838192,
            -5.9847220777977235
          ]
        ]
      },
      "properties": {
        "type": "street",
        "street_type": "residential"
      }
    },
    {
      "type": "Feature",
      "geometry": {
        "type": "LineString",
        "coordinates": [
          [
            -1.366162659154399,
            -5.984547565983028
          ],
          [
            -1.3599424056788838,
            -5.984203111061476
          ]
        ]
      },
      "properties": {
        "type": "street",
        "street_type": "residential"
      }
    },
    {
      "type": "Feature",
      "geometry": {
        "type": "LineString",
        "coordinates": [
          [
            -1.3661913504342382,
            -5.984028600204919
          ],
          [
            -1.3599710562501042,
            -5.983684140429542
          ]
        ]
      },
      "properties": {
        "type": "street",
        "street_type": "residential"
      }
    },
    {
      "type": "Feature",
      "geometry": {
        "type": "LineString",
        "coordinates": [
          [
            -1.366220042090772,
            -5.98350963053118
          ],
          [
            -1.3599997071974885,
            -5.983165165901915
          ]
        ]
      },
      "properties": {
        "type": "street",
        "street_type": "residential"
      }
    },
    {
      "type": "Feature",
      "geometry": {
        "type": "LineString",
        "coordinates": [
          [
            -1.3662487341240084,
            -5.9829906569618
          ],
          [
            -1.3600283585210442,
            -5.982646187478566
          ]
        ]
      },
      "properties": {
        "type": "street",
        "street_type": "residential"
      }
    },
    {
      "type": "Feature",
      "geometry": {
        "type": "LineString",
        "coordinates": [
          [
            -1.3662774265339543,
            -5.982471679496782
          ],
          [
            -1.3600570102207785,
            -5.98212720515952
          ]
        ]
      },
      "properties": {
        "type": "street",
        "street_type": "residential"
      }
    },
    {
      "type": "Feature",
      "geometry": {
        "type": "LineString",
        "coordinates": [
          [
            -1.366306119320618,
            -5.981952698136092
          ],
          [
            -1.3600856622966992,
            -5.9816082189447055
          ]
        ]
      },
      "properties": {
        "type": "street",
        "street_type": "residential"
      }
    },
    {
      "type": "Feature",
      "geometry": {
        "type": "LineString",
        "coordinates": [
          [
            -1.3663348124840065,
            -5.981433712879722
          ],
          [
            -1.3601143147488128,
            -5.981089228834164
          ]
        ]
      },
      "properties": {
        "type": "street",
        "street_type": "residential"
      }
    },
    {
      "type": "Feature",
      "geometry": {
        "type": "LineString",
        "coordinates": [
          [
            -1.366363506024126,
            -5.98091472372768
          ],
          [
            -1.3601429675771273,
            -5.98057023482787
          ]
        ]
      },
      "properties": {
        "type": "street",
        "street_type": "residential"
      }
    },
    {
      "type": "Feature",
      "geometry": {
        "type": "LineString",
        "coordinates": [
          [
            -1.3660192084053695,
            -5.987142336439543
          ],
          [
            -1.3601429675771273,
            -5.98057023482787
          ]
        ]
      },
      "properties": {
        "type": "street",
        "street_type": "residential"
      }
    },
    {
      "type": "Feature",
      "geometry": {
        "type": "LineString",
        "coordinates": [
          [
            -1.366363506024126,
            -5.98091472372768
          ],
          [
            -1.359799158464978,
            -5.986797905786051
          ]
        ]
      },
      "properties": {
        "type": "street",
        "street_type": "residential"
      }
    }
  ]
}