{
  "type": "FeatureCollection",
  "features": [
    {
      "type": "Feature",
      "geometry": {
        "type": "Polygon",
        "coordinates": [
          [
            [
              -1.3626868308295346,
              -5.985928787121425
            ],
            [
              -1.362695944108542,
              -5.98583237515069
            ],
            [
              -1.3627842213367838,
              -5.985840739216318
            ],
            [
              -1.3627751079510815,
              -5.985937151165162
            ],
            [
              -1.3626868308295346,
              -5.985928787121425
            ]
          ]
        ]
      },
      "properties": {
        "type": "building",
        "lod_level": 0,
        "height": 0.1,
        "building:material": "concrete",
        "building:colour": "#CCCCCC",
        "building:type": "office",
        "roof:shape": "flat",
        "roof:height": 0.0
      }
    },
    {
      "type": "Feature",
      "geometry": {
        "type": "Polygon",
        "coordinates": [
          [
            [
              -1.3656110442327551,
              -5.984656609865309
            ],
            [
              -1.3654260413958936,
              -5.984639347278244
            ],
            [
              -1.365441174372019,
              -5.984476782628627
            ],
            [
              -1.365626177586002,
              -5.984494045291892
            ],
            [
              -1.3656110442327551,
              -5.984656609865309
            ]
          ]
        ]
      },
      "properties": {
        "type": "building",
        "lod_level": 0,
        "height": 0.1,
        "building:material": "concrete",
        "building:colour": "#CCCCCC",
        "building:type": "industrial",
        "roof:shape": "flat",
        "roof:height": 0.0
      }
    },
    {
      "type": "Feature",
      "geometry": {
        "type": "Polygon",
        "coordinates": [
          [
            [
              -1.3633211777581096,
              -5.985445497883028
            ],
            [
              -1.3631637514631252,
              -5.985450625067726
            ],
            [
              -1.363159763450255,
              -5.985327891292245
            ],
            [
              -1.3633171899893852,
              -5.985322764090459
            ],
            [
              -1.3633211777581096,
              -5.985445497883028
            ]
          ]
        ]
      },
      "properties": {
        "type": "building",
        "lod_level": 0,
        "height": 0.1,
        "building:material": "concrete",
        "building:colour": "#CCCCCC",
        "building:type": "commercial",
        "roof:shape": "flat",
        "roof:height": 0.0
      }
    },
    {
      "type": "Feature",
      "geometry": {
        "type": "Polygon",
        "coordinates": [
          [
            [
              -1.364592832162625,
              -5.984947635909647
            ],
            [
              -1.3643919540672402,
              -5.9849559028509045
            ],
            [
              -1.3643836480376992,
              -5.98475360516975
            ],
            [
              -1.3645845266462482,
              -5.9847453381831155
            ],
            [
              -1.364592832162625,
              -5.984947635909647
            ]
          ]
        ]
      },
      "properties": {
        "type": "building",
        "lod_level": 0,
        "height": 0.1,
        "building:material": "concrete",
        "building:colour": "#CCCCCC",
        "building:type": "residential",
        "roof:shape": "flat",
        "roof:height": 0.0
      }
    },
    {
      "type": "Feature",
      "geometry": {
        "type": "Polygon",
        "coordinates": [
          [
            [
              -1.3626988209161486,
              -5.9830430489949045
            ],
            [
              -1.3627051277972633,
              -5.9828503244519835
            ],
            [
              -1.3628695168623592,
              -5.982855716972849
            ],
            [
              -1.3628632095809226,
              -5.983048441487554
            ],
            [
              -1.3626988209161486,
              -5.9830430489949045
            ]
          ]
        ]
      },
      "properties": {
        "type": "building",
        "lod_level": 0,
        "height": 0.1,
        "building:material": "concrete",
        "building:colour": "#CCCCCC",
        "building:type": "residential",
        "roof:shape": "flat",
        "roof:height": 0.0
      }
    },
    {
      "type": "Feature",
      "geometry": {
        "type": "Polygon",
        "coordinates": [
          [
            [
              -1.365547576414476,
              -5.983721582758546
            ],
            [
              -1.3655574126903856,
              -5.9835724057662345
            ],
            [
              -1.3656765178862789,
              -5.983580277869041
            ],
            [
              -1.3656666813865974,
              -5.983729454829464
            ],
            [
              -1.365547576414476,
              -5.983721582758546
            ]
          ]
        ]
      },
      "properties": {
        "type": "building",
        "lod_level": 0,
        "height": 0.1,
        "building:material": "concrete",
        "building:colour": "#CCCCCC",
        "building:type": "office",
        "roof:shape": "flat",
        "roof:height": 0.0
      }
    },
    {
      "type": "Feature",
      "geometry": {
        "type": "Polygon",
        "coordinates": [
          [
            [
              -1.3613667385962722,
              -5.983817716960329
            ],
            [
              -1.3613710569451243,
              -5.9836694462262
            ],
            [
              -1.361461977056796,
              -5.983672100568216
            ],
            [
              -1.3614576585375655,
              -5.983820371291644
            ],
            [
              -1.3613667385962722,
              -5.983817716960329
            ]
          ]
        ]
      },
      "properties": {
        "type": "building",
        "lod_level": 0,
        "height": 0.1,
        "building:material": "concrete",
        "building:colour": "#CCCCCC",
        "building:type": "residential",
        "roof:shape": "flat",
        "roof:height": 0.0
      }
    },
    {
      "type": "Feature",
      "geometry": {
        "type": "Polygon",
        "coordinates": [
          [
            [
              -1.3613359428947096,
              -5.98364247686086
            ],
            [
              -1.3613604050496535,
              -5.983401419906965
            ],
            [
              -1.3614490592014867,
              -5.983410437762212
            ],
            [
              -1.3614245967790097,
              -5.983651494657065
            ],
            [
              -1.3613359428947096,
              -5.98364247686086
            ]
          ]
        ]
      },
      "properties": {
        "type": "building",
        "lod_level": 0,
        "height": 0.1,
        "building:material": "concrete",
        "building:colour": "#CCCCCC",
        "building:type": "industrial",
        "roof:shape": "flat",
        "roof:height": 0.0
      }
    },
    {
      "type": "Feature",
      "geometry": {
        "type": "Polygon",
        "coordinates": [
          [
            [
              -1.3641200937024551,
              -5.983974663218755
            ],
            [
              -1.3641206177336231,
              -5.983876977910919
            ],
            [
              -1.3642186748208898,
              -5.983877505241141
            ],
            [
              -1.364218150668561,
              -5.9839751905476
            ],
            [
              -1.3641200937024551,
              -5.983974663218755
            ]
          ]
        ]
      },
      "properties": {
        "type": "building",
        "lod_level": 0,
        "height": 0.1,
        "building:material": "concrete",
        "building:colour": "#CCCCCC",
        "building:type": "residential",
        "roof:shape": "flat",
        "roof:height": 0.0
      }
    },
    {
      "type": "Feature",
      "geometry": {
        "type": "Polygon",
        "coordinates": [
          [
            [
              -1.3656702484267784,
              -5.983896865553507
            ],
            [
              -1.3655859577803704,
              -5.983898756451224
            ],
            [
              -1.3655838346260156,
              -5.983803891085868
            ],
            [
              -1.3656681253735186,
              -5.983802000183278
            ],
            [
              -1.3656702484267784,
              -5.983896865553507
            ]
          ]
        ]
      },
      "properties": {
        "type": "building",
        "lod_level": 0,
        "height": 0.1,
        "building:material": "concrete",
        "building:colour": "#CCCCCC",
        "building:type": "residential",
        "roof:shape": "flat",
        "roof:height": 0.0
      }
    },
    {
      "type": "Feature",
      "geometry": {
        "type": "Polygon",
        "coordinates": [
          [
            [
              -1.3630735645101475,
              -5.984603363014041
            ],
            [
              -1.3629619135847133,
              -5.984595150459525
            ],
            [
              -1.362974002868266,
              -5.984430405303988
            ],
            [
              -1.3630856540251166,
              -5.984438617895206
            ],
            [
              -1.3630735645101475,
              -5.984603363014041
            ]
          ]
        ]
      },
      "properties": {
        "type": "building",
        "lod_level": 0,
        "height": 0.1,
        "building:material": "concrete",
        "building:colour": "#CCCCCC",
        "building:type": "residential",
        "roof:shape": "flat",
        "roof:height": 0.0
      }
    },
    {
      "type": "Feature",
      "geometry": {
        "type": "Polygon",
        "coordinates": [
          [
            [
              -1.3631388530845092,
              -5.983203828145303
            ],
            [
              -1.3631393998922359,
              -5.982962272764088
            ],
            [
              -1.3632525168166258,
              -5.982962529513903
            ],
            [
              -1.3632519696632714,
              -5.983204084893427
            ],
            [
              -1.3631388530845092,
              -5.983203828145303
            ]
          ]
        ]
      },
      "properties": {
        "type": "building",
        "lod_level": 0,
        "height": 0.1,
        "building:material": "concrete",
        "building:colour": "#CCCCCC",
        "building:type": "commercial",
        "roof:shape": "flat",
        "roof:height": 0.0
      }
    },
    {
      "type": "Feature",
      "geometry": {
        "type": "Polygon",
        "coordinates": [
          [
            [
              -1.3629677217559892,
              -5.984125489929134
            ],
            [
              -1.3629729036886342,
              -5.983894287028904
            ],
            [
              -1.363102030645092,
              -5.983897188091642
            ],
            [
              -1.3630968483349997,
              -5.984128390973641
            ],
            [
              -1.3629677217559892,
              -5.984125489929134
            ]
          ]
        ]
      },
      "properties": {
        "type": "building",
        "lod_level": 0,
        "height": 0.1,
        "building:material": "concrete",
        "building:colour": "#CCCCCC",
        "building:type": "office",
        "roof:shape": "flat",
        "roof:height": 0.0
      }
    },
    {
      "type": "Feature",
      "geometry": {
        "type": "Polygon",
        "coordinates": [
          [
            [
              -1.363273177305555,
              -5.984714116781986
            ],
            [
              -1.3633062673150165,
              -5.984494085438908
            ],
            [
              -1.3634244098589843,
              -5.9845118946945455
            ],
            [
              -1.3633913195281573,
              -5.9847319259312455
            ],
            [
              -1.363273177305555,
              -5.984714116781986
            ]
          ]
        ]
      },
      "properties": {
        "type": "building",
        "lod_level": 0,
        "height": 0.1,
        "building:material": "concrete",
        "building:colour": "#CCCCCC",
        "building:type": "office",
        "roof:shape": "flat",
        "roof:height": 0.0
      }
    },
    {
      "type": "Feature",
      "geometry": {
        "type": "Polygon",
        "coordinates": [
          [
            [
              -1.3624414405439071,
              -5.981644424755617
            ],
            [
              -1.3622477889209168,
              -5.981619641176655
            ],
            [
              -1.362263906739789,
              -5.9814934013703756
            ],
            [
              -1.3624575586669587,
              -5.981518185034266
            ],
            [
              -1.3624414405439071,
              -5.981644424755617
            ]
          ]
        ]
      },
      "properties": {
        "type": "building",
        "lod_level": 0,
        "height": 0.1,
        "building:material": "concrete",
        "building:colour": "#CCCCCC",
        "building:type": "residential",
        "roof:shape": "flat",
        "roof:height": 0.0
      }
    },
    {
      "type": "Feature",
      "geometry": {
        "type": "Polygon",
        "coordinates": [
          [
            [
              -1.3636607485609036,
              -5.982790128626908
            ],
            [
              -1.3636850556489513,
              -5.982610222797878
            ],
            [
              -1.3638486494601638,
              -5.982632378513918
            ],
            [
              -1.3638243420066425,
              -5.982812284234724
            ],
            [
              -1.3636607485609036,
              -5.982790128626908
            ]
          ]
        ]
      },
      "properties": {
        "type": "building",
        "lod_level": 0,
        "height": 0.1,
        "building:material": "concrete",
        "building:colour": "#CCCCCC",
        "building:type": "commercial",
        "roof:shape": "flat",
        "roof:height": 0.0
      }
    },
    {
      "type": "Feature",
      "geometry": {
        "type": "Polygon",
        "coordinates": [
          [
            [
              -1.3632387191103201,
              -5.986337108545747
            ],
            [
              -1.3632363427521852,
              -5.986194502302634
            ],
            [
              -1.3633449281106336,
              -5.986192688672609
            ],
            [
              -1.3633473042729465,
              -5.986335294922754
            ],
            [
              -1.3632387191103201,
              -5.986337108545747
            ]
          ]
        ]
      },
      "properties": {
        "type": "building",
        "lod_level": 0,
        "height": 0.1,
        "building:material": "concrete",
        "building:colour": "#CCCCCC",
        "building:type": "office",
        "roof:shape": "flat",
        "roof:height": 0.0
      }
    },
    {
      "type": "Feature",
      "geometry": {
        "type": "Polygon",
        "coordinates": [
          [
            [
              -1.3605982821080433,
              -5.984543929453767
            ],
            [
              -1.3606141035208075,
              -5.984431131883538
            ],
            [
              -1.3607963265695195,
              -5.984456751770214
            ],
            [
              -1.360780504901885,
              -5.984569549261974
            ],
            [
              -1.3605982821080433,
              -5.984543929453767
            ]
          ]
        ]
      },
      "properties": {
        "type": "building",
        "lod_level": 0,
        "height": 0.1,
        "building:material": "concrete",
        "building:colour": "#CCCCCC",
        "building:type": "office",
        "roof:shape": "flat",
        "roof:height": 0.0
      }
    },
    {
      "type": "Feature",
      "geometry": {
        "type": "Polygon",
        "coordinates": [
          [
            [
              -1.3621489125020096,
              -5.985981144896622
            ],
            [
              -1.3621686502256898,
              -5.9858345535242385
            ],
            [
              -1.3623427594468862,
              -5.985858051832975
            ],
            [
              -1.3623230214062256,
              -5.986004643111806
            ],
            [
              -1.3621489125020096,
              -5.985981144896622
            ]
          ]
        ]
      },
      "properties": {
        "type": "building",
        "lod_level": 0,
        "height": 0.1,
        "building:material": "concrete",
        "building:colour": "#CCCCCC",
        "building:type": "office",
        "roof:shape": "flat",
        "roof:height": 0.0
      }
    },
    {
      "type": "Feature",
      "geometry": {
        "type": "Polygon",
        "coordinates": [
          [
            [
              -1.3622603411151257,
              -5.982763231427485
            ],
            [
              -1.3622593358578874,
              -5.982529157247976
            ],
            [
              -1.3624719748127845,
              -5.982528242168962
            ],
            [
              -1.3624729794404407,
              -5.98276231635429
            ],
            [
              -1.3622603411151257,
              -5.982763231427485
            ]
          ]
        ]
      },
      "properties": {
        "type": "building",
        "lod_level": 0,
        "height": 0.1,
        "building:material": "concrete",
        "building:colour": "#CCCCCC",
        "building:type": "residential",
        "roof:shape": "flat",
        "roof:height": 0.0
      }
    },
    {
      "type": "Feature",
      "geometry": {
        "type": "Polygon",
        "coordinates": [
          [
            [
              -1.3635543709848323,
              -5.983960422979395
            ],
            [
              -1.3635670400793745,
              -5.983828123482733
            ],
            [
              -1.3637468552663319,
              -5.983845383638749
            ],
            [
              -1.3637341858736367,
              -5.9839776830734035
            ],
            [
              -1.3635543709848323,
              -5.983960422979395
            ]
          ]
        ]
      },
      "properties": {
        "type": "building",
        "lod_level": 0,
        "height": 0.1,
        "building:material": "concrete",
        "building:colour": "#CCCCCC",
        "building:type": "residential",
        "roof:shape": "flat",
        "roof:height": 0.0
      }
    },
    {
      "type": "Feature",
      "geometry": {
        "type": "Polygon",
        "coordinates": [
          [
            [
              -1.3619359833052715,
              -5.981882109478562
            ],
            [
              -1.3617572794204893,
              -5.981885521192727
            ],
            [
              -1.3617555834999284,
              -5.981796484411341
            ],
            [
              -1.3619342875859022,
              -5.981793072688939
            ],
            [
              -1.3619359833052715,
              -5.981882109478562
            ]
          ]
        ]
      },
      "properties": {
        "type": "building",
        "lod_level": 0,
        "height": 0.1,
        "building:material": "concrete",
        "building:colour": "#CCCCCC",
        "building:type": "residential",
        "roof:shape": "flat",
        "roof:height": 0.0
      }
    },
    {
      "type": "Feature",
      "geometry": {
        "type": "Polygon",
        "coordinates": [
          [
            [
              -1.365238689882161,
              -5.9846197034347055
            ],
            [
              -1.365092446409753,
              -5.984624832996603
            ],
            [
              -1.3650878838940357,
              -5.984494452401042
            ],
            [
              -1.3652341276073356,
              -5.9844893228209655
            ],
            [
              -1.365238689882161,
              -5.9846197034347055
            ]
          ]
        ]
      },
      "properties": {
        "type": "building",
        "lod_level": 0,
        "height": 0.1,
        "building:material": "concrete",
        "building:colour": "#CCCCCC",
        "building:type": "commercial",
        "roof:shape": "flat",
        "roof:height": 0.0
      }
    },
    {
      "type": "Feature",
      "geometry": {
        "type": "Polygon",
        "coordinates": [
          [
            [
              -1.362029322721797,
              -5.985403992624917
            ],
            [
              -1.3620333330072645,
              -5.985258251197924
            ],
            [
              -1.362156263946101,
              -5.985261641896911
            ],
            [
              -1.3621522534341786,
              -5.9854073833105055
            ],
            [
              -1.362029322721797,
              -5.985403992624917
            ]
          ]
        ]
      },
      "properties": {
        "type": "building",
        "lod_level": 0,
        "height": 0.1,
        "building:material": "concrete",
        "building:colour": "#CCCCCC",
        "building:type": "office",
        "roof:shape": "flat",
        "roof:height": 0.0
      }
    },
    {
      "type": "Feature",
      "geometry": {
        "type": "Polygon",
        "coordinates": [
          [
            [
              -1.3609215509641888,
              -5.984463487834121
            ],
            [
              -1.3609421521339675,
              -5.984322104772906
            ],
            [
              -1.3611267920939634,
              -5.984349072772788
            ],
            [
              -1.361106190601003,
              -5.984490455730471
            ],
            [
              -1.3609215509641888,
              -5.984463487834121
            ]
          ]
        ]
      },
      "properties": {
        "type": "building",
        "lod_level": 0,
        "height": 0.1,
        "building:material": "concrete",
        "building:colour": "#CCCCCC",
        "building:type": "office",
        "roof:shape": "flat",
        "roof:height": 0.0
      }
    },
    {
      "type": "Feature",
      "geometry": {
        "type": "Polygon",
        "coordinates": [
          [
            [
              -1.36291030497602,
              -5.98353197390885
            ],
            [
              -1.3629176788662296,
              -5.98330520910963
            ],
            [
              -1.3630576893312987,
              -5.983309772842196
            ],
            [
              -1.3630503150399067,
              -5.98353653761332
            ],
            [
              -1.36291030497602,
              -5.98353197390885
            ]
          ]
        ]
      },
      "properties": {
        "type": "building",
        "lod_level": 0,
        "height": 0.1,
        "building:material": "concrete",
        "building:colour": "#CCCCCC",
        "building:type": "residential",
        "roof:shape": "flat",
        "roof:height": 0.0
      }
    },
    {
      "type": "Feature",
      "geometry": {
        "type": "Polygon",
        "coordinates": [
          [
            [
              -1.3648883681237054,
              -5.984528765007413
            ],
            [
              -1.3649006488696096,
              -5.984421677761598
            ],
            [
              -1.3650283201840794,
              -5.984436353777345
            ],
            [
              -1.3650160392675128,
              -5.984543440980496
            ],
            [
              -1.3648883681237054,
              -5.984528765007413
            ]
          ]
        ]
      },
      "properties": {
        "type": "building",
        "lod_level": 0,
        "height": 0.1,
        "building:material": "concrete",
        "building:colour": "#CCCCCC",
        "building:type": "commercial",
        "roof:shape": "flat",
        "roof:height": 0.0
      }
    },
    {
      "type": "Feature",
      "geometry": {
        "type": "Polygon",
        "coordinates": [
          [
            [
              -1.3640905069679907,
              -5.982759450936941
            ],
            [
              -1.3640830767561887,
              -5.982582181365251
            ],
            [
              -1.3642945830431774,
              -5.982573295406933
            ],
            [
              -1.3643020127815475,
              -5.9827505650214015
            ],
            [
              -1.3640905069679907,
              -5.982759450936941
            ]
          ]
        ]
      },
      "properties": {
        "type": "building",
        "lod_level": 0,
        "height": 0.1,
        "building:material": "concrete",
        "building:colour": "#CCCCCC",
        "building:type": "residential",
        "roof:shape": "flat",
        "roof:height": 0.0
      }
    },
    {
      "type": "Feature",
      "geometry": {
        "type": "Polygon",
        "coordinates": [
          [
            [
              -1.364763603947874,
              -5.985107406930426
            ],
            [
              -1.3645663897177918,
              -5.9850917379368385
            ],
            [
              -1.3645769063789137,
              -5.9849590580783545
            ],
            [
              -1.3647741209378996,
              -5.984974727128397
            ],
            [
              -1.364763603947874,
              -5.985107406930426
            ]
          ]
        ]
      },
      "properties": {
        "type": "building",
        "lod_level": 0,
        "height": 0.1,
        "building:material": "concrete",
        "building:colour": "#CCCCCC",
        "building:type": "office",
        "roof:shape": "flat",
        "roof:height": 0.0
      }
    },
    {
      "type": "Feature",
      "geometry": {
        "type": "Polygon",
        "coordinates": [
          [
            [
              -1.3615922855216636,
              -5.983408437148906
            ],
            [
              -1.361614722201472,
              -5.983194409007435
            ],
            [
              -1.3617686868542416,
              -5.983210587564655
            ],
            [
              -1.3617462497621957,
              -5.983424615612091
            ],
            [
              -1.3615922855216636,
              -5.983408437148906
            ]
          ]
        ]
      },
      "properties": {
        "type": "building",
        "lod_level": 0,
        "height": 0.1,
        "building:material": "concrete",
        "building:colour": "#CCCCCC",
        "building:type": "commercial",
        "roof:shape": "flat",
        "roof:height": 0.0
      }
    },
    {
      "type": "Feature",
      "geometry": {
        "type": "Polygon",
        "coordinates": [
          [
            [
              -1.3655383119882998,
              -5.984176984926882
            ],
            [
              -1.3653437581302885,
              -5.984185663380183
            ],
            [
              -1.3653399407377653,
              -5.98409988516983
            ],
            [
              -1.365534494806455,
              -5.9840912066963154
            ],
            [
              -1.3655383119882998,
              -5.984176984926882
            ]
          ]
        ]
      },
      "properties": {
        "type": "building",
        "lod_level": 0,
        "height": 0.1,
        "building:material": "concrete",
        "building:colour": "#CCCCCC",
        "building:type": "residential",
        "roof:shape": "flat",
        "roof:height": 0.0
      }
    },
    {
      "type": "Feature",
      "geometry": {
        "type": "Polygon",
        "coordinates": [
          [
            [
              -1.362488021378328,
              -5.985164815913147
            ],
            [
              -1.3624949113434182,
              -5.985033467498488
            ],
            [
              -1.3626822275887007,
              -5.985043316705839
            ],
            [
              -1.3626753373132479,
              -5.985174665085375
            ],
            [
              -1.362488021378328,
              -5.985164815913147
            ]
          ]
        ]
      },
      "properties": {
        "type": "building",
        "lod_level": 0,
        "height": 0.1,
        "building:material": "concrete",
        "building:colour": "#CCCCCC",
        "building:type": "office",
        "roof:shape": "flat",
        "roof:height": 0.0
      }
    },
    {
      "type": "Feature",
      "geometry": {
        "type": "Polygon",
        "coordinates": [
          [
            [
              -1.3630917954780866,
              -5.9859314697727095
            ],
            [
              -1.362876876223539,
              -5.9859366680234185
            ],
            [
              -1.3628728939681058,
              -5.9857716450495895
            ],
            [
              -1.3630878136710218,
              -5.985766446775574
            ],
            [
              -1.3630917954780866,
              -5.9859314697727095
            ]
          ]
        ]
      },
      "properties": {
        "type": "building",
        "lod_level": 0,
        "height": 0.1,
        "building:material": "concrete",
        "building:colour": "#CCCCCC",
        "building:type": "residential",
        "roof:shape": "flat",
        "roof:height": 0.0
      }
    },
    {
      "type": "Feature",
      "geometry": {
        "type": "Polygon",
        "coordinates": [
          [
            [
              -1.3644710070459938,
              -5.982834730636571
            ],
            [
              -1.3644664162013862,
              -5.982704762609223
            ],
            [
              -1.3645892692540855,
              -5.982700412902055
            ],
            [
              -1.3645938598969736,
              -5.982830380944773
            ],
            [
              -1.3644710070459938,
              -5.982834730636571
            ]
          ]
        ]
      },
      "properties": {
        "type": "building",
        "lod_level": 0,
        "height": 0.1,
        "building:material": "concrete",
        "building:colour": "#CCCCCC",
        "building:type": "residential",
        "roof:shape": "flat",
        "roof:height": 0.0
      }
    },
    {
      "type": "Feature",
      "geometry": {
        "type": "Polygon",
        "coordinates": [
          [
            [
              -1.3659549322376967,
              -5.984103611605867
            ],
            [
              -1.3657789711057404,
              -5.984096023808318
            ],
            [
              -1.3657825270289838,
              -5.984013364937536
            ],
            [
              -1.3659584883445794,
              -5.984020952752154
            ],
            [
              -1.3659549322376967,
              -5.984103611605867
            ]
          ]
        ]
      },
      "properties": {
        "type": "building",
        "lod_level": 0,
        "height": 0.1,
        "building:material": "concrete",
        "building:colour": "#CCCCCC",
        "building:type": "residential",
        "roof:shape": "flat",
        "roof:height": 0.0
      }
    },
    {
      "type": "Feature",
      "geometry": {
        "type": "Polygon",
        "coordinates": [
          [
            [
              -1.3651518942808933,
              -5.985443419643223
            ],
            [
              -1.3649428111062665,
              -5.985447290885243
            ],
            [
              -1.3649403284528516,
              -5.985312897996914
            ],
            [
              -1.3651494119827965,
              -5.985309026740776
            ],
            [
              -1.3651518942808933,
              -5.985443419643223
            ]
          ]
        ]
      },
      "properties": {
        "type": "building",
        "lod_level": 0,
        "height": 0.1,
        "building:material": "concrete",
        "building:colour": "#CCCCCC",
        "building:type": "residential",
        "roof:shape": "flat",
        "roof:height": 0.0
      }
    },
    {
      "type": "Feature",
      "geometry": {
        "type": "Polygon",
        "coordinates": [
          [
            [
              -1.3653340986753915,
              -5.985286978231105
            ],
            [
              -1.3651721664921346,
              -5.985278875849884
            ],
            [
              -1.3651767590312225,
              -5.985186872171902
            ],
            [
              -1.3653386914024639,
              -5.985194974573356
            ],
            [
              -1.3653340986753915,
              -5.985286978231105
            ]
          ]
        ]
      },
      "properties": {
        "type": "building",
        "lod_level": 0,
        "height": 0.1,
        "building:material": "concrete",
        "building:colour": "#CCCCCC",
        "building:type": "residential",
        "roof:shape": "flat",
        "roof:height": 0.0
      }
    },
    {
      "type": "Feature",
      "geometry": {
        "type": "Polygon",
        "coordinates": [
          [
            [
              -1.3623865423058619,
              -5.9836780846695
            ],
            [
              -1.3621962751550212,
              -5.983677064103119
            ],
            [
              -1.3621968373340865,
              -5.983571984033924
            ],
            [
              -1.36238710473782,
              -5.983573004603223
            ],
            [
              -1.3623865423058619,
              -5.9836780846695
            ]
          ]
        ]
      },
      "properties": {
        "type": "building",
        "lod_level": 0,
        "height": 0.1,
        "building:material": "concrete",
        "building:colour": "#CCCCCC",
        "building:type": "residential",
        "roof:shape": "flat",
        "roof:height": 0.0
      }
    },
    {
      "type": "Feature",
      "geometry": {
        "type": "Polygon",
        "coordinates": [
          [
            [
              -1.3626692154111038,
              -5.9842951371633095
            ],
            [
              -1.3624185978629761,
              -5.984275421408954
            ],
            [
              -1.3624366559142491,
              -5.98404532917232
            ],
            [
              -1.3626872741872982,
              -5.984065045049848
            ],
            [
              -1.3626692154111038,
              -5.9842951371633095
            ]
          ]
        ]
      },
      "properties": {
        "type": "building",
        "lod_level": 0,
        "height": 0.1,
        "building:material": "concrete",
        "building:colour": "#CCCCCC",
        "building:type": "commercial",
        "roof:shape": "flat",
        "roof:height": 0.0
      }
    },
    {
      "type": "Feature",
      "geometry": {
        "type": "Polygon",
        "coordinates": [
          [
            [
              -1.361554408397044,
              -5.984936482157488
            ],
            [
              -1.3613179248784675,
              -5.984922022649962
            ],
            [
              -1.3613256838713632,
              -5.984794822739804
            ],
            [
              -1.361562167769021,
              -5.984809282297282
            ],
            [
              -1.361554408397044,
              -5.984936482157488
            ]
          ]
        ]
      },
      "properties": {
        "type": "building",
        "lod_level": 0,
        "height": 0.1,
        "building:material": "concrete",
        "building:colour": "#CCCCCC",
        "building:type": "office",
        "roof:shape": "flat",
        "roof:height": 0.0
      }
    },
    {
      "type": "Feature",
      "geometry": {
        "type": "Polygon",
        "coordinates": [
          [
            [
              -1.3637554642992913,
              -5.984642501657445
            ],
            [
              -1.3635409339824167,
              -5.984651489662759
            ],
            [
              -1.363532400465201,
              -5.984447333285528
            ],
            [
              -1.3637469313351183,
              -5.984438345230403
            ],
            [
              -1.3637554642992913,
              -5.984642501657445
            ]
          ]
        ]
      },
      "properties": {
        "type": "building",
        "lod_level": 0,
        "height": 0.1,
        "building:material": "concrete",
        "building:colour": "#CCCCCC",
        "building:type": "office",
        "roof:shape": "flat",
        "roof:height": 0.0
      }
    },
    {
      "type": "Feature",
      "geometry": {
        "type": "Polygon",
        "coordinates": [
          [
            [
              -1.3613538700769896,
              -5.982391771163696
            ],
            [
              -1.3612633473127085,
              -5.982390154024898
            ],
            [
              -1.361266483752762,
              -5.982214163692051
            ],
            [
              -1.3613570067184952,
              -5.982215780838578
            ],
            [
              -1.3613538700769896,
              -5.982391771163696
            ]
          ]
        ]
      },
      "properties": {
        "type": "building",
        "lod_level": 0,
        "height": 0.1,
        "building:material": "concrete",
        "building:colour": "#CCCCCC",
        "building:type": "industrial",
        "roof:shape": "flat",
        "roof:height": 0.0
      }
    },
    {
      "type": "Feature",
      "geometry": {
        "type": "Polygon",
        "coordinates": [
          [
            [
              -1.3639093919268785,
              -5.982193308042092
            ],
            [
              -1.3639083843579853,
              -5.982099226229606
            ],
            [
              -1.3640048852277062,
              -5.982098190362604
            ],
            [
              -1.364005892681771,
              -5.982192272177726
            ],
            [
              -1.3639093919268785,
              -5.982193308042092
            ]
          ]
        ]
      },
      "properties": {
        "type": "building",
        "lod_level": 0,
        "height": 0.1,
        "building:material": "concrete",
        "building:colour": "#CCCCCC",
        "building:type": "residential",
        "roof:shape": "flat",
        "roof:height": 0.0
      }
    },
    {
      "type": "Feature",
      "geometry": {
        "type": "Polygon",
        "coordinates": [
          [
            [
              -1.3649269936172392,
              -5.98247996846993
            ],
            [
              -1.3649271460393715,
              -5.982369745866392
            ],
            [
              -1.3650157433647931,
              -5.982369868723973
            ],
            [
              -1.3650155908191353,
              -5.9824800913271305
            ],
            [
              -1.3649269936172392,
              -5.98247996846993
            ]
          ]
        ]
      },
      "properties": {
        "type": "building",
        "lod_level": 0,
        "height": 0.1,
        "building:material": "concrete",
        "building:colour": "#CCCCCC",
        "building:type": "industrial",
        "roof:shape": "flat",
        "roof:height": 0.0
      }
    },
    {
      "type": "Feature",
      "geometry": {
        "type": "Polygon",
        "coordinates": [
          [
            [
              -1.3636715775378114,
              -5.981785787737775
            ],
            [
              -1.3636736653810573,
              -5.981655651074264
            ],
            [
              -1.3637788086986142,
              -5.981657342010201
            ],
            [
              -1.3637767206823335,
              -5.981787478667721
            ],
            [
              -1.3636715775378114,
              -5.981785787737775
            ]
          ]
        ]
      },
      "properties": {
        "type": "building",
        "lod_level": 0,
        "height": 0.1,
        "building:material": "concrete",
        "building:colour": "#CCCCCC",
        "building:type": "commercial",
        "roof:shape": "flat",
        "roof:height": 0.0
      }
    },
    {
      "type": "Feature",
      "geometry": {
        "type": "Polygon",
        "coordinates": [
          [
            [
              -1.3604485195500076,
              -5.983716362176562
            ],
            [
              -1.3604516137178986,
              -5.983574467963458
            ],
            [
              -1.3606021296591848,
              -5.983577758046414
            ],
            [
              -1.3605990352212665,
              -5.983719652246863
            ],
            [
              -1.3604485195500076,
              -5.983716362176562
            ]
          ]
        ]
      },
      "properties": {
        "type": "building",
        "lod_level": 0,
        "height": 0.1,
        "building:material": "concrete",
        "building:colour": "#CCCCCC",
        "building:type": "residential",
        "roof:shape": "flat",
        "roof:height": 0.0
      }
    },
    {
      "type": "Feature",
      "geometry": {
        "type": "Polygon",
        "coordinates": [
          [
            [
              -1.3654083172461038,
              -5.982793039433412
            ],
            [
              -1.3654140407093323,
              -5.982708421142767
            ],
            [
              -1.3654970919516032,
              -5.982714051962461
            ],
            [
              -1.3654913683998877,
              -5.982798670240169
            ],
            [
              -1.3654083172461038,
              -5.982793039433412
            ]
          ]
        ]
      },
      "properties": {
        "type": "building",
        "lod_level": 0,
        "height": 0.1,
        "building:material": "concrete",
        "building:colour": "#CCCCCC",
        "building:type": "commercial",
        "roof:shape": "flat",
        "roof:height": 0.0
      }
    },
    {
      "type": "Feature",
      "geometry": {
        "type": "Polygon",
        "coordinates": [
          [
            [
              -1.3629860619011314,
              -5.981357001370184
            ],
            [
              -1.3627902793598408,
              -5.981360890192918
            ],
            [
              -1.3627879739499813,
              -5.981244556379468
            ],
            [
              -1.3629837567792593,
              -5.981240667544463
            ],
            [
              -1.3629860619011314,
              -5.981357001370184
            ]
          ]
        ]
      },
      "properties": {
        "type": "building",
        "lod_level": 0,
        "height": 0.1,
        "building:material": "concrete",
        "building:colour": "#CCCCCC",
        "building:type": "residential",
        "roof:shape": "flat",
        "roof:height": 0.0
      }
    },
    {
      "type": "Feature",
      "geometry": {
        "type": "Polygon",
        "coordinates": [
          [
            [
              -1.3633971168843246,
              -5.983784797289334
            ],
            [
              -1.3633933777646399,
              -5.983682223253177
            ],
            [
              -1.3635511119164316,
              -5.983676459947088
            ],
            [
              -1.36355485083173,
              -5.983779033999296
            ],
            [
              -1.3633971168843246,
              -5.983784797289334
            ]
          ]
        ]
      },
      "properties": {
        "type": "building",
        "lod_level": 0,
        "height": 0.1,
        "building:material": "concrete",
        "building:colour": "#CCCCCC",
        "building:type": "residential",
        "roof:shape": "flat",
        "roof:height": 0.0
      }
    },
    {
      "type": "Feature",
      "geometry": {
        "type": "Polygon",
        "coordinates": [
          [
            [
              -1.3634787022995545,
              -5.98472517472438
            ],
            [
              -1.3632661065967526,
              -5.984716630233235
            ],
            [
              -1.3632744744145715,
              -5.984507932079186
            ],
            [
              -1.3634870706776998,
              -5.984516476618776
            ],
            [
              -1.3634787022995545,
              -5.98472517472438
            ]
          ]
        ]
      },
      "properties": {
        "type": "building",
        "lod_level": 0,
        "height": 0.1,
        "building:material": "concrete",
        "building:colour": "#CCCCCC",
        "building:type": "office",
        "roof:shape": "flat",
        "roof:height": 0.0
      }
    },
    {
      "type": "Feature",
      "geometry": {
        "type": "Polygon",
        "coordinates": [
          [
            [
              -1.3631936839752559,
              -5.983718215785761
            ],
            [
              -1.3631862255062033,
              -5.983436259868825
            ],
            [
              -1.3633324336523645,
              -5.98343238326337
            ],
            [
              -1.363339891600326,
              -5.983714339209988
            ],
            [
              -1.3631936839752559,
              -5.983718215785761
            ]
          ]
        ]
      },
      "properties": {
        "type": "building",
        "lod_level": 0,
        "height": 0.1,
        "building:material": "concrete",
        "building:colour": "#CCCCCC",
        "building:type": "residential",
        "roof:shape": "flat",
        "roof:height": 0.0
      }
    },
    {
      "type": "Feature",
      "geometry": {
        "type": "Polygon",
        "coordinates": [
          [
            [
              -1.3610664437976046,
              -5.984629297833395
            ],
            [
              -1.361074708132154,
              -5.98453487120343
            ],
            [
              -1.3612284266835102,
              -5.984548356766209
            ],
            [
              -1.361220162166763,
              -5.9846427833615925
            ],
            [
              -1.3610664437976046,
              -5.984629297833395
            ]
          ]
        ]
      },
      "properties": {
        "type": "building",
        "lod_level": 0,
        "height": 0.1,
        "building:material": "concrete",
        "building:colour": "#CCCCCC",
        "building:type": "office",
        "roof:shape": "flat",
        "roof:height": 0.0
      }
    },
    {
      "type": "Feature",
      "geometry": {
        "type": "Polygon",
        "coordinates": [
          [
            [
              -1.363611858552875,
              -5.983005186335612
            ],
            [
              -1.3633853195672885,
              -5.9829740672246805
            ],
            [
              -1.363412242587714,
              -5.982777608861901
            ],
            [
              -1.3636387821256641,
              -5.982808728138841
            ],
            [
              -1.363611858552875,
              -5.983005186335612
            ]
          ]
        ]
      },
      "properties": {
        "type": "building",
        "lod_level": 0,
        "height": 0.1,
        "building:material": "concrete",
        "building:colour": "#CCCCCC",
        "building:type": "office",
        "roof:shape": "flat",
        "roof:height": 0.0
      }
    },
    {
      "type": "Feature",
      "geometry": {
        "type": "Polygon",
        "coordinates": [
          [
            [
              -1.36055955447284,
              -5.984999745015038
            ],
            [
              -1.3605685479404113,
              -5.984911993149058
            ],
            [
              -1.360719756285311,
              -5.984927526836978
            ],
            [
              -1.3607107626516677,
              -5.985015278665941
            ],
            [
              -1.36055955447284,
              -5.984999745015038
            ]
          ]
        ]
      },
      "properties": {
        "type": "building",
        "lod_level": 0,
        "height": 0.1,
        "building:material": "concrete",
        "building:colour": "#CCCCCC",
        "building:type": "commercial",
        "roof:shape": "flat",
        "roof:height": 0.0
      }
    },
    {
      "type": "Feature",
      "geometry": {
        "type": "Polygon",
        "coordinates": [
          [
            [
              -1.362559159008191,
              -5.982788875277031
            ],
            [
              -1.3623779606779824,
              -5.982760531605275
            ],
            [
              -1.3623951259350575,
              -5.982650535184373
            ],
            [
              -1.3625763245112263,
              -5.982678878940778
            ],
            [
              -1.362559159008191,
              -5.982788875277031
            ]
          ]
        ]
      },
      "properties": {
        "type": "building",
        "lod_level": 0,
        "height": 0.1,
        "building:material": "concrete",
        "building:colour": "#CCCCCC",
        "building:type": "residential",
        "roof:shape": "flat",
        "roof:height": 0.0
      }
    },
    {
      "type": "Feature",
      "geometry": {
        "type": "Polygon",
        "coordinates": [
          [
            [
              -1.3634847706028947,
              -5.981943228776027
            ],
            [
              -1.3634913344532682,
              -5.98175537326344
            ],
            [
              -1.3635870681118367,
              -5.981758726283466
            ],
            [
              -1.3635805040342557,
              -5.9819465817789705
            ],
            [
              -1.3634847706028947,
              -5.981943228776027
            ]
          ]
        ]
      },
      "properties": {
        "type": "building",
        "lod_level": 0,
        "height": 0.1,
        "building:material": "concrete",
        "building:colour": "#CCCCCC",
        "building:type": "residential",
        "roof:shape": "flat",
        "roof:height": 0.0
      }
    },
    {
      "type": "Feature",
      "geometry": {
        "type": "Polygon",
        "coordinates": [
          [
            [
              -1.362772777868384,
              -5.983500274327531
            ],
            [
              -1.3627715940979248,
              -5.983346821289138
            ],
            [
              -1.362985259366384,
              -5.983345169416992
            ],
            [
              -1.3629864427221268,
              -5.983498622462247
            ],
            [
              -1.362772777868384,
              -5.983500274327531
            ]
          ]
        ]
      },
      "properties": {
        "type": "building",
        "lod_level": 0,
        "height": 0.1,
        "building:material": "concrete",
        "building:colour": "#CCCCCC",
        "building:type": "industrial",
        "roof:shape": "flat",
        "roof:height": 0.0
      }
    },
    {
      "type": "Feature",
      "geometry": {
        "type": "Polygon",
        "coordinates": [
          [
            [
              -1.362180913099927,
              -5.981576974284522
            ],
            [
              -1.3621987969303713,
              -5.981459491830909
            ],
            [
              -1.3623585297826002,
              -5.9814838651272595
            ],
            [
              -1.3623406457202982,
              -5.9816013475031
            ],
            [
              -1.362180913099927,
              -5.981576974284522
            ]
          ]
        ]
      },
      "properties": {
        "type": "building",
        "lod_level": 0,
        "height": 0.1,
        "building:material": "concrete",
        "building:colour": "#CCCCCC",
        "building:type": "industrial",
        "roof:shape": "flat",
        "roof:height": 0.0
      }
    },
    {
      "type": "Feature",
      "geometry": {
        "type": "Polygon",
        "coordinates": [
          [
            [
              -1.3631197938406308,
              -5.9832994795802925
            ],
            [
              -1.3631217726080032,
              -5.9831547845521715
            ],
            [
              -1.3632342591963524,
              -5.983156326576915
            ],
            [
              -1.3632322802231356,
              -5.983301021599002
            ],
            [
              -1.3631197938406308,
              -5.9832994795802925
            ]
          ]
        ]
      },
      "properties": {
        "type": "building",
        "lod_level": 0,
        "height": 0.1,
        "building:material": "concrete",
        "building:colour": "#CCCCCC",
        "building:type": "residential",
        "roof:shape": "flat",
        "roof:height": 0.0
      }
    },
    {
      "type": "Feature",
      "geometry": {
        "type": "Polygon",
        "coordinates": [
          [
            [
              -1.3635288981307094,
              -5.983243321898564
            ],
            [
              -1.363557248873499,
              -5.983059413925665
            ],
            [
              -1.3637944190973792,
              -5.983096062365578
            ],
            [
              -1.363766067816003,
              -5.983279970155496
            ],
            [
              -1.3635288981307094,
              -5.983243321898564
            ]
          ]
        ]
      },
      "properties": {
        "type": "building",
        "lod_level": 0,
        "height": 0.1,
        "building:material": "concrete",
        "building:colour": "#CCCCCC",
        "building:type": "commercial",
        "roof:shape": "flat",
        "roof:height": 0.0
      }
    },
    {
      "type": "Feature",
      "geometry": {
        "type": "Polygon",
        "coordinates": [
          [
            [
              -1.3628385291281215,
              -5.9824067049151095
            ],
            [
              -1.3628554697605617,
              -5.982289674152484
            ],
            [
              -1.3629783936621997,
              -5.982307510113099
            ],
            [
              -1.3629614528516103,
              -5.982424540819054
            ],
            [
              -1.3628385291281215,
              -5.9824067049151095
            ]
          ]
        ]
      },
      "properties": {
        "type": "building",
        "lod_level": 0,
        "height": 0.1,
        "building:material": "concrete",
        "building:colour": "#CCCCCC",
        "building:type": "residential",
        "roof:shape": "flat",
        "roof:height": 0.0
      }
    },
    {
      "type": "Feature",
      "geometry": {
        "type": "Polygon",
        "coordinates": [
          [
            [
              -1.3643257072332768,
              -5.9845349031198944
            ],
            [
              -1.3642152165221462,
              -5.984527630087841
            ],
            [
              -1.364227028105933,
              -5.984347764971845
            ],
            [
              -1.3643375190673614,
              -5.984355038039426
            ],
            [
              -1.3643257072332768,
              -5.9845349031198944
            ]
          ]
        ]
      },
      "properties": {
        "type": "building",
        "lod_level": 0,
        "height": 0.1,
        "building:material": "concrete",
        "building:colour": "#CCCCCC",
        "building:type": "residential",
        "roof:shape": "flat",
        "roof:height": 0.0
      }
    },
    {
      "type": "Feature",
      "geometry": {
        "type": "Polygon",
        "coordinates": [
          [
            [
              -1.3651682811528698,
              -5.985701718252663
            ],
            [
              -1.3650387556721726,
              -5.985696036654036
            ],
            [
              -1.3650469887232655,
              -5.985507899045988
            ],
            [
              -1.3651765145116186,
              -5.985513580673625
            ],
            [
              -1.3651682811528698,
              -5.985701718252663
            ]
          ]
        ]
      },
      "properties": {
        "type": "building",
        "lod_level": 0,
        "height": 0.1,
        "building:material": "concrete",
        "building:colour": "#CCCCCC",
        "building:type": "office",
        "roof:shape": "flat",
        "roof:height": 0.0
      }
    },
    {
      "type": "Feature",
      "geometry": {
        "type": "Polygon",
        "coordinates": [
          [
            [
              -1.3638777109544615,
              -5.985416718653074
            ],
            [
              -1.3638791368065382,
              -5.985261938033819
            ],
            [
              -1.3640684580241693,
              -5.985263686419061
            ],
            [
              -1.3640670318014572,
              -5.985418467030994
            ],
            [
              -1.3638777109544615,
              -5.985416718653074
            ]
          ]
        ]
      },
      "properties": {
        "type": "building",
        "lod_level": 0,
        "height": 0.1,
        "building:material": "concrete",
        "building:colour": "#CCCCCC",
        "building:type": "commercial",
        "roof:shape": "flat",
        "roof:height": 0.0
      }
    },
    {
      "type": "Feature",
      "geometry": {
        "type": "Polygon",
        "coordinates": [
          [
            [
              -1.3640748714052677,
              -5.983402059788933
            ],
            [
              -1.364086688014875,
              -5.983208108071804
            ],
            [
              -1.3642688428713203,
              -5.9832192324349585
            ],
            [
              -1.3642570258164863,
              -5.983413184093509
            ],
            [
              -1.3640748714052677,
              -5.983402059788933
            ]
          ]
        ]
      },
      "properties": {
        "type": "building",
        "lod_level": 0,
        "height": 0.1,
        "building:material": "concrete",
        "building:colour": "#CCCCCC",
        "building:type": "residential",
        "roof:shape": "flat",
        "roof:height": 0.0
      }
    },
    {
      "type": "Feature",
      "geometry": {
        "type": "Polygon",
        "coordinates": [
          [
            [
              -1.3608085654827977,
              -5.985117181646074
            ],
            [
              -1.360820027604299,
              -5.984932372021319
            ],
            [
              -1.3609047436031783,
              -5.984937638662517
            ],
            [
              -1.360893281284399,
              -5.98512244826084
            ],
            [
              -1.3608085654827977,
              -5.985117181646074
            ]
          ]
        ]
      },
      "properties": {
        "type": "building",
        "lod_level": 0,
        "height": 0.1,
        "building:material": "concrete",
        "building:colour": "#CCCCCC",
        "building:type": "office",
        "roof:shape": "flat",
        "roof:height": 0.0
      }
    },
    {
      "type": "Feature",
      "geometry": {
        "type": "Polygon",
        "coordinates": [
          [
            [
              -1.362487336355225,
              -5.984814910217322
            ],
            [
              -1.3622836667774194,
              -5.984820927796146
            ],
            [
              -1.3622806945144708,
              -5.984720096296346
            ],
            [
              -1.3624843643518192,
              -5.984714078701045
            ],
            [
              -1.362487336355225,
              -5.984814910217322
            ]
          ]
        ]
      },
      "properties": {
        "type": "building",
        "lod_level": 0,
        "height": 0.1,
        "building:material": "concrete",
        "building:colour": "#CCCCCC",
        "building:type": "office",
        "roof:shape": "flat",
        "roof:height": 0.0
      }
    },
    {
      "type": "Feature",
      "geometry": {
        "type": "Polygon",
        "coordinates": [
          [
            [
              -1.3614010512086887,
              -5.984746832017369
            ],
            [
              -1.361409131011342,
              -5.984639230963589
            ],
            [
              -1.3615039661296104,
              -5.984646369041829
            ],
            [
              -1.3614958861986084,
              -5.984753970074749
            ],
            [
              -1.3614010512086887,
              -5.984746832017369
            ]
          ]
        ]
      },
      "properties": {
        "type": "building",
        "lod_level": 0,
        "height": 0.1,
        "building:material": "concrete",
        "building:colour": "#CCCCCC",
        "building:type": "industrial",
        "roof:shape": "flat",
        "roof:height": 0.0
      }
    },
    {
      "type": "Feature",
      "geometry": {
        "type": "Polygon",
        "coordinates": [
          [
            [
              -1.3636210417288248,
              -5.981166142487499
            ],
            [
              -1.363485702337884,
              -5.981158803756027
            ],
            [
              -1.363494584661136,
              -5.980994606443016
            ],
            [
              -1.3636299243323489,
              -5.981001945207226
            ],
            [
              -1.3636210417288248,
              -5.981166142487499
            ]
          ]
        ]
      },
      "properties": {
        "type": "building",
        "lod_level": 0,
        "height": 0.1,
        "building:material": "concrete",
        "building:colour": "#CCCCCC",
        "building:type": "office",
        "roof:shape": "flat",
        "roof:height": 0.0
      }
    },
    {
      "type": "Feature",
      "geometry": {
        "type": "Polygon",
        "coordinates": [
          [
            [
              -1.3625924071639746,
              -5.984722102454325
            ],
            [
              -1.3625917990024137,
              -5.9845936011504275
            ],
            [
              -1.3627157117470239,
              -5.984593013417535
            ],
            [
              -1.3627163197071752,
              -5.984721514723451
            ],
            [
              -1.3625924071639746,
              -5.984722102454325
            ]
          ]
        ]
      },
      "properties": {
        "type": "building",
        "lod_level": 0,
        "height": 0.1,
        "building:material": "concrete",
        "building:colour": "#CCCCCC",
        "building:type": "residential",
        "roof:shape": "flat",
        "roof:height": 0.0
      }
    },
    {
      "type": "Feature",
      "geometry": {
        "type": "Polygon",
        "coordinates": [
          [
            [
              -1.3634533917962415,
              -5.981849629758549
            ],
            [
              -1.3632822189288563,
              -5.981842845303175
            ],
            [
              -1.3632876663869304,
              -5.981705075492152
            ],
            [
              -1.3634588395521485,
              -5.981711859972899
            ],
            [
              -1.3634533917962415,
              -5.981849629758549
            ]
          ]
        ]
      },
      "properties": {
        "type": "building",
        "lod_level": 0,
        "height": 0.1,
        "building:material": "concrete",
        "building:colour": "#CCCCCC",
        "building:type": "office",
        "roof:shape": "flat",
        "roof:height": 0.0
      }
    },
    {
      "type": "Feature",
      "geometry": {
        "type": "Polygon",
        "coordinates": [
          [
            [
              -1.362402945465207,
              -5.984340763076929
            ],
            [
              -1.3624314858618363,
              -5.984077157296544
            ],
            [
              -1.3626708979982427,
              -5.9841031399229365
            ],
            [
              -1.3626423568126917,
              -5.984366745517363
            ],
            [
              -1.362402945465207,
              -5.984340763076929
            ]
          ]
        ]
      },
      "properties": {
        "type": "building",
        "lod_level": 0,
        "height": 0.1,
        "building:material": "concrete",
        "building:colour": "#CCCCCC",
        "building:type": "commercial",
        "roof:shape": "flat",
        "roof:height": 0.0
      }
    },
    {
      "type": "Feature",
      "geometry": {
        "type": "Polygon",
        "coordinates": [
          [
            [
              -1.3622329896614207,
              -5.98429985907405
            ],
            [
              -1.3622459390567718,
              -5.984191123967711
            ],
            [
              -1.3623697457025115,
              -5.9842059031933745
            ],
            [
              -1.3623567961392955,
              -5.984314638256091
            ],
            [
              -1.3622329896614207,
              -5.98429985907405
            ]
          ]
        ]
      },
      "properties": {
        "type": "building",
        "lod_level": 0,
        "height": 0.1,
        "building:material": "concrete",
        "building:colour": "#CCCCCC",
        "building:type": "residential",
        "roof:shape": "flat",
        "roof:height": 0.0
      }
    },
    {
      "type": "Feature",
      "geometry": {
        "type": "Polygon",
        "coordinates": [
          [
            [
              -1.3637350484000381,
              -5.985253687555889
            ],
            [
              -1.3637335009729143,
              -5.985082277116296
            ],
            [
              -1.363888094205306,
              -5.985080878365964
            ],
            [
              -1.3638896412972636,
              -5.985252288812065
            ],
            [
              -1.3637350484000381,
              -5.985253687555889
            ]
          ]
        ]
      },
      "properties": {
        "type": "building",
        "lod_level": 0,
        "height": 0.1,
        "building:material": "concrete",
        "building:colour": "#CCCCCC",
        "building:type": "industrial",
        "roof:shape": "flat",
        "roof:height": 0.0
      }
    },
    {
      "type": "Feature",
      "geometry": {
        "type": "Polygon",
        "coordinates": [
          [
            [
              -1.3646031327345696,
              -5.985519227032035
            ],
            [
              -1.3646228359765682,
              -5.985298607318052
            ],
            [
              -1.3647552030038888,
              -5.98531045684177
            ],
            [
              -1.3647354993954488,
              -5.985531076484762
            ],
            [
              -1.3646031327345696,
              -5.985519227032035
            ]
          ]
        ]
      },
      "properties": {
        "type": "building",
        "lod_level": 0,
        "height": 0.1,
        "building:material": "concrete",
        "building:colour": "#CCCCCC",
        "building:type": "residential",
        "roof:shape": "flat",
        "roof:height": 0.0
      }
    },
    {
      "type": "Feature",
      "geometry": {
        "type": "Polygon",
        "coordinates": [
          [
            [
              -1.3629366651431503,
              -5.984074576795829
            ],
            [
              -1.362685197700788,
              -5.984072110590216
            ],
            [
              -1.3626873636522558,
              -5.983850701039515
            ],
            [
              -1.3629388317988302,
              -5.983853167259952
            ],
            [
              -1.3629366651431503,
              -5.984074576795829
            ]
          ]
        ]
      },
      "properties": {
        "type": "building",
        "lod_level": 0,
        "height": 0.1,
        "building:material": "concrete",
        "building:colour": "#CCCCCC",
        "building:type": "commercial",
        "roof:shape": "flat",
        "roof:height": 0.0
      }
    },
    {
      "type": "Feature",
      "geometry": {
        "type": "Polygon",
        "coordinates": [
          [
            [
              -1.3642194965207022,
              -5.986491191410348
            ],
            [
              -1.3642321523697225,
              -5.986342970265454
            ],
            [
              -1.364320879390655,
              -5.986350564109008
            ],
            [
              -1.3643082233764938,
              -5.986498785223348
            ],
            [
              -1.3642194965207022,
              -5.986491191410348
            ]
          ]
        ]
      },
      "properties": {
        "type": "building",
        "lod_level": 0,
        "height": 0.1,
        "building:material": "concrete",
        "building:colour": "#CCCCCC",
        "building:type": "residential",
        "roof:shape": "flat",
        "roof:height": 0.0
      }
    },
    {
      "type": "Feature",
      "geometry": {
        "type": "Polygon",
        "coordinates": [
          [
            [
              -1.3603426985669433,
              -5.983194393778476
            ],
            [
              -1.3603464452309992,
              -5.983053075102141
            ],
            [
              -1.3605302103075438,
              -5.9830579588614805
            ],
            [
              -1.360526463315226,
              -5.983199277519061
            ],
            [
              -1.3603426985669433,
              -5.983194393778476
            ]
          ]
        ]
      },
      "properties": {
        "type": "building",
        "lod_level": 0,
        "height": 0.1,
        "building:material": "concrete",
        "building:colour": "#CCCCCC",
        "building:type": "residential",
        "roof:shape": "flat",
        "roof:height": 0.0
      }
    },
    {
      "type": "Feature",
      "geometry": {
        "type": "Polygon",
        "coordinates": [
          [
            [
              -1.362118051294599,
              -5.981906455469078
            ],
            [
              -1.361934595325595,
              -5.981882958482459
            ],
            [
              -1.3619473789468277,
              -5.981782911057699
            ],
            [
              -1.3621308351442012,
              -5.981806408108131
            ],
            [
              -1.362118051294599,
              -5.981906455469078
            ]
          ]
        ]
      },
      "properties": {
        "type": "building",
        "lod_level": 0,
        "height": 0.1,
        "building:material": "concrete",
        "building:colour": "#CCCCCC",
        "building:type": "commercial",
        "roof:shape": "flat",
        "roof:height": 0.0
      }
    },
    {
      "type": "Feature",
      "geometry": {
        "type": "Polygon",
        "coordinates": [
          [
            [
              -1.3633064545383138,
              -5.986356867787836
            ],
            [
              -1.3631139447011689,
              -5.9863530041692945
            ],
            [
              -1.3631173206186848,
              -5.986184388504082
            ],
            [
              -1.363309830866266,
              -5.98618825214032
            ],
            [
              -1.3633064545383138,
              -5.986356867787836
            ]
          ]
        ]
      },
      "properties": {
        "type": "building",
        "lod_level": 0,
        "height": 0.1,
        "building:material": "concrete",
        "building:colour": "#CCCCCC",
        "building:type": "office",
        "roof:shape": "flat",
        "roof:height": 0.0
      }
    },
    {
      "type": "Feature",
      "geometry": {
        "type": "Polygon",
        "coordinates": [
          [
            [
              -1.3635387459833401,
              -5.985160879730905
            ],
            [
              -1.363427587856969,
              -5.985144338161234
            ],
            [
              -1.363442046568119,
              -5.985046947060495
            ],
            [
              -1.3635532048284043,
              -5.98506348867391
            ],
            [
              -1.3635387459833401,
              -5.985160879730905
            ]
          ]
        ]
      },
      "properties": {
        "type": "building",
        "lod_level": 0,
        "height": 0.1,
        "building:material": "concrete",
        "building:colour": "#CCCCCC",
        "building:type": "office",
        "roof:shape": "flat",
        "roof:height": 0.0
      }
    },
    {
      "type": "Feature",
      "geometry": {
        "type": "Polygon",
        "coordinates": [
          [
            [
              -1.3612559491084537,
              -5.983581097745037
            ],
            [
              -1.3612774274538044,
              -5.983406350938445
            ],
            [
              -1.3614818499397645,
              -5.983431536486953
            ],
            [
              -1.3614603711493976,
              -5.983606283174017
            ],
            [
              -1.3612559491084537,
              -5.983581097745037
            ]
          ]
        ]
      },
      "properties": {
        "type": "building",
        "lod_level": 0,
        "height": 0.1,
        "building:material": "concrete",
        "building:colour": "#CCCCCC",
        "building:type": "residential",
        "roof:shape": "flat",
        "roof:height": 0.0
      }
    },
    {
      "type": "Feature",
      "geometry": {
        "type": "Polygon",
        "coordinates": [
          [
            [
              -1.3638783486600858,
              -5.985786022706513
            ],
            [
              -1.3637697209701762,
              -5.9857885543975895
            ],
            [
              -1.363765825093182,
              -5.985621004512628
            ],
            [
              -1.3638744530131905,
              -5.985618472810049
            ],
            [
              -1.3638783486600858,
              -5.985786022706513
            ]
          ]
        ]
      },
      "properties": {
        "type": "building",
        "lod_level": 0,
        "height": 0.1,
        "building:material": "concrete",
        "building:colour": "#CCCCCC",
        "building:type": "residential",
        "roof:shape": "flat",
        "roof:height": 0.0
      }
    },
    {
      "type": "Feature",
      "geometry": {
        "type": "Polygon",
        "coordinates": [
          [
            [
              -1.3648718271701588,
              -5.986093200595063
            ],
            [
              -1.3648810238282756,
              -5.985914314046053
            ],
            [
              -1.3649897712760457,
              -5.985919918067196
            ],
            [
              -1.3649805743725085,
              -5.986098804588981
            ],
            [
              -1.3648718271701588,
              -5.986093200595063
            ]
          ]
        ]
      },
      "properties": {
        "type": "building",
        "lod_level": 0,
        "height": 0.1,
        "building:material": "concrete",
        "building:colour": "#CCCCCC",
        "building:type": "office",
        "roof:shape": "flat",
        "roof:height": 0.0
      }
    },
    {
      "type": "Feature",
      "geometry": {
        "type": "Polygon",
        "coordinates": [
          [
            [
              -1.3602582836900532,
              -5.984055418214364
            ],
            [
              -1.360273387614541,
              -5.983896509397242
            ],
            [
              -1.3604438786907005,
              -5.9839127526927465
            ],
            [
              -1.3604287744266135,
              -5.984071661439813
            ],
            [
              -1.3602582836900532,
              -5.984055418214364
            ]
          ]
        ]
      },
      "properties": {
        "type": "building",
        "lod_level": 0,
        "height": 0.1,
        "building:material": "concrete",
        "building:colour": "#CCCCCC",
        "building:type": "residential",
        "roof:shape": "flat",
        "roof:height": 0.0
      }
    },
    {
      "type": "Feature",
      "geometry": {
        "type": "Polygon",
        "coordinates": [
          [
            [
              -1.3631222391290267,
              -5.98296361577414
            ],
            [
              -1.3631230215954626,
              -5.982711150382954
            ],
            [
              -1.3632845003281597,
              -5.982711652205456
            ],
            [
              -1.3632837173460473,
              -5.982964117593212
            ],
            [
              -1.3631222391290267,
              -5.98296361577414
            ]
          ]
        ]
      },
      "properties": {
        "type": "building",
        "lod_level": 0,
        "height": 0.1,
        "building:material": "concrete",
        "building:colour": "#CCCCCC",
        "building:type": "office",
        "roof:shape": "flat",
        "roof:height": 0.0
      }
    },
    {
      "type": "Feature",
      "geometry": {
        "type": "Polygon",
        "coordinates": [
          [
            [
              -1.3622350263304825,
              -5.983259646123987
            ],
            [
              -1.3622248405938824,
              -5.983017103276867
            ],
            [
              -1.3623353213570197,
              -5.983012452658266
            ],
            [
              -1.3623455067552661,
              -5.983254995536001
            ],
            [
              -1.3622350263304825,
              -5.983259646123987
            ]
          ]
        ]
      },
      "properties": {
        "type": "building",
        "lod_level": 0,
        "height": 0.1,
        "building:material": "concrete",
        "building:colour": "#CCCCCC",
        "building:type": "residential",
        "roof:shape": "flat",
        "roof:height": 0.0
      }
    },
    {
      "type": "Feature",
      "geometry": {
        "type": "Polygon",
        "coordinates": [
          [
            [
              -1.363602986217814,
              -5.984210457353683
            ],
            [
              -1.363619908496267,
              -5.9839469174406545
            ],
            [
              -1.363786687097219,
              -5.983957652039163
            ],
            [
              -1.3637697642650919,
              -5.984221191875379
            ],
            [
              -1.363602986217814,
              -5.984210457353683
            ]
          ]
        ]
      },
      "properties": {
        "type": "building",
        "lod_level": 0,
        "height": 0.1,
        "building:material": "concrete",
        "building:colour": "#CCCCCC",
        "building:type": "office",
        "roof:shape": "flat",
        "roof:height": 0.0
      }
    },
    {
      "type": "Feature",
      "geometry": {
        "type": "Polygon",
        "coordinates": [
          [
            [
              -1.363061112897264,
              -5.986752492118256
            ],
            [
              -1.3629544507170417,
              -5.986750316917741
            ],
            [
              -1.3629567005062473,
              -5.986639734041362
            ],
            [
              -1.3630633628356068,
              -5.98664190924839
            ],
            [
              -1.363061112897264,
              -5.986752492118256
            ]
          ]
        ]
      },
      "properties": {
        "type": "building",
        "lod_level": 0,
        "height": 0.1,
        "building:material": "concrete",
        "building:colour": "#CCCCCC",
        "building:type": "residential",
        "roof:shape": "flat",
        "roof:height": 0.0
      }
    },
    {
      "type": "Feature",
      "geometry": {
        "type": "Polygon",
        "coordinates": [
          [
            [
              -1.3619736287290922,
              -5.983247603056658
            ],
            [
              -1.361790895497879,
              -5.9832191901470475
            ],
            [
              -1.361808109005644,
              -5.983108221403022
            ],
            [
              -1.3619908424871698,
              -5.983136634398227
            ],
            [
              -1.3619736287290922,
              -5.983247603056658
            ]
          ]
        ]
      },
      "properties": {
        "type": "building",
        "lod_level": 0,
        "height": 0.1,
        "building:material": "concrete",
        "building:colour": "#CCCCCC",
        "building:type": "commercial",
        "roof:shape": "flat",
        "roof:height": 0.0
      }
    },
    {
      "type": "Feature",
      "geometry": {
        "type": "Polygon",
        "coordinates": [
          [
            [
              -1.364081666537207,
              -5.98493381586054
            ],
            [
              -1.3638320240302142,
              -5.984932980130327
            ],
            [
              -1.363832340341005,
              -5.984838226632985
            ],
            [
              -1.3640819831472077,
              -5.984839062365348
            ],
            [
              -1.364081666537207,
              -5.98493381586054
            ]
          ]
        ]
      },
      "properties": {
        "type": "building",
        "lod_level": 0,
        "height": 0.1,
        "building:material": "concrete",
        "building:colour": "#CCCCCC",
        "building:type": "office",
        "roof:shape": "flat",
        "roof:height": 0.0
      }
    },
    {
      "type": "Feature",
      "geometry": {
        "type": "Polygon",
        "coordinates": [
          [
            [
              -1.365260055004788,
              -5.982101986206571
            ],
            [
              -1.3651686323012486,
              -5.9820900701180095
            ],
            [
              -1.3651893518212466,
              -5.98193072826814
            ],
            [
              -1.3652807747059312,
              -5.981942644408269
            ],
            [
              -1.365260055004788,
              -5.982101986206571
            ]
          ]
        ]
      },
      "properties": {
        "type": "building",
        "lod_level": 0,
        "height": 0.1,
        "building:material": "concrete",
        "building:colour": "#CCCCCC",
        "building:type": "office",
        "roof:shape": "flat",
        "roof:height": 0.0
      }
    },
    {
      "type": "Feature",
      "geometry": {
        "type": "Polygon",
        "coordinates": [
          [
            [
              -1.363277211929722,
              -5.983222584975973
            ],
            [
              -1.363156186701515,
              -5.983227860937746
            ],
            [
              -1.3631465059690306,
              -5.983005273461053
            ],
            [
              -1.3632675315373473,
              -5.982999997467367
            ],
            [
              -1.363277211929722,
              -5.983222584975973
            ]
          ]
        ]
      },
      "properties": {
        "type": "building",
        "lod_level": 0,
        "height": 0.1,
        "building:material": "concrete",
        "building:colour": "#CCCCCC",
        "building:type": "residential",
        "roof:shape": "flat",
        "roof:height": 0.0
      }
    },
    {
      "type": "Feature",
      "geometry": {
        "type": "Polygon",
        "coordinates": [
          [
            [
              -1.3625673167463246,
              -5.984034861485231
            ],
            [
              -1.3623707361119908,
              -5.984025860999688
            ],
            [
              -1.3623782581461559,
              -5.983861178790591
            ],
            [
              -1.3625748391891328,
              -5.983870179316361
            ],
            [
              -1.3625673167463246,
              -5.984034861485231
            ]
          ]
        ]
      },
      "properties": {
        "type": "building",
        "lod_level": 0,
        "height": 0.1,
        "building:material": "concrete",
        "building:colour": "#CCCCCC",
        "building:type": "office",
        "roof:shape": "flat",
        "roof:height": 0.0
      }
    },
    {
      "type": "Feature",
      "geometry": {
        "type": "Polygon",
        "coordinates": [
          [
            [
              -1.361719661686647,
              -5.982540896233508
            ],
            [
              -1.3615628212832314,
              -5.9825208206969425
            ],
            [
              -1.3615770588219294,
              -5.982409325433744
            ],
            [
              -1.3617338994429267,
              -5.98242940103108
            ],
            [
              -1.361719661686647,
              -5.982540896233508
            ]
          ]
        ]
      },
      "properties": {
        "type": "building",
        "lod_level": 0,
        "height": 0.1,
        "building:material": "concrete",
        "building:colour": "#CCCCCC",
        "building:type": "residential",
        "roof:shape": "flat",
        "roof:height": 0.0
      }
    },
    {
      "type": "Feature",
      "geometry": {
        "type": "Polygon",
        "coordinates": [
          [
            [
              -1.3640406548125854,
              -5.982454822177536
            ],
            [
              -1.3640579014738752,
              -5.982340463156617
            ],
            [
              -1.3642464118788102,
              -5.98236896031485
            ],
            [
              -1.3642291649510474,
              -5.982483319247261
            ],
            [
              -1.3640406548125854,
              -5.982454822177536
            ]
          ]
        ]
      },
      "properties": {
        "type": "building",
        "lod_level": 0,
        "height": 0.1,
        "building:material": "concrete",
        "building:colour": "#CCCCCC",
        "building:type": "office",
        "roof:shape": "flat",
        "roof:height": 0.0
      }
    },
    {
      "type": "Feature",
      "geometry": {
        "type": "Polygon",
        "coordinates": [
          [
            [
              -1.365127382331198,
              -5.98352448115261
            ],
            [
              -1.3649224022910256,
              -5.983519981933759
            ],
            [
              -1.3649252650757326,
              -5.983389240119286
            ],
            [
              -1.3651302454547352,
              -5.983393739354106
            ],
            [
              -1.365127382331198,
              -5.98352448115261
            ]
          ]
        ]
      },
      "properties": {
        "type": "building",
        "lod_level": 0,
        "height": 0.1,
        "building:material": "concrete",
        "building:colour": "#CCCCCC",
        "building:type": "office",
        "roof:shape": "flat",
        "roof:height": 0.0
      }
    },
    {
      "type": "Feature",
      "geometry": {
        "type": "Polygon",
        "coordinates": [
          [
            [
              -1.36116644482907,
              -5.985586347177265
            ],
            [
              -1.3611885079706416,
              -5.985400698695264
            ],
            [
              -1.3613385181663389,
              -5.9854185686559855
            ],
            [
              -1.3613164546774832,
              -5.9856042170478965
            ],
            [
              -1.36116644482907,
              -5.985586347177265
            ]
          ]
        ]
      },
      "properties": {
        "type": "building",
        "lod_level": 0,
        "height": 0.1,
        "building:material": "concrete",
        "building:colour": "#CCCCCC",
        "building:type": "commercial",
        "roof:shape": "flat",
        "roof:height": 0.0
      }
    },
    {
      "type": "Feature",
      "geometry": {
        "type": "Polygon",
        "coordinates": [
          [
            [
              -1.3631265727355275,
              -5.983788278980137
            ],
            [
              -1.3631304810554903,
              -5.983649089812496
            ],
            [
              -1.3632632535333116,
              -5.983652826887345
            ],
            [
              -1.363259344979768,
              -5.98379201604087
            ],
            [
              -1.3631265727355275,
              -5.983788278980137
            ]
          ]
        ]
      },
      "properties": {
        "type": "building",
        "lod_level": 0,
        "height": 0.1,
        "building:material": "concrete",
        "building:colour": "#CCCCCC",
        "building:type": "commercial",
        "roof:shape": "flat",
        "roof:height": 0.0
      }
    },
    {
      "type": "Feature",
      "geometry": {
        "type": "Polygon",
        "coordinates": [
          [
            [
              -1.3611778708464968,
              -5.984202758872239
            ],
            [
              -1.3610702717208665,
              -5.984206016467554
            ],
            [
              -1.3610658426460944,
              -5.98405938089855
            ],
            [
              -1.361173441971122,
              -5.984056123290256
            ],
            [
              -1.3611778708464968,
              -5.984202758872239
            ]
          ]
        ]
      },
      "properties": {
        "type": "building",
        "lod_level": 0,
        "height": 0.1,
        "building:material": "concrete",
        "building:colour": "#CCCCCC",
        "building:type": "residential",
        "roof:shape": "flat",
        "roof:height": 0.0
      }
    },
    {
      "type": "Feature",
      "geometry": {
        "type": "Polygon",
        "coordinates": [
          [
            [
              -1.3619739997659221,
              -5.9834608285752715
            ],
            [
              -1.3619865896166603,
              -5.983344319525027
            ],
            [
              -1.3620982526109362,
              -5.983356414349295
            ],
            [
              -1.3620856625975595,
              -5.9834729233612585
            ],
            [
              -1.3619739997659221,
              -5.9834608285752715
            ]
          ]
        ]
      },
      "properties": {
        "type": "building",
        "lod_level": 0,
        "height": 0.1,
        "building:material": "concrete",
        "building:colour": "#CCCCCC",
        "building:type": "residential",
        "roof:shape": "flat",
        "roof:height": 0.0
      }
    },
    {
      "type": "Feature",
      "geometry": {
        "type": "Polygon",
        "coordinates": [
          [
            [
              -1.363435214510467,
              -5.982808536365551
            ],
            [
              -1.363343783327719,
              -5.98279478454605
            ],
            [
              -1.363377680638349,
              -5.982568878582948
            ],
            [
              -1.3634691120764701,
              -5.982582630486803
            ],
            [
              -1.363435214510467,
              -5.982808536365551
            ]
          ]
        ]
      },
      "properties": {
        "type": "building",
        "lod_level": 0,
        "height": 0.1,
        "building:material": "concrete",
        "building:colour": "#CCCCCC",
        "building:type": "residential",
        "roof:shape": "flat",
        "roof:height": 0.0
      }
    },
    {
      "type": "Feature",
      "geometry": {
        "type": "Polygon",
        "coordinates": [
          [
            [
              -1.3617229380481783,
              -5.981468938688762
            ],
            [
              -1.3616396824934263,
              -5.981457646507587
            ],
            [
              -1.3616581548637283,
              -5.981321128901507
            ],
            [
              -1.3617414105596128,
              -5.981332421124564
            ],
            [
              -1.3617229380481783,
              -5.981468938688762
            ]
          ]
        ]
      },
      "properties": {
        "type": "building",
        "lod_level": 0,
        "height": 0.1,
        "building:material": "concrete",
        "building:colour": "#CCCCCC",
        "building:type": "commercial",
        "roof:shape": "flat",
        "roof:height": 0.0
      }
    },
    {
      "type": "Feature",
      "geometry": {
        "type": "Polygon",
        "coordinates": [
          [
            [
              -1.3634218395417448,
              -5.983806896727357
            ],
            [
              -1.3634378501313806,
              -5.983701817860375
            ],
            [
              -1.3636166865558217,
              -5.9837291313455525
            ],
            [
              -1.3636006757340118,
              -5.98383421013461
            ],
            [
              -1.3634218395417448,
              -5.983806896727357
            ]
          ]
        ]
      },
      "properties": {
        "type": "building",
        "lod_level": 0,
        "height": 0.1,
        "building:material": "concrete",
        "building:colour": "#CCCCCC",
        "building:type": "office",
        "roof:shape": "flat",
        "roof:height": 0.0
      }
    },
    {
      "type": "Feature",
      "geometry": {
        "type": "Polygon",
        "coordinates": [
          [
            [
              -1.3627784948740624,
              -5.983719096227295
            ],
            [
              -1.3625932246748333,
              -5.983718011366367
            ],
            [
              -1.362593847068912,
              -5.983611447626636
            ],
            [
              -1.3627791175178678,
              -5.983612532490708
            ],
            [
              -1.3627784948740624,
              -5.983719096227295
            ]
          ]
        ]
      },
      "properties": {
        "type": "building",
        "lod_level": 0,
        "height": 0.1,
        "building:material": "concrete",
        "building:colour": "#CCCCCC",
        "building:type": "residential",
        "roof:shape": "flat",
        "roof:height": 0.0
      }
    },
    {
      "type": "Feature",
      "geometry": {
        "type": "Polygon",
        "coordinates": [
          [
            [
              -1.3622980345290279,
              -5.98134131795065
            ],
            [
              -1.3621973825679459,
              -5.981344860533343
            ],
            [
              -1.362192691410702,
              -5.981211261446682
            ],
            [
              -1.3622933435416686,
              -5.981207718851145
            ],
            [
              -1.3622980345290279,
              -5.98134131795065
            ]
          ]
        ]
      },
      "properties": {
        "type": "building",
        "lod_level": 0,
        "height": 0.1,
        "building:material": "concrete",
        "building:colour": "#CCCCCC",
        "building:type": "commercial",
        "roof:shape": "flat",
        "roof:height": 0.0
      }
    },
    {
      "type": "Feature",
      "geometry": {
        "type": "Polygon",
        "coordinates": [
          [
            [
              -1.3621688519557458,
              -5.986614430255173
            ],
            [
              -1.3620856812944182,
              -5.986608203462956
            ],
            [
              -1.3620948482564919,
              -5.986485472265163
            ],
            [
              -1.3621780190462167,
              -5.986491699078122
            ],
            [
              -1.3621688519557458,
              -5.986614430255173
            ]
          ]
        ]
      },
      "properties": {
        "type": "building",
        "lod_level": 0,
        "height": 0.1,
        "building:material": "concrete",
        "building:colour": "#CCCCCC",
        "building:type": "residential",
        "roof:shape": "flat",
        "roof:height": 0.0
      }
    },
    {
      "type": "Feature",
      "geometry": {
        "type": "Polygon",
        "coordinates": [
          [
            [
              -1.3622015096466367,
              -5.985880328430468
            ],
            [
              -1.362216826316705,
              -5.985660308767013
            ],
            [
              -1.3623681015550815,
              -5.985670864775253
            ],
            [
              -1.3623527844660444,
              -5.985890884375639
            ],
            [
              -1.3622015096466367,
              -5.985880328430468
            ]
          ]
        ]
      },
      "properties": {
        "type": "building",
        "lod_level": 0,
        "height": 0.1,
        "building:material": "concrete",
        "building:colour": "#CCCCCC",
        "building:type": "office",
        "roof:shape": "flat",
        "roof:height": 0.0
      }
    },
    {
      "type": "Feature",
      "geometry": {
        "type": "Polygon",
        "coordinates": [
          [
            [
              -1.3644203767448633,
              -5.982314064085586
            ],
            [
              -1.3644151666057645,
              -5.9821559015783095
            ],
            [
              -1.3645628384288433,
              -5.982151025624282
            ],
            [
              -1.3645680482728249,
              -5.982309188152495
            ],
            [
              -1.3644203767448633,
              -5.982314064085586
            ]
          ]
        ]
      },
      "properties": {
        "type": "building",
        "lod_level": 0,
        "height": 0.1,
        "building:material": "concrete",
        "building:colour": "#CCCCCC",
        "building:type": "residential",
        "roof:shape": "flat",
        "roof:height": 0.0
      }
    },
    {
      "type": "Feature",
      "geometry": {
        "type": "Polygon",
        "coordinates": [
          [
            [
              -1.3619940475177654,
              -5.982146312556957
            ],
            [
              -1.3617815885769406,
              -5.982121324340937
            ],
            [
              -1.3618037883414724,
              -5.98193212443819
            ],
            [
              -1.3620162477837447,
              -5.981957112782599
            ],
            [
              -1.3619940475177654,
              -5.982146312556957
            ]
          ]
        ]
      },
      "properties": {
        "type": "building",
        "lod_level": 0,
        "height": 0.1,
        "building:material": "concrete",
        "building:colour": "#CCCCCC",
        "building:type": "commercial",
        "roof:shape": "flat",
        "roof:height": 0.0
      }
    },
    {
      "type": "Feature",
      "geometry": {
        "type": "Polygon",
        "coordinates": [
          [
            [
              -1.3630611223878142,
              -5.986166942910169
            ],
            [
              -1.3628893114412317,
              -5.986174552541651
            ],
            [
              -1.3628847434085252,
              -5.986071174775935
            ],
            [
              -1.3630565545793374,
              -5.986063565123094
            ],
            [
              -1.3630611223878142,
              -5.986166942910169
            ]
          ]
        ]
      },
      "properties": {
        "type": "building",
        "lod_level": 0,
        "height": 0.1,
        "building:material": "concrete",
        "building:colour": "#CCCCCC",
        "building:type": "residential",
        "roof:shape": "flat",
        "roof:height": 0.0
      }
    },
    {
      "type": "Feature",
      "geometry": {
        "type": "Polygon",
        "coordinates": [
          [
            [
              -1.3628354887622294,
              -5.983340286668855
            ],
            [
              -1.3626972235629395,
              -5.983319810235808
            ],
            [
              -1.3627203271736694,
              -5.983163435370232
            ],
            [
              -1.362858592640468,
              -5.983183911890217
            ],
            [
              -1.3628354887622294,
              -5.983340286668855
            ]
          ]
        ]
      },
      "properties": {
        "type": "building",
        "lod_level": 0,
        "height": 0.1,
        "building:material": "concrete",
        "building:colour": "#CCCCCC",
        "building:type": "residential",
        "roof:shape": "flat",
        "roof:height": 0.0
      }
    },
    {
      "type": "Feature",
      "geometry": {
        "type": "Polygon",
        "coordinates": [
          [
            [
              -1.3658169461103322,
              -5.984894612381075
            ],
            [
              -1.3656738657131344,
              -5.984891265705401
            ],
            [
              -1.3656772506711456,
              -5.984746201572401
            ],
            [
              -1.3658203313307478,
              -5.984749548261239
            ],
            [
              -1.3658169461103322,
              -5.984894612381075
            ]
          ]
        ]
      },
      "properties": {
        "type": "building",
        "lod_level": 0,
        "height": 0.1,
        "building:material": "concrete",
        "building:colour": "#CCCCCC",
        "building:type": "residential",
        "roof:shape": "flat",
        "roof:height": 0.0
      }
    },
    {
      "type": "Feature",
      "geometry": {
        "type": "Polygon",
        "coordinates": [
          [
            [
              -1.3604110631040094,
              -5.983392723644078
            ],
            [
              -1.3602286796171779,
              -5.983365428935103
            ],
            [
              -1.360250673459188,
              -5.983218117178429
            ],
            [
              -1.360433057278276,
              -5.98324541199659
            ],
            [
              -1.3604110631040094,
              -5.983392723644078
            ]
          ]
        ]
      },
      "properties": {
        "type": "building",
        "lod_level": 0,
        "height": 0.1,
        "building:material": "concrete",
        "building:colour": "#CCCCCC",
        "building:type": "residential",
        "roof:shape": "flat",
        "roof:height": 0.0
      }
    },
    {
      "type": "Feature",
      "geometry": {
        "type": "Polygon",
        "coordinates": [
          [
            [
              -1.363201860584782,
              -5.98414166938291
            ],
            [
              -1.3629835795688927,
              -5.984133653862701
            ],
            [
              -1.3629902676166967,
              -5.9839510859135245
            ],
            [
              -1.3632085491359969,
              -5.983959101473461
            ],
            [
              -1.363201860584782,
              -5.98414166938291
            ]
          ]
        ]
      },
      "properties": {
        "type": "building",
        "lod_level": 0,
        "height": 0.1,
        "building:material": "concrete",
        "building:colour": "#CCCCCC",
        "building:type": "residential",
        "roof:shape": "flat",
        "roof:height": 0.0
      }
    },
    {
      "type": "Feature",
      "geometry": {
        "type": "Polygon",
        "coordinates": [
          [
            [
              -1.3638801697134497,
              -5.984814147569394
            ],
            [
              -1.3638899672239486,
              -5.984674331829685
            ],
            [
              -1.364049470732898,
              -5.984685535507492
            ],
            [
              -1.364039672941694,
              -5.984825351204664
            ],
            [
              -1.3638801697134497,
              -5.984814147569394
            ]
          ]
        ]
      },
      "properties": {
        "type": "building",
        "lod_level": 0,
        "height": 0.1,
        "building:material": "concrete",
        "building:colour": "#CCCCCC",
        "building:type": "residential",
        "roof:shape": "flat",
        "roof:height": 0.0
      }
    },
    {
      "type": "Feature",
      "geometry": {
        "type": "Polygon",
        "coordinates": [
          [
            [
              -1.3633956105798781,
              -5.983955818896572
            ],
            [
              -1.3634000446251293,
              -5.983830966307882
            ],
            [
              -1.363561027782221,
              -5.983836697186557
            ],
            [
              -1.3635565934830494,
              -5.983961549755815
            ],
            [
              -1.3633956105798781,
              -5.983955818896572
            ]
          ]
        ]
      },
      "properties": {
        "type": "building",
        "lod_level": 0,
        "height": 0.1,
        "building:material": "concrete",
        "building:colour": "#CCCCCC",
        "building:type": "office",
        "roof:shape": "flat",
        "roof:height": 0.0
      }
    },
    {
      "type": "Feature",
      "geometry": {
        "type": "Polygon",
        "coordinates": [
          [
            [
              -1.3654680670558343,
              -5.9840673598023075
            ],
            [
              -1.365293979750668,
              -5.984055888709216
            ],
            [
              -1.3653058435276817,
              -5.9838754136328
            ],
            [
              -1.365479931228547,
              -5.983886884782108
            ],
            [
              -1.3654680670558343,
              -5.9840673598023075
            ]
          ]
        ]
      },
      "properties": {
        "type": "building",
        "lod_level": 0,
        "height": 0.1,
        "building:material": "concrete",
        "building:colour": "#CCCCCC",
        "building:type": "office",
        "roof:shape": "flat",
        "roof:height": 0.0
      }
    },
    {
      "type": "Feature",
      "geometry": {
        "type": "Polygon",
        "coordinates": [
          [
            [
              -1.3620007748405478,
              -5.983177900612905
            ],
            [
              -1.362020837623912,
              -5.983041977513984
            ],
            [
              -1.362161952506246,
              -5.9830628560697106
            ],
            [
              -1.3621418894855577,
              -5.983198779091561
            ],
            [
              -1.3620007748405478,
              -5.983177900612905
            ]
          ]
        ]
      },
      "properties": {
        "type": "building",
        "lod_level": 0,
        "height": 0.1,
        "building:material": "concrete",
        "building:colour": "#CCCCCC",
        "building:type": "residential",
        "roof:shape": "flat",
        "roof:height": 0.0
      }
    },
    {
      "type": "Feature",
      "geometry": {
        "type": "Polygon",
        "coordinates": [
          [
            [
              -1.3636836718130763,
              -5.986530863630153
            ],
            [
              -1.363702178963321,
              -5.986329425838025
            ],
            [
              -1.3638534231690866,
              -5.986343354320378
            ],
            [
              -1.3638349156367244,
              -5.986544792036309
            ],
            [
              -1.3636836718130763,
              -5.986530863630153
            ]
          ]
        ]
      },
      "properties": {
        "type": "building",
        "lod_level": 0,
        "height": 0.1,
        "building:material": "concrete",
        "building:colour": "#CCCCCC",
        "building:type": "office",
        "roof:shape": "flat",
        "roof:height": 0.0
      }
    },
    {
      "type": "Feature",
      "geometry": {
        "type": "Polygon",
        "coordinates": [
          [
            [
              -1.3627105598547227,
              -5.981906295252428
            ],
            [
              -1.3627187230474207,
              -5.981819585616467
            ],
            [
              -1.3628506810780787,
              -5.981832038252096
            ],
            [
              -1.3628425177419328,
              -5.981918747858723
            ],
            [
              -1.3627105598547227,
              -5.981906295252428
            ]
          ]
        ]
      },
      "properties": {
        "type": "building",
        "lod_level": 0,
        "height": 0.1,
        "building:material": "concrete",
        "building:colour": "#CCCCCC",
        "building:type": "office",
        "roof:shape": "flat",
        "roof:height": 0.0
      }
    },
    {
      "type": "Feature",
      "geometry": {
        "type": "Polygon",
        "coordinates": [
          [
            [
              -1.3610283385727109,
              -5.983644893780353
            ],
            [
              -1.360846125941073,
              -5.9836492678703985
            ],
            [
              -1.36084288877123,
              -5.98351410395567
            ],
            [
              -1.3610251017142234,
              -5.983509729849561
            ],
            [
              -1.3610283385727109,
              -5.983644893780353
            ]
          ]
        ]
      },
      "properties": {
        "type": "building",
        "lod_level": 0,
        "height": 0.1,
        "building:material": "concrete",
        "building:colour": "#CCCCCC",
        "building:type": "office",
        "roof:shape": "flat",
        "roof:height": 0.0
      }
    },
    {
      "type": "Feature",
      "geometry": {
        "type": "Polygon",
        "coordinates": [
          [
            [
              -1.3612523205549805,
              -5.984539364593949
            ],
            [
              -1.3612531951746651,
              -5.984325221964852
            ],
            [
              -1.3613538286623972,
              -5.984325634016332
            ],
            [
              -1.3613529537701254,
              -5.984539776643025
            ],
            [
              -1.3612523205549805,
              -5.984539364593949
            ]
          ]
        ]
      },
      "properties": {
        "type": "building",
        "lod_level": 0,
        "height": 0.1,
        "building:material": "concrete",
        "building:colour": "#CCCCCC",
        "building:type": "residential",
        "roof:shape": "flat",
        "roof:height": 0.0
      }
    },
    {
      "type": "Feature",
      "geometry": {
        "type": "Polygon",
        "coordinates": [
          [
            [
              -1.3641937101989234,
              -5.985938440399343
            ],
            [
              -1.3641932617685402,
              -5.985763747716935
            ],
            [
              -1.3643689769469178,
              -5.985763295794109
            ],
            [
              -1.3643694249890184,
              -5.98593798847865
            ],
            [
              -1.3641937101989234,
              -5.985938440399343
            ]
          ]
        ]
      },
      "properties": {
        "type": "building",
        "lod_level": 0,
        "height": 0.1,
        "building:material": "concrete",
        "building:colour": "#CCCCCC",
        "building:type": "office",
        "roof:shape": "flat",
        "roof:height": 0.0
      }
    },
    {
      "type": "Feature",
      "geometry": {
        "type": "Polygon",
        "coordinates": [
          [
            [
              -1.3653543874865963,
              -5.983774877769284
            ],
            [
              -1.3651968776861003,
              -5.983764272423457
            ],
            [
              -1.3652096715463544,
              -5.983573807099125
            ],
            [
              -1.3653671817246162,
              -5.983584412499786
            ],
            [
              -1.3653543874865963,
              -5.983774877769284
            ]
          ]
        ]
      },
      "properties": {
        "type": "building",
        "lod_level": 0,
        "height": 0.1,
        "building:material": "concrete",
        "building:colour": "#CCCCCC",
        "building:type": "office",
        "roof:shape": "flat",
        "roof:height": 0.0
      }
    },
    {
      "type": "Feature",
      "geometry": {
        "type": "Polygon",
        "coordinates": [
          [
            [
              -1.3660132170814028,
              -5.983762064134338
            ],
            [
              -1.3658254000824177,
              -5.983756188434648
            ],
            [
              -1.365828714209829,
              -5.983649997762801
            ],
            [
              -1.366016531460851,
              -5.983655873479438
            ],
            [
              -1.3660132170814028,
              -5.983762064134338
            ]
          ]
        ]
      },
      "properties": {
        "type": "building",
        "lod_level": 0,
        "height": 0.1,
        "building:material": "concrete",
        "building:colour": "#CCCCCC",
        "building:type": "commercial",
        "roof:shape": "flat",
        "roof:height": 0.0
      }
    },
    {
      "type": "Feature",
      "geometry": {
        "type": "Polygon",
        "coordinates": [
          [
            [
              -1.3631750765288775,
              -5.983640307301801
            ],
            [
              -1.3630636109630085,
              -5.983636713742852
            ],
            [
              -1.3630707816486045,
              -5.983413761730109
            ],
            [
              -1.3631822475285016,
              -5.983417355310815
            ],
            [
              -1.3631750765288775,
              -5.983640307301801
            ]
          ]
        ]
      },
      "properties": {
        "type": "building",
        "lod_level": 0,
        "height": 0.1,
        "building:material": "concrete",
        "building:colour": "#CCCCCC",
        "building:type": "commercial",
        "roof:shape": "flat",
        "roof:height": 0.0
      }
    },
    {
      "type": "Feature",
      "geometry": {
        "type": "Polygon",
        "coordinates": [
          [
            [
              -1.3633318851900202,
              -5.984834392885684
            ],
            [
              -1.3633513783574571,
              -5.984570144012612
            ],
            [
              -1.3634945723630385,
              -5.98458073226645
            ],
            [
              -1.3634750787195766,
              -5.984844981063553
            ],
            [
              -1.3633318851900202,
              -5.984834392885684
            ]
          ]
        ]
      },
      "properties": {
        "type": "building",
        "lod_level": 0,
        "height": 0.1,
        "building:material": "concrete",
        "building:colour": "#CCCCCC",
        "building:type": "office",
        "roof:shape": "flat",
        "roof:height": 0.0
      }
    },
    {
      "type": "Feature",
      "geometry": {
        "type": "Polygon",
        "coordinates": [
          [
            [
              -1.3628860357442207,
              -5.983153995890848
            ],
            [
              -1.3628937115754973,
              -5.982986159384538
            ],
            [
              -1.3631386744506442,
              -5.982997389421873
            ],
            [
              -1.3631309981003996,
              -5.983165225876999
            ],
            [
              -1.3628860357442207,
              -5.983153995890848
            ]
          ]
        ]
      },
      "properties": {
        "type": "building",
        "lod_level": 0,
        "height": 0.1,
        "building:material": "concrete",
        "building:colour": "#CCCCCC",
        "building:type": "residential",
        "roof:shape": "flat",
        "roof:height": 0.0
      }
    },
    {
      "type": "Feature",
      "geometry": {
        "type": "Polygon",
        "coordinates": [
          [
            [
              -1.3627879323797103,
              -5.984290084952346
            ],
            [
              -1.3626701698437134,
              -5.984290865796705
            ],
            [
              -1.3626688083605207,
              -5.984085072953467
            ],
            [
              -1.3627865712030571,
              -5.984084292104724
            ],
            [
              -1.3627879323797103,
              -5.984290084952346
            ]
          ]
        ]
      },
      "properties": {
        "type": "building",
        "lod_level": 0,
        "height": 0.1,
        "building:material": "concrete",
        "building:colour": "#CCCCCC",
        "building:type": "commercial",
        "roof:shape": "flat",
        "roof:height": 0.0
      }
    },
    {
      "type": "Feature",
      "geometry": {
        "type": "Polygon",
        "coordinates": [
          [
            [
              -1.3638810882371621,
              -5.986216399695646
            ],
            [
              -1.3638817175056592,
              -5.98601711805855
            ],
            [
              -1.363985188349371,
              -5.986017445624754
            ],
            [
              -1.3639845588200494,
              -5.986216727260065
            ],
            [
              -1.3638810882371621,
              -5.986216399695646
            ]
          ]
        ]
      },
      "properties": {
        "type": "building",
        "lod_level": 0,
        "height": 0.1,
        "building:material": "concrete",
        "building:colour": "#CCCCCC",
        "building:type": "office",
        "roof:shape": "flat",
        "roof:height": 0.0
      }
    },
    {
      "type": "Feature",
      "geometry": {
        "type": "Polygon",
        "coordinates": [
          [
            [
              -1.3606660201613465,
              -5.983723102500256
            ],
            [
              -1.3606679465763203,
              -5.9835462841475335
            ],
            [
              -1.3608082276742386,
              -5.983547816234273
            ],
            [
              -1.360806300945546,
              -5.983724634579612
            ],
            [
              -1.3606660201613465,
              -5.983723102500256
            ]
          ]
        ]
      },
      "properties": {
        "type": "building",
        "lod_level": 0,
        "height": 0.1,
        "building:material": "concrete",
        "building:colour": "#CCCCCC",
        "building:type": "commercial",
        "roof:shape": "flat",
        "roof:height": 0.0
      }
    },
    {
      "type": "Feature",
      "geometry": {
        "type": "Polygon",
        "coordinates": [
          [
            [
              -1.3653518128830229,
              -5.984914623647854
            ],
            [
              -1.3653504951095379,
              -5.984779896217612
            ],
            [
              -1.3654497755956638,
              -5.984778922921514
            ],
            [
              -1.3654510931999695,
              -5.98491365035532
            ],
            [
              -1.3653518128830229,
              -5.984914623647854
            ]
          ]
        ]
      },
      "properties": {
        "type": "building",
        "lod_level": 0,
        "height": 0.1,
        "building:material": "concrete",
        "building:colour": "#CCCCCC",
        "building:type": "commercial",
        "roof:shape": "flat",
        "roof:height": 0.0
      }
    },
    {
      "type": "Feature",
      "geometry": {
        "type": "Polygon",
        "coordinates": [
          [
            [
              -1.36259016183274,
              -5.98276065640132
            ],
            [
              -1.3625998281764313,
              -5.98263624631063
            ],
            [
              -1.362793267330319,
              -5.982651311879935
            ],
            [
              -1.3627836006840557,
              -5.982775721919725
            ],
            [
              -1.36259016183274,
              -5.98276065640132
            ]
          ]
        ]
      },
      "properties": {
        "type": "building",
        "lod_level": 0,
        "height": 0.1,
        "building:material": "concrete",
        "building:colour": "#CCCCCC",
        "building:type": "office",
        "roof:shape": "flat",
        "roof:height": 0.0
      }
    },
    {
      "type": "Feature",
      "geometry": {
        "type": "Polygon",
        "coordinates": [
          [
            [
              -1.3630594648374728,
              -5.981312170181171
            ],
            [
              -1.3630685987052444,
              -5.981131501459005
            ],
            [
              -1.363216329262596,
              -5.981138987985127
            ],
            [
              -1.3632071950580786,
              -5.981319656670568
            ],
            [
              -1.3630594648374728,
              -5.981312170181171
            ]
          ]
        ]
      },
      "properties": {
        "type": "building",
        "lod_level": 0,
        "height": 0.1,
        "building:material": "concrete",
        "building:colour": "#CCCCCC",
        "building:type": "residential",
        "roof:shape": "flat",
        "roof:height": 0.0
      }
    },
    {
      "type": "Feature",
      "geometry": {
        "type": "Polygon",
        "coordinates": [
          [
            [
              -1.3627508051950274,
              -5.985105121487392
            ],
            [
              -1.3625272343466417,
              -5.985093712395722
            ],
            [
              -1.362537247021089,
              -5.9848970373587385
            ],
            [
              -1.362760818424232,
              -5.984908446511341
            ],
            [
              -1.3627508051950274,
              -5.985105121487392
            ]
          ]
        ]
      },
      "properties": {
        "type": "building",
        "lod_level": 0,
        "height": 0.1,
        "building:material": "concrete",
        "building:colour": "#CCCCCC",
        "building:type": "commercial",
        "roof:shape": "flat",
        "roof:height": 0.0
      }
    },
    {
      "type": "Feature",
      "geometry": {
        "type": "Polygon",
        "coordinates": [
          [
            [
              -1.364987636932746,
              -5.983785325661175
            ],
            [
              -1.3648789162786006,
              -5.983770743991153
            ],
            [
              -1.36489977162829,
              -5.983614878596442
            ],
            [
              -1.365008492492941,
              -5.983629460328174
            ],
            [
              -1.364987636932746,
              -5.983785325661175
            ]
          ]
        ]
      },
      "properties": {
        "type": "building",
        "lod_level": 0,
        "height": 0.1,
        "building:material": "concrete",
        "building:colour": "#CCCCCC",
        "building:type": "residential",
        "roof:shape": "flat",
        "roof:height": 0.0
      }
    },
    {
      "type": "Feature",
      "geometry": {
        "type": "Polygon",
        "coordinates": [
          [
            [
              -1.3642009500659045,
              -5.984723490407555
            ],
            [
              -1.3642028135240114,
              -5.984551314506033
            ],
            [
              -1.36436908000852,
              -5.98455311843267
            ],
            [
              -1.3643672161883427,
              -5.98472529432577
            ],
            [
              -1.3642009500659045,
              -5.984723490407555
            ]
          ]
        ]
      },
      "properties": {
        "type": "building",
        "lod_level": 0,
        "height": 0.1,
        "building:material": "concrete",
        "building:colour": "#CCCCCC",
        "building:type": "office",
        "roof:shape": "flat",
        "roof:height": 0.0
      }
    },
    {
      "type": "Feature",
      "geometry": {
        "type": "Polygon",
        "coordinates": [
          [
            [
              -1.363955254744827,
              -5.983519599675112
            ],
            [
              -1.3637306538759173,
              -5.983493081501742
            ],
            [
              -1.3637476990136628,
              -5.983348371253953
            ],
            [
              -1.3639723002879827,
              -5.983374889531527
            ],
            [
              -1.363955254744827,
              -5.983519599675112
            ]
          ]
        ]
      },
      "properties": {
        "type": "building",
        "lod_level": 0,
        "height": 0.1,
        "building:material": "concrete",
        "building:colour": "#CCCCCC",
        "building:type": "commercial",
        "roof:shape": "flat",
        "roof:height": 0.0
      }
    },
    {
      "type": "Feature",
      "geometry": {
        "type": "Polygon",
        "coordinates": [
          [
            [
              -1.3619113613984026,
              -5.984198385160562
            ],
            [
              -1.3617577979204325,
              -5.984195755605128
            ],
            [
              -1.3617599339692992,
              -5.984070710683781
            ],
            [
              -1.361913497690095,
              -5.984073340248139
            ],
            [
              -1.3619113613984026,
              -5.984198385160562
            ]
          ]
        ]
      },
      "properties": {
        "type": "building",
        "lod_level": 0,
        "height": 0.1,
        "building:material": "concrete",
        "building:colour": "#CCCCCC",
        "building:type": "office",
        "roof:shape": "flat",
        "roof:height": 0.0
      }
    },
    {
      "type": "Feature",
      "geometry": {
        "type": "Polygon",
        "coordinates": [
          [
            [
              -1.3626908534367175,
              -5.986651374813848
            ],
            [
              -1.362687432520236,
              -5.986477384272009
            ],
            [
              -1.3627917905605518,
              -5.986475327672384
            ],
            [
              -1.362795211247444,
              -5.9866493182239235
            ],
            [
              -1.3626908534367175,
              -5.986651374813848
            ]
          ]
        ]
      },
      "properties": {
        "type": "building",
        "lod_level": 0,
        "height": 0.1,
        "building:material": "concrete",
        "building:colour": "#CCCCCC",
        "building:type": "residential",
        "roof:shape": "flat",
        "roof:height": 0.0
      }
    },
    {
      "type": "Feature",
      "geometry": {
        "type": "Polygon",
        "coordinates": [
          [
            [
              -1.3618155720080232,
              -5.981393717414426
            ],
            [
              -1.3617245120557089,
              -5.98138510936456
            ],
            [
              -1.361737412870017,
              -5.981248313962247
            ],
            [
              -1.3618284729784902,
              -5.981256922044089
            ],
            [
              -1.3618155720080232,
              -5.981393717414426
            ]
          ]
        ]
      },
      "properties": {
        "type": "building",
        "lod_level": 0,
        "height": 0.1,
        "building:material": "concrete",
        "building:colour": "#CCCCCC",
        "building:type": "residential",
        "roof:shape": "flat",
        "roof:height": 0.0
      }
    },
    {
      "type": "Feature",
      "geometry": {
        "type": "Polygon",
        "coordinates": [
          [
            [
              -1.3648286788673976,
              -5.984134131099622
            ],
            [
              -1.364693950620383,
              -5.984139683420608
            ],
            [
              -1.3646859402451053,
              -5.983944854944095
            ],
            [
              -1.3648206688235878,
              -5.983939302593715
            ],
            [
              -1.3648286788673976,
              -5.984134131099622
            ]
          ]
        ]
      },
      "properties": {
        "type": "building",
        "lod_level": 0,
        "height": 0.1,
        "building:material": "concrete",
        "building:colour": "#CCCCCC",
        "building:type": "residential",
        "roof:shape": "flat",
        "roof:height": 0.0
      }
    },
    {
      "type": "Feature",
      "geometry": {
        "type": "Polygon",
        "coordinates": [
          [
            [
              -1.3625571710847404,
              -5.981476857566536
            ],
            [
              -1.3623896061438991,
              -5.981476886089964
            ],
            [
              -1.3623895860939408,
              -5.981359552529271
            ],
            [
              -1.3625571512834784,
              -5.981359524005765
            ],
            [
              -1.3625571710847404,
              -5.981476857566536
            ]
          ]
        ]
      },
      "properties": {
        "type": "building",
        "lod_level": 0,
        "height": 0.1,
        "building:material": "concrete",
        "building:colour": "#CCCCCC",
        "building:type": "office",
        "roof:shape": "flat",
        "roof:height": 0.0
      }
    },
    {
      "type": "Feature",
      "geometry": {
        "type": "Polygon",
        "coordinates": [
          [
            [
              -1.3611498955062158,
              -5.984484372153587
            ],
            [
              -1.3609331741131425,
              -5.984482085097914
            ],
            [
              -1.3609346918992642,
              -5.984337901375395
            ],
            [
              -1.3611514136875555,
              -5.984340188440057
            ],
            [
              -1.3611498955062158,
              -5.984484372153587
            ]
          ]
        ]
      },
      "properties": {
        "type": "building",
        "lod_level": 0,
        "height": 0.1,
        "building:material": "concrete",
        "building:colour": "#CCCCCC",
        "building:type": "residential",
        "roof:shape": "flat",
        "roof:height": 0.0
      }
    },
    {
      "type": "Feature",
      "geometry": {
        "type": "Polygon",
        "coordinates": [
          [
            [
              -1.3629678276695296,
              -5.9834019054194485
            ],
            [
              -1.3627057929254327,
              -5.983395733808826
            ],
            [
              -1.362710581412016,
              -5.983191928753199
            ],
            [
              -1.362972616831262,
              -5.983198100397987
            ],
            [
              -1.3629678276695296,
              -5.9834019054194485
            ]
          ]
        ]
      },
      "properties": {
        "type": "building",
        "lod_level": 0,
        "height": 0.1,
        "building:material": "concrete",
        "building:colour": "#CCCCCC",
        "building:type": "commercial",
        "roof:shape": "flat",
        "roof:height": 0.0
      }
    },
    {
      "type": "Feature",
      "geometry": {
        "type": "Polygon",
        "coordinates": [
          [
            [
              -1.3633161033639125,
              -5.9826891392435355
            ],
            [
              -1.363068926574307,
              -5.98265110677619
            ],
            [
              -1.363102760133577,
              -5.9824306963159515
            ],
            [
              -1.3633499375960438,
              -5.982468729010886
            ],
            [
              -1.3633161033639125,
              -5.9826891392435355
            ]
          ]
        ]
      },
      "properties": {
        "type": "building",
        "lod_level": 0,
        "height": 0.1,
        "building:material": "concrete",
        "building:colour": "#CCCCCC",
        "building:type": "office",
        "roof:shape": "flat",
        "roof:height": 0.0
      }
    },
    {
      "type": "Feature",
      "geometry": {
        "type": "Polygon",
        "coordinates": [
          [
            [
              -1.3603859988472613,
              -5.983701736254403
            ],
            [
              -1.3602649815798957,
              -5.983683217281347
            ],
            [
              -1.3602902905293057,
              -5.983517437307623
            ],
            [
              -1.360411308044516,
              -5.983535956364032
            ],
            [
              -1.3603859988472613,
              -5.983701736254403
            ]
          ]
        ]
      },
      "properties": {
        "type": "building",
        "lod_level": 0,
        "height": 0.1,
        "building:material": "concrete",
        "building:colour": "#CCCCCC",
        "building:type": "residential",
        "roof:shape": "flat",
        "roof:height": 0.0
      }
    },
    {
      "type": "Feature",
      "geometry": {
        "type": "Polygon",
        "coordinates": [
          [
            [
              -1.3654423657034176,
              -5.98518322615079
            ],
            [
              -1.3654547844254235,
              -5.98500957494645
            ],
            [
              -1.3655567039417282,
              -5.985016881025216
            ],
            [
              -1.3655442849969985,
              -5.985190532195097
            ],
            [
              -1.3654423657034176,
              -5.98518322615079
            ]
          ]
        ]
      },
      "properties": {
        "type": "building",
        "lod_level": 0,
        "height": 0.1,
        "building:material": "concrete",
        "building:colour": "#CCCCCC",
        "building:type": "commercial",
        "roof:shape": "flat",
        "roof:height": 0.0
      }
    },
    {
      "type": "Feature",
      "geometry": {
        "type": "Polygon",
        "coordinates": [
          [
            [
              -1.3619950350842893,
              -5.9850472320120645
            ],
            [
              -1.3620187275003803,
              -5.9848535625840835
            ],
            [
              -1.3622294121569372,
              -5.98487939768982
            ],
            [
              -1.3622057192324568,
              -5.98507306698195
            ],
            [
              -1.3619950350842893,
              -5.9850472320120645
            ]
          ]
        ]
      },
      "properties": {
        "type": "building",
        "lod_level": 0,
        "height": 0.1,
        "building:material": "concrete",
        "building:colour": "#CCCCCC",
        "building:type": "residential",
        "roof:shape": "flat",
        "roof:height": 0.0
      }
    },
    {
      "type": "Feature",
      "geometry": {
        "type": "Polygon",
        "coordinates": [
          [
            [
              -1.3626868308295346,
              -5.985928787121425
            ],
            [
              -1.362695944108542,
              -5.98583237515069
            ],
            [
              -1.3627842213367838,
              -5.985840739216318
            ],
            [
              -1.3627751079510815,
              -5.985937151165162
            ],
            [
              -1.3626868308295346,
              -5.985928787121425
            ]
          ]
        ]
      },
      "properties": {
        "type": "building",
        "lod_level": 1,
        "height": 35.7,
        "building:material": "concrete",
        "building:colour": "#CCCCCC",
        "building:type": "office",
        "roof:shape": "flat",
        "roof:height": 0.0
      }
    },
    {
      "type": "Feature",
      "geometry": {
        "type": "Polygon",
        "coordinates": [
          [
            [
              -1.3656110442327551,
              -5.984656609865309
            ],
            [
              -1.3654260413958936,
              -5.984639347278244
            ],
            [
              -1.365441174372019,
              -5.984476782628627
            ],
            [
              -1.365626177586002,
              -5.984494045291892
            ],
            [
              -1.3656110442327551,
              -5.984656609865309
            ]
          ]
        ]
      },
      "properties": {
        "type": "building",
        "lod_level": 1,
        "height": 7.5,
        "building:material": "concrete",
        "building:colour": "#CCCCCC",
        "building:type": "industrial",
        "roof:shape": "flat",
        "roof:height": 0.0
      }
    },
    {
      "type": "Feature",
      "geometry": {
        "type": "Polygon",
        "coordinates": [
          [
            [
              -1.3633211777581096,
              -5.985445497883028
            ],
            [
              -1.3631637514631252,
              -5.985450625067726
            ],
            [
              -1.363159763450255,
              -5.985327891292245
            ],
            [
              -1.3633171899893852,
              -5.985322764090459
            ],
            [
              -1.3633211777581096,
              -5.985445497883028
            ]
          ]
        ]
      },
      "properties": {
        "type": "building",
        "lod_level": 1,
        "height": 23.1,
        "building:material": "concrete",
        "building:colour": "#CCCCCC",
        "building:type": "commercial",
        "roof:shape": "flat",
        "roof:height": 0.0
      }
    },
    {
      "type": "Feature",
      "geometry": {
        "type": "Polygon",
        "coordinates": [
          [
            [
              -1.364592832162625,
              -5.984947635909647
            ],
            [
              -1.3643919540672402,
              -5.9849559028509045
            ],
            [
              -1.3643836480376992,
              -5.98475360516975
            ],
            [
              -1.3645845266462482,
              -5.9847453381831155
            ],
            [
              -1.364592832162625,
              -5.984947635909647
            ]
          ]
        ]
      },
      "properties": {
        "type": "building",
        "lod_level": 1,
        "height": 16.6,
        "building:material": "concrete",
        "building:colour": "#CCCCCC",
        "building:type": "residential",
        "roof:shape": "flat",
        "roof:height": 0.0
      }
    },
    {
      "type": "Feature",
      "geometry": {
        "type": "Polygon",
        "coordinates": [
          [
            [
              -1.3626988209161486,
              -5.9830430489949045
            ],
            [
              -1.3627051277972633,
              -5.9828503244519835
            ],
            [
              -1.3628695168623592,
              -5.982855716972849
            ],
            [
              -1.3628632095809226,
              -5.983048441487554
            ],
            [
              -1.3626988209161486,
              -5.9830430489949045
            ]
          ]
        ]
      },
      "properties": {
        "type": "building",
        "lod_level": 1,
        "height": 13.1,
        "building:material": "concrete",
        "building:colour": "#CCCCCC",
        "building:type": "residential",
        "roof:shape": "flat",
        "roof:height": 0.0
      }
    },
    {
      "type": "Feature",
      "geometry": {
        "type": "Polygon",
        "coordinates": [
          [
            [
              -1.365547576414476,
              -5.983721582758546
            ],
            [
              -1.3655574126903856,
              -5.9835724057662345
            ],
            [
              -1.3656765178862789,
              -5.983580277869041
            ],
            [
              -1.3656666813865974,
              -5.983729454829464
            ],
            [
              -1.365547576414476,
              -5.983721582758546
            ]
          ]
        ]
      },
      "properties": {
        "type": "building",
        "lod_level": 1,
        "height": 34.3,
        "building:material": "concrete",
        "building:colour": "#CCCCCC",
        "building:type": "office",
        "roof:shape": "flat",
        "roof:height": 0.0
      }
    },
    {
      "type": "Feature",
      "geometry": {
        "type": "Polygon",
        "coordinates": [
          [
            [
              -1.3613667385962722,
              -5.983817716960329
            ],
            [
              -1.3613710569451243,
              -5.9836694462262
            ],
            [
              -1.361461977056796,
              -5.983672100568216
            ],
            [
              -1.3614576585375655,
              -5.983820371291644
            ],
            [
              -1.3613667385962722,
              -5.983817716960329
            ]
          ]
        ]
      },
      "properties": {
        "type": "building",
        "lod_level": 1,
        "height": 24.8,
        "building:material": "concrete",
        "building:colour": "#CCCCCC",
        "building:type": "residential",
        "roof:shape": "flat",
        "roof:height": 0.0
      }
    },
    {
      "type": "Feature",
      "geometry": {
        "type": "Polygon",
        "coordinates": [
          [
            [
              -1.3613359428947096,
              -5.98364247686086
            ],
            [
              -1.3613604050496535,
              -5.983401419906965
            ],
            [
              -1.3614490592014867,
              -5.983410437762212
            ],
            [
              -1.3614245967790097,
              -5.983651494657065
            ],
            [
              -1.3613359428947096,
              -5.98364247686086
            ]
          ]
        ]
      },
      "properties": {
        "type": "building",
        "lod_level": 1,
        "height": 7.3,
        "building:material": "concrete",
        "building:colour": "#CCCCCC",
        "building:type": "industrial",
        "roof:shape": "flat",
        "roof:height": 0.0
      }
    },
    {
      "type": "Feature",
      "geometry": {
        "type": "Polygon",
        "coordinates": [
          [
            [
              -1.3641200937024551,
              -5.983974663218755
            ],
            [
              -1.3641206177336231,
              -5.983876977910919
            ],
            [
              -1.3642186748208898,
              -5.983877505241141
            ],
            [
              -1.364218150668561,
              -5.9839751905476
            ],
            [
              -1.3641200937024551,
              -5.983974663218755
            ]
          ]
        ]
      },
      "properties": {
        "type": "building",
        "lod_level": 1,
        "height": 14.8,
        "building:material": "concrete",
        "building:colour": "#CCCCCC",
        "building:type": "residential",
        "roof:shape": "flat",
        "roof:height": 0.0
      }
    },
    {
      "type": "Feature",
      "geometry": {
        "type": "Polygon",
        "coordinates": [
          [
            [
              -1.3656702484267784,
              -5.983896865553507
            ],
            [
              -1.3655859577803704,
              -5.983898756451224
            ],
            [
              -1.3655838346260156,
              -5.983803891085868
            ],
            [
              -1.3656681253735186,
              -5.983802000183278
            ],
            [
              -1.3656702484267784,
              -5.983896865553507
            ]
          ]
        ]
      },
      "properties": {
        "type": "building",
        "lod_level": 1,
        "height": 22.9,
        "building:material": "concrete",
        "building:colour": "#CCCCCC",
        "building:type": "residential",
        "roof:shape": "flat",
        "roof:height": 0.0
      }
    },
    {
      "type": "Feature",
      "geometry": {
        "type": "Polygon",
        "coordinates": [
          [
            [
              -1.3630735645101475,
              -5.984603363014041
            ],
            [
              -1.3629619135847133,
              -5.984595150459525
            ],
            [
              -1.362974002868266,
              -5.984430405303988
            ],
            [
              -1.3630856540251166,
              -5.984438617895206
            ],
            [
              -1.3630735645101475,
              -5.984603363014041
            ]
          ]
        ]
      },
      "properties": {
        "type": "building",
        "lod_level": 1,
        "height": 18.9,
        "building:material": "concrete",
        "building:colour": "#CCCCCC",
        "building:type": "residential",
        "roof:shape": "flat",
        "roof:height": 0.0
      }
    },
    {
      "type": "Feature",
      "geometry": {
        "type": "Polygon",
        "coordinates": [
          [
            [
              -1.3631388530845092,
              -5.983203828145303
            ],
            [
              -1.3631393998922359,
              -5.982962272764088
            ],
            [
              -1.3632525168166258,
              -5.982962529513903
            ],
            [
              -1.3632519696632714,
              -5.983204084893427
            ],
            [
              -1.3631388530845092,
              -5.983203828145303
            ]
          ]
        ]
      },
      "properties": {
        "type": "building",
        "lod_level": 1,
        "height": 27.7,
        "building:material": "concrete",
        "building:colour": "#CCCCCC",
        "building:type": "commercial",
        "roof:shape": "flat",
        "roof:height": 0.0
      }
    },
    {
      "type": "Feature",
      "geometry": {
        "type": "Polygon",
        "coordinates": [
          [
            [
              -1.3629677217559892,
              -5.984125489929134
            ],
            [
              -1.3629729036886342,
              -5.983894287028904
            ],
            [
              -1.363102030645092,
              -5.983897188091642
            ],
            [
              -1.3630968483349997,
              -5.984128390973641
            ],
            [
              -1.3629677217559892,
              -5.984125489929134
            ]
          ]
        ]
      },
      "properties": {
        "type": "building",
        "lod_level": 1,
        "height": 9.9,
        "building:material": "concrete",
        "building:colour": "#CCCCCC",
        "building:type": "office",
        "roof:shape": "flat",
        "roof:height": 0.0
      }
    },
    {
      "type": "Feature",
      "geometry": {
        "type": "Polygon",
        "coordinates": [
          [
            [
              -1.363273177305555,
              -5.984714116781986
            ],
            [
              -1.3633062673150165,
              -5.984494085438908
            ],
            [
              -1.3634244098589843,
              -5.9845118946945455
            ],
            [
              -1.3633913195281573,
              -5.9847319259312455
            ],
            [
              -1.363273177305555,
              -5.984714116781986
            ]
          ]
        ]
      },
      "properties": {
        "type": "building",
        "lod_level": 1,
        "height": 58.5,
        "building:material": "concrete",
        "building:colour": "#CCCCCC",
        "building:type": "office",
        "roof:shape": "flat",
        "roof:height": 0.0
      }
    },
    {
      "type": "Feature",
      "geometry": {
        "type": "Polygon",
        "coordinates": [
          [
            [
              -1.3624414405439071,
              -5.981644424755617
            ],
            [
              -1.3622477889209168,
              -5.981619641176655
            ],
            [
              -1.362263906739789,
              -5.9814934013703756
            ],
            [
              -1.3624575586669587,
              -5.981518185034266
            ],
            [
              -1.3624414405439071,
              -5.981644424755617
            ]
          ]
        ]
      },
      "properties": {
        "type": "building",
        "lod_level": 1,
        "height": 11.6,
        "building:material": "concrete",
        "building:colour": "#CCCCCC",
        "building:type": "residential",
        "roof:shape": "flat",
        "roof:height": 0.0
      }
    },
    {
      "type": "Feature",
      "geometry": {
        "type": "Polygon",
        "coordinates": [
          [
            [
              -1.3636607485609036,
              -5.982790128626908
            ],
            [
              -1.3636850556489513,
              -5.982610222797878
            ],
            [
              -1.3638486494601638,
              -5.982632378513918
            ],
            [
              -1.3638243420066425,
              -5.982812284234724
            ],
            [
              -1.3636607485609036,
              -5.982790128626908
            ]
          ]
        ]
      },
      "properties": {
        "type": "building",
        "lod_level": 1,
        "height": 17.8,
        "building:material": "concrete",
        "building:colour": "#CCCCCC",
        "building:type": "commercial",
        "roof:shape": "flat",
        "roof:height": 0.0
      }
    },
    {
      "type": "Feature",
      "geometry": {
        "type": "Polygon",
        "coordinates": [
          [
            [
              -1.3632387191103201,
              -5.986337108545747
            ],
            [
              -1.3632363427521852,
              -5.986194502302634
            ],
            [
              -1.3633449281106336,
              -5.986192688672609
            ],
            [
              -1.3633473042729465,
              -5.986335294922754
            ],
            [
              -1.3632387191103201,
              -5.986337108545747
            ]
          ]
        ]
      },
      "properties": {
        "type": "building",
        "lod_level": 1,
        "height": 40.7,
        "building:material": "concrete",
        "building:colour": "#CCCCCC",
        "building:type": "office",
        "roof:shape": "flat",
        "roof:height": 0.0
      }
    },
    {
      "type": "Feature",
      "geometry": {
        "type": "Polygon",
        "coordinates": [
          [
            [
              -1.3605982821080433,
              -5.984543929453767
            ],
            [
              -1.3606141035208075,
              -5.984431131883538
            ],
            [
              -1.3607963265695195,
              -5.984456751770214
            ],
            [
              -1.360780504901885,
              -5.984569549261974
            ],
            [
              -1.3605982821080433,
              -5.984543929453767
            ]
          ]
        ]
      },
      "properties": {
        "type": "building",
        "lod_level": 1,
        "height": 32.2,
        "building:material": "concrete",
        "building:colour": "#CCCCCC",
        "building:type": "office",
        "roof:shape": "flat",
        "roof:height": 0.0
      }
    },
    {
      "type": "Feature",
      "geometry": {
        "type": "Polygon",
        "coordinates": [
          [
            [
              -1.3621489125020096,
              -5.985981144896622
            ],
            [
              -1.3621686502256898,
              -5.9858345535242385
            ],
            [
              -1.3623427594468862,
              -5.985858051832975
            ],
            [
              -1.3623230214062256,
              -5.986004643111806
            ],
            [
              -1.3621489125020096,
              -5.985981144896622
            ]
          ]
        ]
      },
      "properties": {
        "type": "building",
        "lod_level": 1,
        "height": 37.4,
        "building:material": "concrete",
        "building:colour": "#CCCCCC",
        "building:type": "office",
        "roof:shape": "flat",
        "roof:height": 0.0
      }
    },
    {
      "type": "Feature",
      "geometry": {
        "type": "Polygon",
        "coordinates": [
          [
            [
              -1.3622603411151257,
              -5.982763231427485
            ],
            [
              -1.3622593358578874,
              -5.982529157247976
            ],
            [
              -1.3624719748127845,
              -5.982528242168962
            ],
            [
              -1.3624729794404407,
              -5.98276231635429
            ],
            [
              -1.3622603411151257,
              -5.982763231427485
            ]
          ]
        ]
      },
      "properties": {
        "type": "building",
        "lod_level": 1,
        "height": 11.3,
        "building:material": "concrete",
        "building:colour": "#CCCCCC",
        "building:type": "residential",
        "roof:shape": "flat",
        "roof:height": 0.0
      }
    },
    {
      "type": "Feature",
      "geometry": {
        "type": "Polygon",
        "coordinates": [
          [
            [
              -1.3635543709848323,
              -5.983960422979395
            ],
            [
              -1.3635670400793745,
              -5.983828123482733
            ],
            [
              -1.3637468552663319,
              -5.983845383638749
            ],
            [
              -1.3637341858736367,
              -5.9839776830734035
            ],
            [
              -1.3635543709848323,
              -5.983960422979395
            ]
          ]
        ]
      },
      "properties": {
        "type": "building",
        "lod_level": 1,
        "height": 13.9,
        "building:material": "concrete",
        "building:colour": "#CCCCCC",
        "building:type": "residential",
        "roof:shape": "flat",
        "roof:height": 0.0
      }
    },
    {
      "type": "Feature",
      "geometry": {
        "type": "Polygon",
        "coordinates": [
          [
            [
              -1.3619359833052715,
              -5.981882109478562
            ],
            [
              -1.3617572794204893,
              -5.981885521192727
            ],
            [
              -1.3617555834999284,
              -5.981796484411341
            ],
            [
              -1.3619342875859022,
              -5.981793072688939
            ],
            [
              -1.3619359833052715,
              -5.981882109478562
            ]
          ]
        ]
      },
      "properties": {
        "type": "building",
        "lod_level": 1,
        "height": 21.6,
        "building:material": "concrete",
        "building:colour": "#CCCCCC",
        "building:type": "residential",
        "roof:shape": "flat",
        "roof:height": 0.0
      }
    },
    {
      "type": "Feature",
      "geometry": {
        "type": "Polygon",
        "coordinates": [
          [
            [
              -1.365238689882161,
              -5.9846197034347055
            ],
            [
              -1.365092446409753,
              -5.984624832996603
            ],
            [
              -1.3650878838940357,
              -5.984494452401042
            ],
            [
              -1.3652341276073356,
              -5.9844893228209655
            ],
            [
              -1.365238689882161,
              -5.9846197034347055
            ]
          ]
        ]
      },
      "properties": {
        "type": "building",
        "lod_level": 1,
        "height": 5.2,
        "building:material": "concrete",
        "building:colour": "#CCCCCC",
        "building:type": "commercial",
        "roof:shape": "flat",
        "roof:height": 0.0
      }
    },
    {
      "type": "Feature",
      "geometry": {
        "type": "Polygon",
        "coordinates": [
          [
            [
              -1.362029322721797,
              -5.985403992624917
            ],
            [
              -1.3620333330072645,
              -5.985258251197924
            ],
            [
              -1.362156263946101,
              -5.985261641896911
            ],
            [
              -1.3621522534341786,
              -5.9854073833105055
            ],
            [
              -1.362029322721797,
              -5.985403992624917
            ]
          ]
        ]
      },
      "properties": {
        "type": "building",
        "lod_level": 1,
        "height": 24.6,
        "building:material": "concrete",
        "building:colour": "#CCCCCC",
        "building:type": "office",
        "roof:shape": "flat",
        "roof:height": 0.0
      }
    },
    {
      "type": "Feature",
      "geometry": {
        "type": "Polygon",
        "coordinates": [
          [
            [
              -1.3609215509641888,
              -5.984463487834121
            ],
            [
              -1.3609421521339675,
              -5.984322104772906
            ],
            [
              -1.3611267920939634,
              -5.984349072772788
            ],
            [
              -1.361106190601003,
              -5.984490455730471
            ],
            [
              -1.3609215509641888,
              -5.984463487834121
            ]
          ]
        ]
      },
      "properties": {
        "type": "building",
        "lod_level": 1,
        "height": 9.5,
        "building:material": "concrete",
        "building:colour": "#CCCCCC",
        "building:type": "office",
        "roof:shape": "flat",
        "roof:height": 0.0
      }
    },
    {
      "type": "Feature",
      "geometry": {
        "type": "Polygon",
        "coordinates": [
          [
            [
              -1.36291030497602,
              -5.98353197390885
            ],
            [
              -1.3629176788662296,
              -5.98330520910963
            ],
            [
              -1.3630576893312987,
              -5.983309772842196
            ],
            [
              -1.3630503150399067,
              -5.98353653761332
            ],
            [
              -1.36291030497602,
              -5.98353197390885
            ]
          ]
        ]
      },
      "properties": {
        "type": "building",
        "lod_level": 1,
        "height": 3.0,
        "building:material": "concrete",
        "building:colour": "#CCCCCC",
        "building:type": "residential",
        "roof:shape": "flat",
        "roof:height": 0.0
      }
    },
    {
      "type": "Feature",
      "geometry": {
        "type": "Polygon",
        "coordinates": [
          [
            [
              -1.3648883681237054,
              -5.984528765007413
            ],
            [
              -1.3649006488696096,
              -5.984421677761598
            ],
            [
              -1.3650283201840794,
              -5.984436353777345
            ],
            [
              -1.3650160392675128,
              -5.984543440980496
            ],
            [
              -1.3648883681237054,
              -5.984528765007413
            ]
          ]
        ]
      },
      "properties": {
        "type": "building",
        "lod_level": 1,
        "height": 21.0,
        "building:material": "concrete",
        "building:colour": "#CCCCCC",
        "building:type": "commercial",
        "roof:shape": "flat",
        "roof:height": 0.0
      }
    },
    {
      "type": "Feature",
      "geometry": {
        "type": "Polygon",
        "coordinates": [
          [
            [
              -1.3640905069679907,
              -5.982759450936941
            ],
            [
              -1.3640830767561887,
              -5.982582181365251
            ],
            [
              -1.3642945830431774,
              -5.982573295406933
            ],
            [
              -1.3643020127815475,
              -5.9827505650214015
            ],
            [
              -1.3640905069679907,
              -5.982759450936941
            ]
          ]
        ]
      },
      "properties": {
        "type": "building",
        "lod_level": 1,
        "height": 5.7,
        "building:material": "concrete",
        "building:colour": "#CCCCCC",
        "building:type": "residential",
        "roof:shape": "flat",
        "roof:height": 0.0
      }
    },
    {
      "type": "Feature",
      "geometry": {
        "type": "Polygon",
        "coordinates": [
          [
            [
              -1.364763603947874,
              -5.985107406930426
            ],
            [
              -1.3645663897177918,
              -5.9850917379368385
            ],
            [
              -1.3645769063789137,
              -5.9849590580783545
            ],
            [
              -1.3647741209378996,
              -5.984974727128397
            ],
            [
              -1.364763603947874,
              -5.985107406930426
            ]
          ]
        ]
      },
      "properties": {
        "type": "building",
        "lod_level": 1,
        "height": 14.7,
        "building:material": "concrete",
        "building:colour": "#CCCCCC",
        "building:type": "office",
        "roof:shape": "flat",
        "roof:height": 0.0
      }
    },
    {
      "type": "Feature",
      "geometry": {
        "type": "Polygon",
        "coordinates": [
          [
            [
              -1.3615922855216636,
              -5.983408437148906
            ],
            [
              -1.361614722201472,
              -5.983194409007435
            ],
            [
              -1.3617686868542416,
              -5.983210587564655
            ],
            [
              -1.3617462497621957,
              -5.983424615612091
            ],
            [
              -1.3615922855216636,
              -5.983408437148906
            ]
          ]
        ]
      },
      "properties": {
        "type": "building",
        "lod_level": 1,
        "height": 25.2,
        "building:material": "concrete",
        "building:colour": "#CCCCCC",
        "building:type": "commercial",
        "roof:shape": "flat",
        "roof:height": 0.0
      }
    },
    {
      "type": "Feature",
      "geometry": {
        "type": "Polygon",
        "coordinates": [
          [
            [
              -1.3655383119882998,
              -5.984176984926882
            ],
            [
              -1.3653437581302885,
              -5.984185663380183
            ],
            [
              -1.3653399407377653,
              -5.98409988516983
            ],
            [
              -1.365534494806455,
              -5.9840912066963154
            ],
            [
              -1.3655383119882998,
              -5.984176984926882
            ]
          ]
        ]
      },
      "properties": {
        "type": "building",
        "lod_level": 1,
        "height": 7.1,
        "building:material": "concrete",
        "building:colour": "#CCCCCC",
        "building:type": "residential",
        "roof:shape": "flat",
        "roof:height": 0.0
      }
    },
    {
      "type": "Feature",
      "geometry": {
        "type": "Polygon",
        "coordinates": [
          [
            [
              -1.362488021378328,
              -5.985164815913147
            ],
            [
              -1.3624949113434182,
              -5.985033467498488
            ],
            [
              -1.3626822275887007,
              -5.985043316705839
            ],
            [
              -1.3626753373132479,
              -5.985174665085375
            ],
            [
              -1.362488021378328,
              -5.985164815913147
            ]
          ]
        ]
      },
      "properties": {
        "type": "building",
        "lod_level": 1,
        "height": 15.3,
        "building:material": "concrete",
        "building:colour": "#CCCCCC",
        "building:type": "office",
        "roof:shape": "flat",
        "roof:height": 0.0
      }
    },
    {
      "type": "Feature",
      "geometry": {
        "type": "Polygon",
        "coordinates": [
          [
            [
              -1.3630917954780866,
              -5.9859314697727095
            ],
            [
              -1.362876876223539,
              -5.9859366680234185
            ],
            [
              -1.3628728939681058,
              -5.9857716450495895
            ],
            [
              -1.3630878136710218,
              -5.985766446775574
            ],
            [
              -1.3630917954780866,
              -5.9859314697727095
            ]
          ]
        ]
      },
      "properties": {
        "type": "building",
        "lod_level": 1,
        "height": 9.9,
        "building:material": "concrete",
        "building:colour": "#CCCCCC",
        "building:type": "residential",
        "roof:shape": "flat",
        "roof:height": 0.0
      }
    },
    {
      "type": "Feature",
      "geometry": {
        "type": "Polygon",
        "coordinates": [
          [
            [
              -1.3644710070459938,
              -5.982834730636571
            ],
            [
              -1.3644664162013862,
              -5.982704762609223
            ],
            [
              -1.3645892692540855,
              -5.982700412902055
            ],
            [
              -1.3645938598969736,
              -5.982830380944773
            ],
            [
              -1.3644710070459938,
              -5.982834730636571
            ]
          ]
        ]
      },
      "properties": {
        "type": "building",
        "lod_level": 1,
        "height": 6.9,
        "building:material": "concrete",
        "building:colour": "#CCCCCC",
        "building:type": "residential",
        "roof:shape": "flat",
        "roof:height": 0.0
      }
    },
    {
      "type": "Feature",
      "geometry": {
        "type": "Polygon",
        "coordinates": [
          [
            [
              -1.3659549322376967,
              -5.984103611605867
            ],
            [
              -1.3657789711057404,
              -5.984096023808318
            ],
            [
              -1.3657825270289838,
              -5.984013364937536
            ],
            [
              -1.3659584883445794,
              -5.984020952752154
            ],
            [
              -1.3659549322376967,
              -5.984103611605867
            ]
          ]
        ]
      },
      "properties": {
        "type": "building",
        "lod_level": 1,
        "height": 11.9,
        "building:material": "concrete",
        "building:colour": "#CCCCCC",
        "building:type": "residential",
        "roof:shape": "flat",
        "roof:height": 0.0
      }
    },
    {
      "type": "Feature",
      "geometry": {
        "type": "Polygon",
        "coordinates": [
          [
            [
              -1.3651518942808933,
              -5.985443419643223
            ],
            [
              -1.3649428111062665,
              -5.985447290885243
            ],
            [
              -1.3649403284528516,
              -5.985312897996914
            ],
            [
              -1.3651494119827965,
              -5.985309026740776
            ],
            [
              -1.3651518942808933,
              -5.985443419643223
            ]
          ]
        ]
      },
      "properties": {
        "type": "building",
        "lod_level": 1,
        "height": 26.0,
        "building:material": "concrete",
        "building:colour": "#CCCCCC",
        "building:type": "residential",
        "roof:shape": "flat",
        "roof:height": 0.0
      }
    },
    {
      "type": "Feature",
      "geometry": {
        "type": "Polygon",
        "coordinates": [
          [
            [
              -1.3653340986753915,
              -5.985286978231105
            ],
            [
              -1.3651721664921346,
              -5.985278875849884
            ],
            [
              -1.3651767590312225,
              -5.985186872171902
            ],
            [
              -1.3653386914024639,
              -5.985194974573356
            ],
            [
              -1.3653340986753915,
              -5.985286978231105
            ]
          ]
        ]
      },
      "properties": {
        "type": "building",
        "lod_level": 1,
        "height": 12.6,
        "building:material": "concrete",
        "building:colour": "#CCCCCC",
        "building:type": "residential",
        "roof:shape": "flat",
        "roof:height": 0.0
      }
    },
    {
      "type": "Feature",
      "geometry": {
        "type": "Polygon",
        "coordinates": [
          [
            [
              -1.3623865423058619,
              -5.9836780846695
            ],
            [
              -1.3621962751550212,
              -5.983677064103119
            ],
            [
              -1.3621968373340865,
              -5.983571984033924
            ],
            [
              -1.36238710473782,
              -5.983573004603223
            ],
            [
              -1.3623865423058619,
              -5.9836780846695
            ]
          ]
        ]
      },
      "properties": {
        "type": "building",
        "lod_level": 1,
        "height": 11.1,
        "building:material": "concrete",
        "building:colour": "#CCCCCC",
        "building:type": "residential",
        "roof:shape": "flat",
        "roof:height": 0.0
      }
    },
    {
      "type": "Feature",
      "geometry": {
        "type": "Polygon",
        "coordinates": [
          [
            [
              -1.3626692154111038,
              -5.9842951371633095
            ],
            [
              -1.3624185978629761,
              -5.984275421408954
            ],
            [
              -1.3624366559142491,
              -5.98404532917232
            ],
            [
              -1.3626872741872982,
              -5.984065045049848
            ],
            [
              -1.3626692154111038,
              -5.9842951371633095
            ]
          ]
        ]
      },
      "properties": {
        "type": "building",
        "lod_level": 1,
        "height": 28.3,
        "building:material": "concrete",
        "building:colour": "#CCCCCC",
        "building:type": "commercial",
        "roof:shape": "flat",
        "roof:height": 0.0
      }
    },
    {
      "type": "Feature",
      "geometry": {
        "type": "Polygon",
        "coordinates": [
          [
            [
              -1.361554408397044,
              -5.984936482157488
            ],
            [
              -1.3613179248784675,
              -5.984922022649962
            ],
            [
              -1.3613256838713632,
              -5.984794822739804
            ],
            [
              -1.361562167769021,
              -5.984809282297282
            ],
            [
              -1.361554408397044,
              -5.984936482157488
            ]
          ]
        ]
      },
      "properties": {
        "type": "building",
        "lod_level": 1,
        "height": 13.6,
        "building:material": "concrete",
        "building:colour": "#CCCCCC",
        "building:type": "office",
        "roof:shape": "flat",
        "roof:height": 0.0
      }
    },
    {
      "type": "Feature",
      "geometry": {
        "type": "Polygon",
        "coordinates": [
          [
            [
              -1.3637554642992913,
              -5.984642501657445
            ],
            [
              -1.3635409339824167,
              -5.984651489662759
            ],
            [
              -1.363532400465201,
              -5.984447333285528
            ],
            [
              -1.3637469313351183,
              -5.984438345230403
            ],
            [
              -1.3637554642992913,
              -5.984642501657445
            ]
          ]
        ]
      },
      "properties": {
        "type": "building",
        "lod_level": 1,
        "height": 14.8,
        "building:material": "concrete",
        "building:colour": "#CCCCCC",
        "building:type": "office",
        "roof:shape": "flat",
        "roof:height": 0.0
      }
    },
    {
      "type": "Feature",
      "geometry": {
        "type": "Polygon",
        "coordinates": [
          [
            [
              -1.3613538700769896,
              -5.982391771163696
            ],
            [
              -1.3612633473127085,
              -5.982390154024898
            ],
            [
              -1.361266483752762,
              -5.982214163692051
            ],
            [
              -1.3613570067184952,
              -5.982215780838578
            ],
            [
              -1.3613538700769896,
              -5.982391771163696
            ]
          ]
        ]
      },
      "properties": {
        "type": "building",
        "lod_level": 1,
        "height": 7.3,
        "building:material": "concrete",
        "building:colour": "#CCCCCC",
        "building:type": "industrial",
        "roof:shape": "flat",
        "roof:height": 0.0
      }
    },
    {
      "type": "Feature",
      "geometry": {
        "type": "Polygon",
        "coordinates": [
          [
            [
              -1.3639093919268785,
              -5.982193308042092
            ],
            [
              -1.3639083843579853,
              -5.982099226229606
            ],
            [
              -1.3640048852277062,
              -5.982098190362604
            ],
            [
              -1.364005892681771,
              -5.982192272177726
            ],
            [
              -1.3639093919268785,
              -5.982193308042092
            ]
          ]
        ]
      },
      "properties": {
        "type": "building",
        "lod_level": 1,
        "height": 15.0,
        "building:material": "concrete",
        "building:colour": "#CCCCCC",
        "building:type": "residential",
        "roof:shape": "flat",
        "roof:height": 0.0
      }
    },
    {
      "type": "Feature",
      "geometry": {
        "type": "Polygon",
        "coordinates": [
          [
            [
              -1.3649269936172392,
              -5.98247996846993
            ],
            [
              -1.3649271460393715,
              -5.982369745866392
            ],
            [
              -1.3650157433647931,
              -5.982369868723973
            ],
            [
              -1.3650155908191353,
              -5.9824800913271305
            ],
            [
              -1.3649269936172392,
              -5.98247996846993
            ]
          ]
        ]
      },
      "properties": {
        "type": "building",
        "lod_level": 1,
        "height": 7.2,
        "building:material": "concrete",
        "building:colour": "#CCCCCC",
        "building:type": "industrial",
        "roof:shape": "flat",
        "roof:height": 0.0
      }
    },
    {
      "type": "Feature",
      "geometry": {
        "type": "Polygon",
        "coordinates": [
          [
            [
              -1.3636715775378114,
              -5.981785787737775
            ],
            [
              -1.3636736653810573,
              -5.981655651074264
            ],
            [
              -1.3637788086986142,
              -5.981657342010201
            ],
            [
              -1.3637767206823335,
              -5.981787478667721
            ],
            [
              -1.3636715775378114,
              -5.981785787737775
            ]
          ]
        ]
      },
      "properties": {
        "type": "building",
        "lod_level": 1,
        "height": 10.2,
        "building:material": "concrete",
        "building:colour": "#CCCCCC",
        "building:type": "commercial",
        "roof:shape": "flat",
        "roof:height": 0.0
      }
    },
    {
      "type": "Feature",
      "geometry": {
        "type": "Polygon",
        "coordinates": [
          [
            [
              -1.3604485195500076,
              -5.983716362176562
            ],
            [
              -1.3604516137178986,
              -5.983574467963458
            ],
            [
              -1.3606021296591848,
              -5.983577758046414
            ],
            [
              -1.3605990352212665,
              -5.983719652246863
            ],
            [
              -1.3604485195500076,
              -5.983716362176562
            ]
          ]
        ]
      },
      "properties": {
        "type": "building",
        "lod_level": 1,
        "height": 13.4,
        "building:material": "concrete",
        "building:colour": "#CCCCCC",
        "building:type": "residential",
        "roof:shape": "flat",
        "roof:height": 0.0
      }
    },
    {
      "type": "Feature",
      "geometry": {
        "type": "Polygon",
        "coordinates": [
          [
            [
              -1.3654083172461038,
              -5.982793039433412
            ],
            [
              -1.3654140407093323,
              -5.982708421142767
            ],
            [
              -1.3654970919516032,
              -5.982714051962461
            ],
            [
              -1.3654913683998877,
              -5.982798670240169
            ],
            [
              -1.3654083172461038,
              -5.982793039433412
            ]
          ]
        ]
      },
      "properties": {
        "type": "building",
        "lod_level": 1,
        "height": 10.8,
        "building:material": "concrete",
        "building:colour": "#CCCCCC",
        "building:type": "commercial",
        "roof:shape": "flat",
        "roof:height": 0.0
      }
    },
    {
      "type": "Feature",
      "geometry": {
        "type": "Polygon",
        "coordinates": [
          [
            [
              -1.3629860619011314,
              -5.981357001370184
            ],
            [
              -1.3627902793598408,
              -5.981360890192918
            ],
            [
              -1.3627879739499813,
              -5.981244556379468
            ],
            [
              -1.3629837567792593,
              -5.981240667544463
            ],
            [
              -1.3629860619011314,
              -5.981357001370184
            ]
          ]
        ]
      },
      "properties": {
        "type": "building",
        "lod_level": 1,
        "height": 15.9,
        "building:material": "concrete",
        "building:colour": "#CCCCCC",
        "building:type": "residential",
        "roof:shape": "flat",
        "roof:height": 0.0
      }
    },
    {
      "type": "Feature",
      "geometry": {
        "type": "Polygon",
        "coordinates": [
          [
            [
              -1.3633971168843246,
              -5.983784797289334
            ],
            [
              -1.3633933777646399,
              -5.983682223253177
            ],
            [
              -1.3635511119164316,
              -5.983676459947088
            ],
            [
              -1.36355485083173,
              -5.983779033999296
            ],
            [
              -1.3633971168843246,
              -5.983784797289334
            ]
          ]
        ]
      },
      "properties": {
        "type": "building",
        "lod_level": 1,
        "height": 6.3,
        "building:material": "concrete",
        "building:colour": "#CCCCCC",
        "building:type": "residential",
        "roof:shape": "flat",
        "roof:height": 0.0
      }
    },
    {
      "type": "Feature",
      "geometry": {
        "type": "Polygon",
        "coordinates": [
          [
            [
              -1.3634787022995545,
              -5.98472517472438
            ],
            [
              -1.3632661065967526,
              -5.984716630233235
            ],
            [
              -1.3632744744145715,
              -5.984507932079186
            ],
            [
              -1.3634870706776998,
              -5.984516476618776
            ],
            [
              -1.3634787022995545,
              -5.98472517472438
            ]
          ]
        ]
      },
      "properties": {
        "type": "building",
        "lod_level": 1,
        "height": 20.6,
        "building:material": "concrete",
        "building:colour": "#CCCCCC",
        "building:type": "office",
        "roof:shape": "flat",
        "roof:height": 0.0
      }
    },
    {
      "type": "Feature",
      "geometry": {
        "type": "Polygon",
        "coordinates": [
          [
            [
              -1.3631936839752559,
              -5.983718215785761
            ],
            [
              -1.3631862255062033,
              -5.983436259868825
            ],
            [
              -1.3633324336523645,
              -5.98343238326337
            ],
            [
              -1.363339891600326,
              -5.983714339209988
            ],
            [
              -1.3631936839752559,
              -5.983718215785761
            ]
          ]
        ]
      },
      "properties": {
        "type": "building",
        "lod_level": 1,
        "height": 20.5,
        "building:material": "concrete",
        "building:colour": "#CCCCCC",
        "building:type": "residential",
        "roof:shape": "flat",
        "roof:height": 0.0
      }
    },
    {
      "type": "Feature",
      "geometry": {
        "type": "Polygon",
        "coordinates": [
          [
            [
              -1.3610664437976046,
              -5.984629297833395
            ],
            [
              -1.361074708132154,
              -5.98453487120343
            ],
            [
              -1.3612284266835102,
              -5.984548356766209
            ],
            [
              -1.361220162166763,
              -5.9846427833615925
            ],
            [
              -1.3610664437976046,
              -5.984629297833395
            ]
          ]
        ]
      },
      "properties": {
        "type": "building",
        "lod_level": 1,
        "height": 8.7,
        "building:material": "concrete",
        "building:colour": "#CCCCCC",
        "building:type": "office",
        "roof:shape": "flat",
        "roof:height": 0.0
      }
    },
    {
      "type": "Feature",
      "geometry": {
        "type": "Polygon",
        "coordinates": [
          [
            [
              -1.363611858552875,
              -5.983005186335612
            ],
            [
              -1.3633853195672885,
              -5.9829740672246805
            ],
            [
              -1.363412242587714,
              -5.982777608861901
            ],
            [
              -1.3636387821256641,
              -5.982808728138841
            ],
            [
              -1.363611858552875,
              -5.983005186335612
            ]
          ]
        ]
      },
      "properties": {
        "type": "building",
        "lod_level": 1,
        "height": 32.8,
        "building:material": "concrete",
        "building:colour": "#CCCCCC",
        "building:type": "office",
        "roof:shape": "flat",
        "roof:height": 0.0
      }
    },
    {
      "type": "Feature",
      "geometry": {
        "type": "Polygon",
        "coordinates": [
          [
            [
              -1.36055955447284,
              -5.984999745015038
            ],
            [
              -1.3605685479404113,
              -5.984911993149058
            ],
            [
              -1.360719756285311,
              -5.984927526836978
            ],
            [
              -1.3607107626516677,
              -5.985015278665941
            ],
            [
              -1.36055955447284,
              -5.984999745015038
            ]
          ]
        ]
      },
      "properties": {
        "type": "building",
        "lod_level": 1,
        "height": 19.1,
        "building:material": "concrete",
        "building:colour": "#CCCCCC",
        "building:type": "commercial",
        "roof:shape": "flat",
        "roof:height": 0.0
      }
    },
    {
      "type": "Feature",
      "geometry": {
        "type": "Polygon",
        "coordinates": [
          [
            [
              -1.362559159008191,
              -5.982788875277031
            ],
            [
              -1.3623779606779824,
              -5.982760531605275
            ],
            [
              -1.3623951259350575,
              -5.982650535184373
            ],
            [
              -1.3625763245112263,
              -5.982678878940778
            ],
            [
              -1.362559159008191,
              -5.982788875277031
            ]
          ]
        ]
      },
      "properties": {
        "type": "building",
        "lod_level": 1,
        "height": 12.1,
        "building:material": "concrete",
        "building:colour": "#CCCCCC",
        "building:type": "residential",
        "roof:shape": "flat",
        "roof:height": 0.0
      }
    },
    {
      "type": "Feature",
      "geometry": {
        "type": "Polygon",
        "coordinates": [
          [
            [
              -1.3634847706028947,
              -5.981943228776027
            ],
            [
              -1.3634913344532682,
              -5.98175537326344
            ],
            [
              -1.3635870681118367,
              -5.981758726283466
            ],
            [
              -1.3635805040342557,
              -5.9819465817789705
            ],
            [
              -1.3634847706028947,
              -5.981943228776027
            ]
          ]
        ]
      },
      "properties": {
        "type": "building",
        "lod_level": 1,
        "height": 12.8,
        "building:material": "concrete",
        "building:colour": "#CCCCCC",
        "building:type": "residential",
        "roof:shape": "flat",
        "roof:height": 0.0
      }
    },
    {
      "type": "Feature",
      "geometry": {
        "type": "Polygon",
        "coordinates": [
          [
            [
              -1.362772777868384,
              -5.983500274327531
            ],
            [
              -1.3627715940979248,
              -5.983346821289138
            ],
            [
              -1.362985259366384,
              -5.983345169416992
            ],
            [
              -1.3629864427221268,
              -5.983498622462247
            ],
            [
              -1.362772777868384,
              -5.983500274327531
            ]
          ]
        ]
      },
      "properties": {
        "type": "building",
        "lod_level": 1,
        "height": 7.8,
        "building:material": "concrete",
        "building:colour": "#CCCCCC",
        "building:type": "industrial",
        "roof:shape": "flat",
        "roof:height": 0.0
      }
    },
    {
      "type": "Feature",
      "geometry": {
        "type": "Polygon",
        "coordinates": [
          [
            [
              -1.362180913099927,
              -5.981576974284522
            ],
            [
              -1.3621987969303713,
              -5.981459491830909
            ],
            [
              -1.3623585297826002,
              -5.9814838651272595
            ],
            [
              -1.3623406457202982,
              -5.9816013475031
            ],
            [
              -1.362180913099927,
              -5.981576974284522
            ]
          ]
        ]
      },
      "properties": {
        "type": "building",
        "lod_level": 1,
        "height": 3.4,
        "building:material": "concrete",
        "building:colour": "#CCCCCC",
        "building:type": "industrial",
        "roof:shape": "flat",
        "roof:height": 0.0
      }
    },
    {
      "type": "Feature",
      "geometry": {
        "type": "Polygon",
        "coordinates": [
          [
            [
              -1.3631197938406308,
              -5.9832994795802925
            ],
            [
              -1.3631217726080032,
              -5.9831547845521715
            ],
            [
              -1.3632342591963524,
              -5.983156326576915
            ],
            [
              -1.3632322802231356,
              -5.983301021599002
            ],
            [
              -1.3631197938406308,
              -5.9832994795802925
            ]
          ]
        ]
      },
      "properties": {
        "type": "building",
        "lod_level": 1,
        "height": 3.4,
        "building:material": "concrete",
        "building:colour": "#CCCCCC",
        "building:type": "residential",
        "roof:shape": "flat",
        "roof:height": 0.0
      }
    },
    {
      "type": "Feature",
      "geometry": {
        "type": "Polygon",
        "coordinates": [
          [
            [
              -1.3635288981307094,
              -5.983243321898564
            ],
            [
              -1.363557248873499,
              -5.983059413925665
            ],
            [
              -1.3637944190973792,
              -5.983096062365578
            ],
            [
              -1.363766067816003,
              -5.983279970155496
            ],
            [
              -1.3635288981307094,
              -5.983243321898564
            ]
          ]
        ]
      },
      "properties": {
        "type": "building",
        "lod_level": 1,
        "height": 13.6,
        "building:material": "concrete",
        "building:colour": "#CCCCCC",
        "building:type": "commercial",
        "roof:shape": "flat",
        "roof:height": 0.0
      }
    },
    {
      "type": "Feature",
      "geometry": {
        "type": "Polygon",
        "coordinates": [
          [
            [
              -1.3628385291281215,
              -5.9824067049151095
            ],
            [
              -1.3628554697605617,
              -5.982289674152484
            ],
            [
              -1.3629783936621997,
              -5.982307510113099
            ],
            [
              -1.3629614528516103,
              -5.982424540819054
            ],
            [
              -1.3628385291281215,
              -5.9824067049151095
            ]
          ]
        ]
      },
      "properties": {
        "type": "building",
        "lod_level": 1,
        "height": 3.0,
        "building:material": "concrete",
        "building:colour": "#CCCCCC",
        "building:type": "residential",
        "roof:shape": "flat",
        "roof:height": 0.0
      }
    },
    {
      "type": "Feature",
      "geometry": {
        "type": "Polygon",
        "coordinates": [
          [
            [
              -1.3643257072332768,
              -5.9845349031198944
            ],
            [
              -1.3642152165221462,
              -5.984527630087841
            ],
            [
              -1.364227028105933,
              -5.984347764971845
            ],
            [
              -1.3643375190673614,
              -5.984355038039426
            ],
            [
              -1.3643257072332768,
              -5.9845349031198944
            ]
          ]
        ]
      },
      "properties": {
        "type": "building",
        "lod_level": 1,
        "height": 21.9,
        "building:material": "concrete",
        "building:colour": "#CCCCCC",
        "building:type": "residential",
        "roof:shape": "flat",
        "roof:height": 0.0
      }
    },
    {
      "type": "Feature",
      "geometry": {
        "type": "Polygon",
        "coordinates": [
          [
            [
              -1.3651682811528698,
              -5.985701718252663
            ],
            [
              -1.3650387556721726,
              -5.985696036654036
            ],
            [
              -1.3650469887232655,
              -5.985507899045988
            ],
            [
              -1.3651765145116186,
              -5.985513580673625
            ],
            [
              -1.3651682811528698,
              -5.985701718252663
            ]
          ]
        ]
      },
      "properties": {
        "type": "building",
        "lod_level": 1,
        "height": 11.9,
        "building:material": "concrete",
        "building:colour": "#CCCCCC",
        "building:type": "office",
        "roof:shape": "flat",
        "roof:height": 0.0
      }
    },
    {
      "type": "Feature",
      "geometry": {
        "type": "Polygon",
        "coordinates": [
          [
            [
              -1.3638777109544615,
              -5.985416718653074
            ],
            [
              -1.3638791368065382,
              -5.985261938033819
            ],
            [
              -1.3640684580241693,
              -5.985263686419061
            ],
            [
              -1.3640670318014572,
              -5.985418467030994
            ],
            [
              -1.3638777109544615,
              -5.985416718653074
            ]
          ]
        ]
      },
      "properties": {
        "type": "building",
        "lod_level": 1,
        "height": 3.6,
        "building:material": "concrete",
        "building:colour": "#CCCCCC",
        "building:type": "commercial",
        "roof:shape": "flat",
        "roof:height": 0.0
      }
    },
    {
      "type": "Feature",
      "geometry": {
        "type": "Polygon",
        "coordinates": [
          [
            [
              -1.3640748714052677,
              -5.983402059788933
            ],
            [
              -1.364086688014875,
              -5.983208108071804
            ],
            [
              -1.3642688428713203,
              -5.9832192324349585
            ],
            [
              -1.3642570258164863,
              -5.983413184093509
            ],
            [
              -1.3640748714052677,
              -5.983402059788933
            ]
          ]
        ]
      },
      "properties": {
        "type": "building",
        "lod_level": 1,
        "height": 29.5,
        "building:material": "concrete",
        "building:colour": "#CCCCCC",
        "building:type": "residential",
        "roof:shape": "flat",
        "roof:height": 0.0
      }
    },
    {
      "type": "Feature",
      "geometry": {
        "type": "Polygon",
        "coordinates": [
          [
            [
              -1.3608085654827977,
              -5.985117181646074
            ],
            [
              -1.360820027604299,
              -5.984932372021319
            ],
            [
              -1.3609047436031783,
              -5.984937638662517
            ],
            [
              -1.360893281284399,
              -5.98512244826084
            ],
            [
              -1.3608085654827977,
              -5.985117181646074
            ]
          ]
        ]
      },
      "properties": {
        "type": "building",
        "lod_level": 1,
        "height": 27.4,
        "building:material": "concrete",
        "building:colour": "#CCCCCC",
        "building:type": "office",
        "roof:shape": "flat",
        "roof:height": 0.0
      }
    },
    {
      "type": "Feature",
      "geometry": {
        "type": "Polygon",
        "coordinates": [
          [
            [
              -1.362487336355225,
              -5.984814910217322
            ],
            [
              -1.3622836667774194,
              -5.984820927796146
            ],
            [
              -1.3622806945144708,
              -5.984720096296346
            ],
            [
              -1.3624843643518192,
              -5.984714078701045
            ],
            [
              -1.362487336355225,
              -5.984814910217322
            ]
          ]
        ]
      },
      "properties": {
        "type": "building",
        "lod_level": 1,
        "height": 8.2,
        "building:material": "concrete",
        "building:colour": "#CCCCCC",
        "building:type": "office",
        "roof:shape": "flat",
        "roof:height": 0.0
      }
    },
    {
      "type": "Feature",
      "geometry": {
        "type": "Polygon",
        "coordinates": [
          [
            [
              -1.3614010512086887,
              -5.984746832017369
            ],
            [
              -1.361409131011342,
              -5.984639230963589
            ],
            [
              -1.3615039661296104,
              -5.984646369041829
            ],
            [
              -1.3614958861986084,
              -5.984753970074749
            ],
            [
              -1.3614010512086887,
              -5.984746832017369
            ]
          ]
        ]
      },
      "properties": {
        "type": "building",
        "lod_level": 1,
        "height": 7.7,
        "building:material": "concrete",
        "building:colour": "#CCCCCC",
        "building:type": "industrial",
        "roof:shape": "flat",
        "roof:height": 0.0
      }
    },
    {
      "type": "Feature",
      "geometry": {
        "type": "Polygon",
        "coordinates": [
          [
            [
              -1.3636210417288248,
              -5.981166142487499
            ],
            [
              -1.363485702337884,
              -5.981158803756027
            ],
            [
              -1.363494584661136,
              -5.980994606443016
            ],
            [
              -1.3636299243323489,
              -5.981001945207226
            ],
            [
              -1.3636210417288248,
              -5.981166142487499
            ]
          ]
        ]
      },
      "properties": {
        "type": "building",
        "lod_level": 1,
        "height": 27.6,
        "building:material": "concrete",
        "building:colour": "#CCCCCC",
        "building:type": "office",
        "roof:shape": "flat",
        "roof:height": 0.0
      }
    },
    {
      "type": "Feature",
      "geometry": {
        "type": "Polygon",
        "coordinates": [
          [
            [
              -1.3625924071639746,
              -5.984722102454325
            ],
            [
              -1.3625917990024137,
              -5.9845936011504275
            ],
            [
              -1.3627157117470239,
              -5.984593013417535
            ],
            [
              -1.3627163197071752,
              -5.984721514723451
            ],
            [
              -1.3625924071639746,
              -5.984722102454325
            ]
          ]
        ]
      },
      "properties": {
        "type": "building",
        "lod_level": 1,
        "height": 37.0,
        "building:material": "concrete",
        "building:colour": "#CCCCCC",
        "building:type": "residential",
        "roof:shape": "flat",
        "roof:height": 0.0
      }
    },
    {
      "type": "Feature",
      "geometry": {
        "type": "Polygon",
        "coordinates": [
          [
            [
              -1.3634533917962415,
              -5.981849629758549
            ],
            [
              -1.3632822189288563,
              -5.981842845303175
            ],
            [
              -1.3632876663869304,
              -5.981705075492152
            ],
            [
              -1.3634588395521485,
              -5.981711859972899
            ],
            [
              -1.3634533917962415,
              -5.981849629758549
            ]
          ]
        ]
      },
      "properties": {
        "type": "building",
        "lod_level": 1,
        "height": 45.1,
        "building:material": "concrete",
        "building:colour": "#CCCCCC",
        "building:type": "office",
        "roof:shape": "flat",
        "roof:height": 0.0
      }
    },
    {
      "type": "Feature",
      "geometry": {
        "type": "Polygon",
        "coordinates": [
          [
            [
              -1.362402945465207,
              -5.984340763076929
            ],
            [
              -1.3624314858618363,
              -5.984077157296544
            ],
            [
              -1.3626708979982427,
              -5.9841031399229365
            ],
            [
              -1.3626423568126917,
              -5.984366745517363
            ],
            [
              -1.362402945465207,
              -5.984340763076929
            ]
          ]
        ]
      },
      "properties": {
        "type": "building",
        "lod_level": 1,
        "height": 7.9,
        "building:material": "concrete",
        "building:colour": "#CCCCCC",
        "building:type": "commercial",
        "roof:shape": "flat",
        "roof:height": 0.0
      }
    },
    {
      "type": "Feature",
      "geometry": {
        "type": "Polygon",
        "coordinates": [
          [
            [
              -1.3622329896614207,
              -5.98429985907405
            ],
            [
              -1.3622459390567718,
              -5.984191123967711
            ],
            [
              -1.3623697457025115,
              -5.9842059031933745
            ],
            [
              -1.3623567961392955,
              -5.984314638256091
            ],
            [
              -1.3622329896614207,
              -5.98429985907405
            ]
          ]
        ]
      },
      "properties": {
        "type": "building",
        "lod_level": 1,
        "height": 25.3,
        "building:material": "concrete",
        "building:colour": "#CCCCCC",
        "building:type": "residential",
        "roof:shape": "flat",
        "roof:height": 0.0
      }
    },
    {
      "type": "Feature",
      "geometry": {
        "type": "Polygon",
        "coordinates": [
          [
            [
              -1.3637350484000381,
              -5.985253687555889
            ],
            [
              -1.3637335009729143,
              -5.985082277116296
            ],
            [
              -1.363888094205306,
              -5.985080878365964
            ],
            [
              -1.3638896412972636,
              -5.985252288812065
            ],
            [
              -1.3637350484000381,
              -5.985253687555889
            ]
          ]
        ]
      },
      "properties": {
        "type": "building",
        "lod_level": 1,
        "height": 7.7,
        "building:material": "concrete",
        "building:colour": "#CCCCCC",
        "building:type": "industrial",
        "roof:shape": "flat",
        "roof:height": 0.0
      }
    },
    {
      "type": "Feature",
      "geometry": {
        "type": "Polygon",
        "coordinates": [
          [
            [
              -1.3646031327345696,
              -5.985519227032035
            ],
            [
              -1.3646228359765682,
              -5.985298607318052
            ],
            [
              -1.3647552030038888,
              -5.98531045684177
            ],
            [
              -1.3647354993954488,
              -5.985531076484762
            ],
            [
              -1.3646031327345696,
              -5.985519227032035
            ]
          ]
        ]
      },
      "properties": {
        "type": "building",
        "lod_level": 1,
        "height": 14.4,
        "building:material": "concrete",
        "building:colour": "#CCCCCC",
        "building:type": "residential",
        "roof:shape": "flat",
        "roof:height": 0.0
      }
    },
    {
      "type": "Feature",
      "geometry": {
        "type": "Polygon",
        "coordinates": [
          [
            [
              -1.3629366651431503,
              -5.984074576795829
            ],
            [
              -1.362685197700788,
              -5.984072110590216
            ],
            [
              -1.3626873636522558,
              -5.983850701039515
            ],
            [
              -1.3629388317988302,
              -5.983853167259952
            ],
            [
              -1.3629366651431503,
              -5.984074576795829
            ]
          ]
        ]
      },
      "properties": {
        "type": "building",
        "lod_level": 1,
        "height": 12.3,
        "building:material": "concrete",
        "building:colour": "#CCCCCC",
        "building:type": "commercial",
        "roof:shape": "flat",
        "roof:height": 0.0
      }
    },
    {
      "type": "Feature",
      "geometry": {
        "type": "Polygon",
        "coordinates": [
          [
            [
              -1.3642194965207022,
              -5.986491191410348
            ],
            [
              -1.3642321523697225,
              -5.986342970265454
            ],
            [
              -1.364320879390655,
              -5.986350564109008
            ],
            [
              -1.3643082233764938,
              -5.986498785223348
            ],
            [
              -1.3642194965207022,
              -5.986491191410348
            ]
          ]
        ]
      },
      "properties": {
        "type": "building",
        "lod_level": 1,
        "height": 25.4,
        "building:material": "concrete",
        "building:colour": "#CCCCCC",
        "building:type": "residential",
        "roof:shape": "flat",
        "roof:height": 0.0
      }
    },
    {
      "type": "Feature",
      "geometry": {
        "type": "Polygon",
        "coordinates": [
          [
            [
              -1.3603426985669433,
              -5.983194393778476
            ],
            [
              -1.3603464452309992,
              -5.983053075102141
            ],
            [
              -1.3605302103075438,
              -5.9830579588614805
            ],
            [
              -1.360526463315226,
              -5.983199277519061
            ],
            [
              -1.3603426985669433,
              -5.983194393778476
            ]
          ]
        ]
      },
      "properties": {
        "type": "building",
        "lod_level": 1,
        "height": 21.1,
        "building:material": "concrete",
        "building:colour": "#CCCCCC",
        "building:type": "residential",
        "roof:shape": "flat",
        "roof:height": 0.0
      }
    },
    {
      "type": "Feature",
      "geometry": {
        "type": "Polygon",
        "coordinates": [
          [
            [
              -1.362118051294599,
              -5.981906455469078
            ],
            [
              -1.361934595325595,
              -5.981882958482459
            ],
            [
              -1.3619473789468277,
              -5.981782911057699
            ],
            [
              -1.3621308351442012,
              -5.981806408108131
            ],
            [
              -1.362118051294599,
              -5.981906455469078
            ]
          ]
        ]
      },
      "properties": {
        "type": "building",
        "lod_level": 1,
        "height": 7.8,
        "building:material": "concrete",
        "building:colour": "#CCCCCC",
        "building:type": "commercial",
        "roof:shape": "flat",
        "roof:height": 0.0
      }
    },
    {
      "type": "Feature",
      "geometry": {
        "type": "Polygon",
        "coordinates": [
          [
            [
              -1.3633064545383138,
              -5.986356867787836
            ],
            [
              -1.3631139447011689,
              -5.9863530041692945
            ],
            [
              -1.3631173206186848,
              -5.986184388504082
            ],
            [
              -1.363309830866266,
              -5.98618825214032
            ],
            [
              -1.3633064545383138,
              -5.986356867787836
            ]
          ]
        ]
      },
      "properties": {
        "type": "building",
        "lod_level": 1,
        "height": 33.7,
        "building:material": "concrete",
        "building:colour": "#CCCCCC",
        "building:type": "office",
        "roof:shape": "flat",
        "roof:height": 0.0
      }
    },
    {
      "type": "Feature",
      "geometry": {
        "type": "Polygon",
        "coordinates": [
          [
            [
              -1.3635387459833401,
              -5.985160879730905
            ],
            [
              -1.363427587856969,
              -5.985144338161234
            ],
            [
              -1.363442046568119,
              -5.985046947060495
            ],
            [
              -1.3635532048284043,
              -5.98506348867391
            ],
            [
              -1.3635387459833401,
              -5.985160879730905
            ]
          ]
        ]
      },
      "properties": {
        "type": "building",
        "lod_level": 1,
        "height": 24.3,
        "building:material": "concrete",
        "building:colour": "#CCCCCC",
        "building:type": "office",
        "roof:shape": "flat",
        "roof:height": 0.0
      }
    },
    {
      "type": "Feature",
      "geometry": {
        "type": "Polygon",
        "coordinates": [
          [
            [
              -1.3612559491084537,
              -5.983581097745037
            ],
            [
              -1.3612774274538044,
              -5.983406350938445
            ],
            [
              -1.3614818499397645,
              -5.983431536486953
            ],
            [
              -1.3614603711493976,
              -5.983606283174017
            ],
            [
              -1.3612559491084537,
              -5.983581097745037
            ]
          ]
        ]
      },
      "properties": {
        "type": "building",
        "lod_level": 1,
        "height": 9.2,
        "building:material": "concrete",
        "building:colour": "#CCCCCC",
        "building:type": "residential",
        "roof:shape": "flat",
        "roof:height": 0.0
      }
    },
    {
      "type": "Feature",
      "geometry": {
        "type": "Polygon",
        "coordinates": [
          [
            [
              -1.3638783486600858,
              -5.985786022706513
            ],
            [
              -1.3637697209701762,
              -5.9857885543975895
            ],
            [
              -1.363765825093182,
              -5.985621004512628
            ],
            [
              -1.3638744530131905,
              -5.985618472810049
            ],
            [
              -1.3638783486600858,
              -5.985786022706513
            ]
          ]
        ]
      },
      "properties": {
        "type": "building",
        "lod_level": 1,
        "height": 15.3,
        "building:material": "concrete",
        "building:colour": "#CCCCCC",
        "building:type": "residential",
        "roof:shape": "flat",
        "roof:height": 0.0
      }
    },
    {
      "type": "Feature",
      "geometry": {
        "type": "Polygon",
        "coordinates": [
          [
            [
              -1.3648718271701588,
              -5.986093200595063
            ],
            [
              -1.3648810238282756,
              -5.985914314046053
            ],
            [
              -1.3649897712760457,
              -5.985919918067196
            ],
            [
              -1.3649805743725085,
              -5.986098804588981
            ],
            [
              -1.3648718271701588,
              -5.986093200595063
            ]
          ]
        ]
      },
      "properties": {
        "type": "building",
        "lod_level": 1,
        "height": 18.2,
        "building:material": "concrete",
        "building:colour": "#CCCCCC",
        "building:type": "office",
        "roof:shape": "flat",
        "roof:height": 0.0
      }
    },
    {
      "type": "Feature",
      "geometry": {
        "type": "Polygon",
        "coordinates": [
          [
            [
              -1.3602582836900532,
              -5.984055418214364
            ],
            [
              -1.360273387614541,
              -5.983896509397242
            ],
            [
              -1.3604438786907005,
              -5.9839127526927465
            ],
            [
              -1.3604287744266135,
              -5.984071661439813
            ],
            [
              -1.3602582836900532,
              -5.984055418214364
            ]
          ]
        ]
      },
      "properties": {
        "type": "building",
        "lod_level": 1,
        "height": 8.0,
        "building:material": "concrete",
        "building:colour": "#CCCCCC",
        "building:type": "residential",
        "roof:shape": "flat",
        "roof:height": 0.0
      }
    },
    {
      "type": "Feature",
      "geometry": {
        "type": "Polygon",
        "coordinates": [
          [
            [
              -1.3631222391290267,
              -5.98296361577414
            ],
            [
              -1.3631230215954626,
              -5.982711150382954
            ],
            [
              -1.3632845003281597,
              -5.982711652205456
            ],
            [
              -1.3632837173460473,
              -5.982964117593212
            ],
            [
              -1.3631222391290267,
              -5.98296361577414
            ]
          ]
        ]
      },
      "properties": {
        "type": "building",
        "lod_level": 1,
        "height": 14.8,
        "building:material": "concrete",
        "building:colour": "#CCCCCC",
        "building:type": "office",
        "roof:shape": "flat",
        "roof:height": 0.0
      }
    },
    {
      "type": "Feature",
      "geometry": {
        "type": "Polygon",
        "coordinates": [
          [
            [
              -1.3622350263304825,
              -5.983259646123987
            ],
            [
              -1.3622248405938824,
              -5.983017103276867
            ],
            [
              -1.3623353213570197,
              -5.983012452658266
            ],
            [
              -1.3623455067552661,
              -5.983254995536001
            ],
            [
              -1.3622350263304825,
              -5.983259646123987
            ]
          ]
        ]
      },
      "properties": {
        "type": "building",
        "lod_level": 1,
        "height": 23.9,
        "building:material": "concrete",
        "building:colour": "#CCCCCC",
        "building:type": "residential",
        "roof:shape": "flat",
        "roof:height": 0.0
      }
    },
    {
      "type": "Feature",
      "geometry": {
        "type": "Polygon",
        "coordinates": [
          [
            [
              -1.363602986217814,
              -5.984210457353683
            ],
            [
              -1.363619908496267,
              -5.9839469174406545
            ],
            [
              -1.363786687097219,
              -5.983957652039163
            ],
            [
              -1.3637697642650919,
              -5.984221191875379
            ],
            [
              -1.363602986217814,
              -5.984210457353683
            ]
          ]
        ]
      },
      "properties": {
        "type": "building",
        "lod_level": 1,
        "height": 17.0,
        "building:material": "concrete",
        "building:colour": "#CCCCCC",
        "building:type": "office",
        "roof:shape": "flat",
        "roof:height": 0.0
      }
    },
    {
      "type": "Feature",
      "geometry": {
        "type": "Polygon",
        "coordinates": [
          [
            [
              -1.363061112897264,
              -5.986752492118256
            ],
            [
              -1.3629544507170417,
              -5.986750316917741
            ],
            [
              -1.3629567005062473,
              -5.986639734041362
            ],
            [
              -1.3630633628356068,
              -5.98664190924839
            ],
            [
              -1.363061112897264,
              -5.986752492118256
            ]
          ]
        ]
      },
      "properties": {
        "type": "building",
        "lod_level": 1,
        "height": 4.1,
        "building:material": "concrete",
        "building:colour": "#CCCCCC",
        "building:type": "residential",
        "roof:shape": "flat",
        "roof:height": 0.0
      }
    },
    {
      "type": "Feature",
      "geometry": {
        "type": "Polygon",
        "coordinates": [
          [
            [
              -1.3619736287290922,
              -5.983247603056658
            ],
            [
              -1.361790895497879,
              -5.9832191901470475
            ],
            [
              -1.361808109005644,
              -5.983108221403022
            ],
            [
              -1.3619908424871698,
              -5.983136634398227
            ],
            [
              -1.3619736287290922,
              -5.983247603056658
            ]
          ]
        ]
      },
      "properties": {
        "type": "building",
        "lod_level": 1,
        "height": 3.7,
        "building:material": "concrete",
        "building:colour": "#CCCCCC",
        "building:type": "commercial",
        "roof:shape": "flat",
        "roof:height": 0.0
      }
    },
    {
      "type": "Feature",
      "geometry": {
        "type": "Polygon",
        "coordinates": [
          [
            [
              -1.364081666537207,
              -5.98493381586054
            ],
            [
              -1.3638320240302142,
              -5.984932980130327
            ],
            [
              -1.363832340341005,
              -5.984838226632985
            ],
            [
              -1.3640819831472077,
              -5.984839062365348
            ],
            [
              -1.364081666537207,
              -5.98493381586054
            ]
          ]
        ]
      },
      "properties": {
        "type": "building",
        "lod_level": 1,
        "height": 13.4,
        "building:material": "concrete",
        "building:colour": "#CCCCCC",
        "building:type": "office",
        "roof:shape": "flat",
        "roof:height": 0.0
      }
    },
    {
      "type": "Feature",
      "geometry": {
        "type": "Polygon",
        "coordinates": [
          [
            [
              -1.365260055004788,
              -5.982101986206571
            ],
            [
              -1.3651686323012486,
              -5.9820900701180095
            ],
            [
              -1.3651893518212466,
              -5.98193072826814
            ],
            [
              -1.3652807747059312,
              -5.981942644408269
            ],
            [
              -1.365260055004788,
              -5.982101986206571
            ]
          ]
        ]
      },
      "properties": {
        "type": "building",
        "lod_level": 1,
        "height": 31.2,
        "building:material": "concrete",
        "building:colour": "#CCCCCC",
        "building:type": "office",
        "roof:shape": "flat",
        "roof:height": 0.0
      }
    },
    {
      "type": "Feature",
      "geometry": {
        "type": "Polygon",
        "coordinates": [
          [
            [
              -1.363277211929722,
              -5.983222584975973
            ],
            [
              -1.363156186701515,
              -5.983227860937746
            ],
            [
              -1.3631465059690306,
              -5.983005273461053
            ],
            [
              -1.3632675315373473,
              -5.982999997467367
            ],
            [
              -1.363277211929722,
              -5.983222584975973
            ]
          ]
        ]
      },
      "properties": {
        "type": "building",
        "lod_level": 1,
        "height": 13.0,
        "building:material": "concrete",
        "building:colour": "#CCCCCC",
        "building:type": "residential",
        "roof:shape": "flat",
        "roof:height": 0.0
      }
    },
    {
      "type": "Feature",
      "geometry": {
        "type": "Polygon",
        "coordinates": [
          [
            [
              -1.3625673167463246,
              -5.984034861485231
            ],
            [
              -1.3623707361119908,
              -5.984025860999688
            ],
            [
              -1.3623782581461559,
              -5.983861178790591
            ],
            [
              -1.3625748391891328,
              -5.983870179316361
            ],
            [
              -1.3625673167463246,
              -5.984034861485231
            ]
          ]
        ]
      },
      "properties": {
        "type": "building",
        "lod_level": 1,
        "height": 19.0,
        "building:material": "concrete",
        "building:colour": "#CCCCCC",
        "building:type": "office",
        "roof:shape": "flat",
        "roof:height": 0.0
      }
    },
    {
      "type": "Feature",
      "geometry": {
        "type": "Polygon",
        "coordinates": [
          [
            [
              -1.361719661686647,
              -5.982540896233508
            ],
            [
              -1.3615628212832314,
              -5.9825208206969425
            ],
            [
              -1.3615770588219294,
              -5.982409325433744
            ],
            [
              -1.3617338994429267,
              -5.98242940103108
            ],
            [
              -1.361719661686647,
              -5.982540896233508
            ]
          ]
        ]
      },
      "properties": {
        "type": "building",
        "lod_level": 1,
        "height": 8.5,
        "building:material": "concrete",
        "building:colour": "#CCCCCC",
        "building:type": "residential",
        "roof:shape": "flat",
        "roof:height": 0.0
      }
    },
    {
      "type": "Feature",
      "geometry": {
        "type": "Polygon",
        "coordinates": [
          [
            [
              -1.3640406548125854,
              -5.982454822177536
            ],
            [
              -1.3640579014738752,
              -5.982340463156617
            ],
            [
              -1.3642464118788102,
              -5.98236896031485
            ],
            [
              -1.3642291649510474,
              -5.982483319247261
            ],
            [
              -1.3640406548125854,
              -5.982454822177536
            ]
          ]
        ]
      },
      "properties": {
        "type": "building",
        "lod_level": 1,
        "height": 30.8,
        "building:material": "concrete",
        "building:colour": "#CCCCCC",
        "building:type": "office",
        "roof:shape": "flat",
        "roof:height": 0.0
      }
    },
    {
      "type": "Feature",
      "geometry": {
        "type": "Polygon",
        "coordinates": [
          [
            [
              -1.365127382331198,
              -5.98352448115261
            ],
            [
              -1.3649224022910256,
              -5.983519981933759
            ],
            [
              -1.3649252650757326,
              -5.983389240119286
            ],
            [
              -1.3651302454547352,
              -5.983393739354106
            ],
            [
              -1.365127382331198,
              -5.98352448115261
            ]
          ]
        ]
      },
      "properties": {
        "type": "building",
        "lod_level": 1,
        "height": 11.8,
        "building:material": "concrete",
        "building:colour": "#CCCCCC",
        "building:type": "office",
        "roof:shape": "flat",
        "roof:height": 0.0
      }
    },
    {
      "type": "Feature",
      "geometry": {
        "type": "Polygon",
        "coordinates": [
          [
            [
              -1.36116644482907,
              -5.985586347177265
            ],
            [
              -1.3611885079706416,
              -5.985400698695264
            ],
            [
              -1.3613385181663389,
              -5.9854185686559855
            ],
            [
              -1.3613164546774832,
              -5.9856042170478965
            ],
            [
              -1.36116644482907,
              -5.985586347177265
            ]
          ]
        ]
      },
      "properties": {
        "type": "building",
        "lod_level": 1,
        "height": 4.0,
        "building:material": "concrete",
        "building:colour": "#CCCCCC",
        "building:type": "commercial",
        "roof:shape": "flat",
        "roof:height": 0.0
      }
    },
    {
      "type": "Feature",
      "geometry": {
        "type": "Polygon",
        "coordinates": [
          [
            [
              -1.3631265727355275,
              -5.983788278980137
            ],
            [
              -1.3631304810554903,
              -5.983649089812496
            ],
            [
              -1.3632632535333116,
              -5.983652826887345
            ],
            [
              -1.363259344979768,
              -5.98379201604087
            ],
            [
              -1.3631265727355275,
              -5.983788278980137
            ]
          ]
        ]
      },
      "properties": {
        "type": "building",
        "lod_level": 1,
        "height": 9.8,
        "building:material": "concrete",
        "building:colour": "#CCCCCC",
        "building:type": "commercial",
        "roof:shape": "flat",
        "roof:height": 0.0
      }
    },
    {
      "type": "Feature",
      "geometry": {
        "type": "Polygon",
        "coordinates": [
          [
            [
              -1.3611778708464968,
              -5.984202758872239
            ],
            [
              -1.3610702717208665,
              -5.984206016467554
            ],
            [
              -1.3610658426460944,
              -5.98405938089855
            ],
            [
              -1.361173441971122,
              -5.984056123290256
            ],
            [
              -1.3611778708464968,
              -5.984202758872239
            ]
          ]
        ]
      },
      "properties": {
        "type": "building",
        "lod_level": 1,
        "height": 17.0,
        "building:material": "concrete",
        "building:colour": "#CCCCCC",
        "building:type": "residential",
        "roof:shape": "flat",
        "roof:height": 0.0
      }
    },
    {
      "type": "Feature",
      "geometry": {
        "type": "Polygon",
        "coordinates": [
          [
            [
              -1.3619739997659221,
              -5.9834608285752715
            ],
            [
              -1.3619865896166603,
              -5.983344319525027
            ],
            [
              -1.3620982526109362,
              -5.983356414349295
            ],
            [
              -1.3620856625975595,
              -5.9834729233612585
            ],
            [
              -1.3619739997659221,
              -5.9834608285752715
            ]
          ]
        ]
      },
      "properties": {
        "type": "building",
        "lod_level": 1,
        "height": 10.7,
        "building:material": "concrete",
        "building:colour": "#CCCCCC",
        "building:type": "residential",
        "roof:shape": "flat",
        "roof:height": 0.0
      }
    },
    {
      "type": "Feature",
      "geometry": {
        "type": "Polygon",
        "coordinates": [
          [
            [
              -1.363435214510467,
              -5.982808536365551
            ],
            [
              -1.363343783327719,
              -5.98279478454605
            ],
            [
              -1.363377680638349,
              -5.982568878582948
            ],
            [
              -1.3634691120764701,
              -5.982582630486803
            ],
            [
              -1.363435214510467,
              -5.982808536365551
            ]
          ]
        ]
      },
      "properties": {
        "type": "building",
        "lod_level": 1,
        "height": 9.9,
        "building:material": "concrete",
        "building:colour": "#CCCCCC",
        "building:type": "residential",
        "roof:shape": "flat",
        "roof:height": 0.0
      }
    },
    {
      "type": "Feature",
      "geometry": {
        "type": "Polygon",
        "coordinates": [
          [
            [
              -1.3617229380481783,
              -5.981468938688762
            ],
            [
              -1.3616396824934263,
              -5.981457646507587
            ],
            [
              -1.3616581548637283,
              -5.981321128901507
            ],
            [
              -1.3617414105596128,
              -5.981332421124564
            ],
            [
              -1.3617229380481783,
              -5.981468938688762
            ]
          ]
        ]
      },
      "properties": {
        "type": "building",
        "lod_level": 1,
        "height": 3.0,
        "building:material": "concrete",
        "building:colour": "#CCCCCC",
        "building:type": "commercial",
        "roof:shape": "flat",
        "roof:height": 0.0
      }
    },
    {
      "type": "Feature",
      "geometry": {
        "type": "Polygon",
        "coordinates": [
          [
            [
              -1.3634218395417448,
              -5.983806896727357
            ],
            [
              -1.3634378501313806,
              -5.983701817860375
            ],
            [
              -1.3636166865558217,
              -5.9837291313455525
            ],
            [
              -1.3636006757340118,
              -5.98383421013461
            ],
            [
              -1.3634218395417448,
              -5.983806896727357
            ]
          ]
        ]
      },
      "properties": {
        "type": "building",
        "lod_level": 1,
        "height": 15.4,
        "building:material": "concrete",
        "building:colour": "#CCCCCC",
        "building:type": "office",
        "roof:shape": "flat",
        "roof:height": 0.0
      }
    },
    {
      "type": "Feature",
      "geometry": {
        "type": "Polygon",
        "coordinates": [
          [
            [
              -1.3627784948740624,
              -5.983719096227295
            ],
            [
              -1.3625932246748333,
              -5.983718011366367
            ],
            [
              -1.362593847068912,
              -5.983611447626636
            ],
            [
              -1.3627791175178678,
              -5.983612532490708
            ],
            [
              -1.3627784948740624,
              -5.983719096227295
            ]
          ]
        ]
      },
      "properties": {
        "type": "building",
        "lod_level": 1,
        "height": 10.9,
        "building:material": "concrete",
        "building:colour": "#CCCCCC",
        "building:type": "residential",
        "roof:shape": "flat",
        "roof:height": 0.0
      }
    },
    {
      "type": "Feature",
      "geometry": {
        "type": "Polygon",
        "coordinates": [
          [
            [
              -1.3622980345290279,
              -5.98134131795065
            ],
            [
              -1.3621973825679459,
              -5.981344860533343
            ],
            [
              -1.362192691410702,
              -5.981211261446682
            ],
            [
              -1.3622933435416686,
              -5.981207718851145
            ],
            [
              -1.3622980345290279,
              -5.98134131795065
            ]
          ]
        ]
      },
      "properties": {
        "type": "building",
        "lod_level": 1,
        "height": 18.8,
        "building:material": "concrete",
        "building:colour": "#CCCCCC",
        "building:type": "commercial",
        "roof:shape": "flat",
        "roof:height": 0.0
      }
    },
    {
      "type": "Feature",
      "geometry": {
        "type": "Polygon",
        "coordinates": [
          [
            [
              -1.3621688519557458,
              -5.986614430255173
            ],
            [
              -1.3620856812944182,
              -5.986608203462956
            ],
            [
              -1.3620948482564919,
              -5.986485472265163
            ],
            [
              -1.3621780190462167,
              -5.986491699078122
            ],
            [
              -1.3621688519557458,
              -5.986614430255173
            ]
          ]
        ]
      },
      "properties": {
        "type": "building",
        "lod_level": 1,
        "height": 20.0,
        "building:material": "concrete",
        "building:colour": "#CCCCCC",
        "building:type": "residential",
        "roof:shape": "flat",
        "roof:height": 0.0
      }
    },
    {
      "type": "Feature",
      "geometry": {
        "type": "Polygon",
        "coordinates": [
          [
            [
              -1.3622015096466367,
              -5.985880328430468
            ],
            [
              -1.362216826316705,
              -5.985660308767013
            ],
            [
              -1.3623681015550815,
              -5.985670864775253
            ],
            [
              -1.3623527844660444,
              -5.985890884375639
            ],
            [
              -1.3622015096466367,
              -5.985880328430468
            ]
          ]
        ]
      },
      "properties": {
        "type": "building",
        "lod_level": 1,
        "height": 27.6,
        "building:material": "concrete",
        "building:colour": "#CCCCCC",
        "building:type": "office",
        "roof:shape": "flat",
        "roof:height": 0.0
      }
    },
    {
      "type": "Feature",
      "geometry": {
        "type": "Polygon",
        "coordinates": [
          [
            [
              -1.3644203767448633,
              -5.982314064085586
            ],
            [
              -1.3644151666057645,
              -5.9821559015783095
            ],
            [
              -1.3645628384288433,
              -5.982151025624282
            ],
            [
              -1.3645680482728249,
              -5.982309188152495
            ],
            [
              -1.3644203767448633,
              -5.982314064085586
            ]
          ]
        ]
      },
      "properties": {
        "type": "building",
        "lod_level": 1,
        "height": 5.6,
        "building:material": "concrete",
        "building:colour": "#CCCCCC",
        "building:type": "residential",
        "roof:shape": "flat",
        "roof:height": 0.0
      }
    },
    {
      "type": "Feature",
      "geometry": {
        "type": "Polygon",
        "coordinates": [
          [
            [
              -1.3619940475177654,
              -5.982146312556957
            ],
            [
              -1.3617815885769406,
              -5.982121324340937
            ],
            [
              -1.3618037883414724,
              -5.98193212443819
            ],
            [
              -1.3620162477837447,
              -5.981957112782599
            ],
            [
              -1.3619940475177654,
              -5.982146312556957
            ]
          ]
        ]
      },
      "properties": {
        "type": "building",
        "lod_level": 1,
        "height": 29.5,
        "building:material": "concrete",
        "building:colour": "#CCCCCC",
        "building:type": "commercial",
        "roof:shape": "flat",
        "roof:height": 0.0
      }
    },
    {
      "type": "Feature",
      "geometry": {
        "type": "Polygon",
        "coordinates": [
          [
            [
              -1.3630611223878142,
              -5.986166942910169
            ],
            [
              -1.3628893114412317,
              -5.986174552541651
            ],
            [
              -1.3628847434085252,
              -5.986071174775935
            ],
            [
              -1.3630565545793374,
              -5.986063565123094
            ],
            [
              -1.3630611223878142,
              -5.986166942910169
            ]
          ]
        ]
      },
      "properties": {
        "type": "building",
        "lod_level": 1,
        "height": 25.8,
        "building:material": "concrete",
        "building:colour": "#CCCCCC",
        "building:type": "residential",
        "roof:shape": "flat",
        "roof:height": 0.0
      }
    },
    {
      "type": "Feature",
      "geometry": {
        "type": "Polygon",
        "coordinates": [
          [
            [
              -1.3628354887622294,
              -5.983340286668855
            ],
            [
              -1.3626972235629395,
              -5.983319810235808
            ],
            [
              -1.3627203271736694,
              -5.983163435370232
            ],
            [
              -1.362858592640468,
              -5.983183911890217
            ],
            [
              -1.3628354887622294,
              -5.983340286668855
            ]
          ]
        ]
      },
      "properties": {
        "type": "building",
        "lod_level": 1,
        "height": 16.7,
        "building:material": "concrete",
        "building:colour": "#CCCCCC",
        "building:type": "residential",
        "roof:shape": "flat",
        "roof:height": 0.0
      }
    },
    {
      "type": "Feature",
      "geometry": {
        "type": "Polygon",
        "coordinates": [
          [
            [
              -1.3658169461103322,
              -5.984894612381075
            ],
            [
              -1.3656738657131344,
              -5.984891265705401
            ],
            [
              -1.3656772506711456,
              -5.984746201572401
            ],
            [
              -1.3658203313307478,
              -5.984749548261239
            ],
            [
              -1.3658169461103322,
              -5.984894612381075
            ]
          ]
        ]
      },
      "properties": {
        "type": "building",
        "lod_level": 1,
        "height": 30.2,
        "building:material": "concrete",
        "building:colour": "#CCCCCC",
        "building:type": "residential",
        "roof:shape": "flat",
        "roof:height": 0.0
      }
    },
    {
      "type": "Feature",
      "geometry": {
        "type": "Polygon",
        "coordinates": [
          [
            [
              -1.3604110631040094,
              -5.983392723644078
            ],
            [
              -1.3602286796171779,
              -5.983365428935103
            ],
            [
              -1.360250673459188,
              -5.983218117178429
            ],
            [
              -1.360433057278276,
              -5.98324541199659
            ],
            [
              -1.3604110631040094,
              -5.983392723644078
            ]
          ]
        ]
      },
      "properties": {
        "type": "building",
        "lod_level": 1,
        "height": 6.9,
        "building:material": "concrete",
        "building:colour": "#CCCCCC",
        "building:type": "residential",
        "roof:shape": "flat",
        "roof:height": 0.0
      }
    },
    {
      "type": "Feature",
      "geometry": {
        "type": "Polygon",
        "coordinates": [
          [
            [
              -1.363201860584782,
              -5.98414166938291
            ],
            [
              -1.3629835795688927,
              -5.984133653862701
            ],
            [
              -1.3629902676166967,
              -5.9839510859135245
            ],
            [
              -1.3632085491359969,
              -5.983959101473461
            ],
            [
              -1.363201860584782,
              -5.98414166938291
            ]
          ]
        ]
      },
      "properties": {
        "type": "building",
        "lod_level": 1,
        "height": 21.6,
        "building:material": "concrete",
        "building:colour": "#CCCCCC",
        "building:type": "residential",
        "roof:shape": "flat",
        "roof:height": 0.0
      }
    },
    {
      "type": "Feature",
      "geometry": {
        "type": "Polygon",
        "coordinates": [
          [
            [
              -1.3638801697134497,
              -5.984814147569394
            ],
            [
              -1.3638899672239486,
              -5.984674331829685
            ],
            [
              -1.364049470732898,
              -5.984685535507492
            ],
            [
              -1.364039672941694,
              -5.984825351204664
            ],
            [
              -1.3638801697134497,
              -5.984814147569394
            ]
          ]
        ]
      },
      "properties": {
        "type": "building",
        "lod_level": 1,
        "height": 32.2,
        "building:material": "concrete",
        "building:colour": "#CCCCCC",
        "building:type": "residential",
        "roof:shape": "flat",
        "roof:height": 0.0
      }
    },
    {
      "type": "Feature",
      "geometry": {
        "type": "Polygon",
        "coordinates": [
          [
            [
              -1.3633956105798781,
              -5.983955818896572
            ],
            [
              -1.3634000446251293,
              -5.983830966307882
            ],
            [
              -1.363561027782221,
              -5.983836697186557
            ],
            [
              -1.3635565934830494,
              -5.983961549755815
            ],
            [
              -1.3633956105798781,
              -5.983955818896572
            ]
          ]
        ]
      },
      "properties": {
        "type": "building",
        "lod_level": 1,
        "height": 23.5,
        "building:material": "concrete",
        "building:colour": "#CCCCCC",
        "building:type": "office",
        "roof:shape": "flat",
        "roof:height": 0.0
      }
    },
    {
      "type": "Feature",
      "geometry": {
        "type": "Polygon",
        "coordinates": [
          [
            [
              -1.3654680670558343,
              -5.9840673598023075
            ],
            [
              -1.365293979750668,
              -5.984055888709216
            ],
            [
              -1.3653058435276817,
              -5.9838754136328
            ],
            [
              -1.365479931228547,
              -5.983886884782108
            ],
            [
              -1.3654680670558343,
              -5.9840673598023075
            ]
          ]
        ]
      },
      "properties": {
        "type": "building",
        "lod_level": 1,
        "height": 17.1,
        "building:material": "concrete",
        "building:colour": "#CCCCCC",
        "building:type": "office",
        "roof:shape": "flat",
        "roof:height": 0.0
      }
    },
    {
      "type": "Feature",
      "geometry": {
        "type": "Polygon",
        "coordinates": [
          [
            [
              -1.3620007748405478,
              -5.983177900612905
            ],
            [
              -1.362020837623912,
              -5.983041977513984
            ],
            [
              -1.362161952506246,
              -5.9830628560697106
            ],
            [
              -1.3621418894855577,
              -5.983198779091561
            ],
            [
              -1.3620007748405478,
              -5.983177900612905
            ]
          ]
        ]
      },
      "properties": {
        "type": "building",
        "lod_level": 1,
        "height": 14.1,
        "building:material": "concrete",
        "building:colour": "#CCCCCC",
        "building:type": "residential",
        "roof:shape": "flat",
        "roof:height": 0.0
      }
    },
    {
      "type": "Feature",
      "geometry": {
        "type": "Polygon",
        "coordinates": [
          [
            [
              -1.3636836718130763,
              -5.986530863630153
            ],
            [
              -1.363702178963321,
              -5.986329425838025
            ],
            [
              -1.3638534231690866,
              -5.986343354320378
            ],
            [
              -1.3638349156367244,
              -5.986544792036309
            ],
            [
              -1.3636836718130763,
              -5.986530863630153
            ]
          ]
        ]
      },
      "properties": {
        "type": "building",
        "lod_level": 1,
        "height": 19.1,
        "building:material": "concrete",
        "building:colour": "#CCCCCC",
        "building:type": "office",
        "roof:shape": "flat",
        "roof:height": 0.0
      }
    },
    {
      "type": "Feature",
      "geometry": {
        "type": "Polygon",
        "coordinates": [
          [
            [
              -1.3627105598547227,
              -5.981906295252428
            ],
            [
              -1.3627187230474207,
              -5.981819585616467
            ],
            [
              -1.3628506810780787,
              -5.981832038252096
            ],
            [
              -1.3628425177419328,
              -5.981918747858723
            ],
            [
              -1.3627105598547227,
              -5.981906295252428
            ]
          ]
        ]
      },
      "properties": {
        "type": "building",
        "lod_level": 1,
        "height": 28.2,
        "building:material": "concrete",
        "building:colour": "#CCCCCC",
        "building:type": "office",
        "roof:shape": "flat",
        "roof:height": 0.0
      }
    },
    {
      "type": "Feature",
      "geometry": {
        "type": "Polygon",
        "coordinates": [
          [
            [
              -1.3610283385727109,
              -5.983644893780353
            ],
            [
              -1.360846125941073,
              -5.9836492678703985
            ],
            [
              -1.36084288877123,
              -5.98351410395567
            ],
            [
              -1.3610251017142234,
              -5.983509729849561
            ],
            [
              -1.3610283385727109,
              -5.983644893780353
            ]
          ]
        ]
      },
      "properties": {
        "type": "building",
        "lod_level": 1,
        "height": 41.3,
        "building:material": "concrete",
        "building:colour": "#CCCCCC",
        "building:type": "office",
        "roof:shape": "flat",
        "roof:height": 0.0
      }
    },
    {
      "type": "Feature",
      "geometry": {
        "type": "Polygon",
        "coordinates": [
          [
            [
              -1.3612523205549805,
              -5.984539364593949
            ],
            [
              -1.3612531951746651,
              -5.984325221964852
            ],
            [
              -1.3613538286623972,
              -5.984325634016332
            ],
            [
              -1.3613529537701254,
              -5.984539776643025
            ],
            [
              -1.3612523205549805,
              -5.984539364593949
            ]
          ]
        ]
      },
      "properties": {
        "type": "building",
        "lod_level": 1,
        "height": 13.6,
        "building:material": "concrete",
        "building:colour": "#CCCCCC",
        "building:type": "residential",
        "roof:shape": "flat",
        "roof:height": 0.0
      }
    },
    {
      "type": "Feature",
      "geometry": {
        "type": "Polygon",
        "coordinates": [
          [
            [
              -1.3641937101989234,
              -5.985938440399343
            ],
            [
              -1.3641932617685402,
              -5.985763747716935
            ],
            [
              -1.3643689769469178,
              -5.985763295794109
            ],
            [
              -1.3643694249890184,
              -5.98593798847865
            ],
            [
              -1.3641937101989234,
              -5.985938440399343
            ]
          ]
        ]
      },
      "properties": {
        "type": "building",
        "lod_level": 1,
        "height": 14.0,
        "building:material": "concrete",
        "building:colour": "#CCCCCC",
        "building:type": "office",
        "roof:shape": "flat",
        "roof:height": 0.0
      }
    },
    {
      "type": "Feature",
      "geometry": {
        "type": "Polygon",
        "coordinates": [
          [
            [
              -1.3653543874865963,
              -5.983774877769284
            ],
            [
              -1.3651968776861003,
              -5.983764272423457
            ],
            [
              -1.3652096715463544,
              -5.983573807099125
            ],
            [
              -1.3653671817246162,
              -5.983584412499786
            ],
            [
              -1.3653543874865963,
              -5.983774877769284
            ]
          ]
        ]
      },
      "properties": {
        "type": "building",
        "lod_level": 1,
        "height": 27.9,
        "building:material": "concrete",
        "building:colour": "#CCCCCC",
        "building:type": "office",
        "roof:shape": "flat",
        "roof:height": 0.0
      }
    },
    {
      "type": "Feature",
      "geometry": {
        "type": "Polygon",
        "coordinates": [
          [
            [
              -1.3660132170814028,
              -5.983762064134338
            ],
            [
              -1.3658254000824177,
              -5.983756188434648
            ],
            [
              -1.365828714209829,
              -5.983649997762801
            ],
            [
              -1.366016531460851,
              -5.983655873479438
            ],
            [
              -1.3660132170814028,
              -5.983762064134338
            ]
          ]
        ]
      },
      "properties": {
        "type": "building",
        "lod_level": 1,
        "height": 9.8,
        "building:material": "concrete",
        "building:colour": "#CCCCCC",
        "building:type": "commercial",
        "roof:shape": "flat",
        "roof:height": 0.0
      }
    },
    {
      "type": "Feature",
      "geometry": {
        "type": "Polygon",
        "coordinates": [
          [
            [
              -1.3631750765288775,
              -5.983640307301801
            ],
            [
              -1.3630636109630085,
              -5.983636713742852
            ],
            [
              -1.3630707816486045,
              -5.983413761730109
            ],
            [
              -1.3631822475285016,
              -5.983417355310815
            ],
            [
              -1.3631750765288775,
              -5.983640307301801
            ]
          ]
        ]
      },
      "properties": {
        "type": "building",
        "lod_level": 1,
        "height": 5.2,
        "building:material": "concrete",
        "building:colour": "#CCCCCC",
        "building:type": "commercial",
        "roof:shape": "flat",
        "roof:height": 0.0
      }
    },
    {
      "type": "Feature",
      "geometry": {
        "type": "Polygon",
        "coordinates": [
          [
            [
              -1.3633318851900202,
              -5.984834392885684
            ],
            [
              -1.3633513783574571,
              -5.984570144012612
            ],
            [
              -1.3634945723630385,
              -5.98458073226645
            ],
            [
              -1.3634750787195766,
              -5.984844981063553
            ],
            [
              -1.3633318851900202,
              -5.984834392885684
            ]
          ]
        ]
      },
      "properties": {
        "type": "building",
        "lod_level": 1,
        "height": 32.2,
        "building:material": "concrete",
        "building:colour": "#CCCCCC",
        "building:type": "office",
        "roof:shape": "flat",
        "roof:height": 0.0
      }
    },
    {
      "type": "Feature",
      "geometry": {
        "type": "Polygon",
        "coordinates": [
          [
            [
              -1.3628860357442207,
              -5.983153995890848
            ],
            [
              -1.3628937115754973,
              -5.982986159384538
            ],
            [
              -1.3631386744506442,
              -5.982997389421873
            ],
            [
              -1.3631309981003996,
              -5.983165225876999
            ],
            [
              -1.3628860357442207,
              -5.983153995890848
            ]
          ]
        ]
      },
      "properties": {
        "type": "building",
        "lod_level": 1,
        "height": 9.0,
        "building:material": "concrete",
        "building:colour": "#CCCCCC",
        "building:type": "residential",
        "roof:shape": "flat",
        "roof:height": 0.0
      }
    },
    {
      "type": "Feature",
      "geometry": {
        "type": "Polygon",
        "coordinates": [
          [
            [
              -1.3627879323797103,
              -5.984290084952346
            ],
            [
              -1.3626701698437134,
              -5.984290865796705
            ],
            [
              -1.3626688083605207,
              -5.984085072953467
            ],
            [
              -1.3627865712030571,
              -5.984084292104724
            ],
            [
              -1.3627879323797103,
              -5.984290084952346
            ]
          ]
        ]
      },
      "properties": {
        "type": "building",
        "lod_level": 1,
        "height": 5.8,
        "building:material": "concrete",
        "building:colour": "#CCCCCC",
        "building:type": "commercial",
        "roof:shape": "flat",
        "roof:height": 0.0
      }
    },
    {
      "type": "Feature",
      "geometry": {
        "type": "Polygon",
        "coordinates": [
          [
            [
              -1.3638810882371621,
              -5.986216399695646
            ],
            [
              -1.3638817175056592,
              -5.98601711805855
            ],
            [
              -1.363985188349371,
              -5.986017445624754
            ],
            [
              -1.3639845588200494,
              -5.986216727260065
            ],
            [
              -1.3638810882371621,
              -5.986216399695646
            ]
          ]
        ]
      },
      "properties": {
        "type": "building",
        "lod_level": 1,
        "height": 29.9,
        "building:material": "concrete",
        "building:colour": "#CCCCCC",
        "building:type": "office",
        "roof:shape": "flat",
        "roof:height": 0.0
      }
    },
    {
      "type": "Feature",
      "geometry": {
        "type": "Polygon",
        "coordinates": [
          [
            [
              -1.3606660201613465,
              -5.983723102500256
            ],
            [
              -1.3606679465763203,
              -5.9835462841475335
            ],
            [
              -1.3608082276742386,
              -5.983547816234273
            ],
            [
              -1.360806300945546,
              -5.983724634579612
            ],
            [
              -1.3606660201613465,
              -5.983723102500256
            ]
          ]
        ]
      },
      "properties": {
        "type": "building",
        "lod_level": 1,
        "height": 21.1,
        "building:material": "concrete",
        "building:colour": "#CCCCCC",
        "building:type": "commercial",
        "roof:shape": "flat",
        "roof:height": 0.0
      }
    },
    {
      "type": "Feature",
      "geometry": {
        "type": "Polygon",
        "coordinates": [
          [
            [
              -1.3653518128830229,
              -5.984914623647854
            ],
            [
              -1.3653504951095379,
              -5.984779896217612
            ],
            [
              -1.3654497755956638,
              -5.984778922921514
            ],
            [
              -1.3654510931999695,
              -5.98491365035532
            ],
            [
              -1.3653518128830229,
              -5.984914623647854
            ]
          ]
        ]
      },
      "properties": {
        "type": "building",
        "lod_level": 1,
        "height": 6.2,
        "building:material": "concrete",
        "building:colour": "#CCCCCC",
        "building:type": "commercial",
        "roof:shape": "flat",
        "roof:height": 0.0
      }
    },
    {
      "type": "Feature",
      "geometry": {
        "type": "Polygon",
        "coordinates": [
          [
            [
              -1.36259016183274,
              -5.98276065640132
            ],
            [
              -1.3625998281764313,
              -5.98263624631063
            ],
            [
              -1.362793267330319,
              -5.982651311879935
            ],
            [
              -1.3627836006840557,
              -5.982775721919725
            ],
            [
              -1.36259016183274,
              -5.98276065640132
            ]
          ]
        ]
      },
      "properties": {
        "type": "building",
        "lod_level": 1,
        "height": 53.7,
        "building:material": "concrete",
        "building:colour": "#CCCCCC",
        "building:type": "office",
        "roof:shape": "flat",
        "roof:height": 0.0
      }
    },
    {
      "type": "Feature",
      "geometry": {
        "type": "Polygon",
        "coordinates": [
          [
            [
              -1.3630594648374728,
              -5.981312170181171
            ],
            [
              -1.3630685987052444,
              -5.981131501459005
            ],
            [
              -1.363216329262596,
              -5.981138987985127
            ],
            [
              -1.3632071950580786,
              -5.981319656670568
            ],
            [
              -1.3630594648374728,
              -5.981312170181171
            ]
          ]
        ]
      },
      "properties": {
        "type": "building",
        "lod_level": 1,
        "height": 23.2,
        "building:material": "concrete",
        "building:colour": "#CCCCCC",
        "building:type": "residential",
        "roof:shape": "flat",
        "roof:height": 0.0
      }
    },
    {
      "type": "Feature",
      "geometry": {
        "type": "Polygon",
        "coordinates": [
          [
            [
              -1.3627508051950274,
              -5.985105121487392
            ],
            [
              -1.3625272343466417,
              -5.985093712395722
            ],
            [
              -1.362537247021089,
              -5.9848970373587385
            ],
            [
              -1.362760818424232,
              -5.984908446511341
            ],
            [
              -1.3627508051950274,
              -5.985105121487392
            ]
          ]
        ]
      },
      "properties": {
        "type": "building",
        "lod_level": 1,
        "height": 16.2,
        "building:material": "concrete",
        "building:colour": "#CCCCCC",
        "building:type": "commercial",
        "roof:shape": "flat",
        "roof:height": 0.0
      }
    },
    {
      "type": "Feature",
      "geometry": {
        "type": "Polygon",
        "coordinates": [
          [
            [
              -1.364987636932746,
              -5.983785325661175
            ],
            [
              -1.3648789162786006,
              -5.983770743991153
            ],
            [
              -1.36489977162829,
              -5.983614878596442
            ],
            [
              -1.365008492492941,
              -5.983629460328174
            ],
            [
              -1.364987636932746,
              -5.983785325661175
            ]
          ]
        ]
      },
      "properties": {
        "type": "building",
        "lod_level": 1,
        "height": 10.3,
        "building:material": "concrete",
        "building:colour": "#CCCCCC",
        "building:type": "residential",
        "roof:shape": "flat",
        "roof:height": 0.0
      }
    },
    {
      "type": "Feature",
      "geometry": {
        "type": "Polygon",
        "coordinates": [
          [
            [
              -1.3642009500659045,
              -5.984723490407555
            ],
            [
              -1.3642028135240114,
              -5.984551314506033
            ],
            [
              -1.36436908000852,
              -5.98455311843267
            ],
            [
              -1.3643672161883427,
              -5.98472529432577
            ],
            [
              -1.3642009500659045,
              -5.984723490407555
            ]
          ]
        ]
      },
      "properties": {
        "type": "building",
        "lod_level": 1,
        "height": 17.5,
        "building:material": "concrete",
        "building:colour": "#CCCCCC",
        "building:type": "office",
        "roof:shape": "flat",
        "roof:height": 0.0
      }
    },
    {
      "type": "Feature",
      "geometry": {
        "type": "Polygon",
        "coordinates": [
          [
            [
              -1.363955254744827,
              -5.983519599675112
            ],
            [
              -1.3637306538759173,
              -5.983493081501742
            ],
            [
              -1.3637476990136628,
              -5.983348371253953
            ],
            [
              -1.3639723002879827,
              -5.983374889531527
            ],
            [
              -1.363955254744827,
              -5.983519599675112
            ]
          ]
        ]
      },
      "properties": {
        "type": "building",
        "lod_level": 1,
        "height": 12.9,
        "building:material": "concrete",
        "building:colour": "#CCCCCC",
        "building:type": "commercial",
        "roof:shape": "flat",
        "roof:height": 0.0
      }
    },
    {
      "type": "Feature",
      "geometry": {
        "type": "Polygon",
        "coordinates": [
          [
            [
              -1.3619113613984026,
              -5.984198385160562
            ],
            [
              -1.3617577979204325,
              -5.984195755605128
            ],
            [
              -1.3617599339692992,
              -5.984070710683781
            ],
            [
              -1.361913497690095,
              -5.984073340248139
            ],
            [
              -1.3619113613984026,
              -5.984198385160562
            ]
          ]
        ]
      },
      "properties": {
        "type": "building",
        "lod_level": 1,
        "height": 18.6,
        "building:material": "concrete",
        "building:colour": "#CCCCCC",
        "building:type": "office",
        "roof:shape": "flat",
        "roof:height": 0.0
      }
    },
    {
      "type": "Feature",
      "geometry": {
        "type": "Polygon",
        "coordinates": [
          [
            [
              -1.3626908534367175,
              -5.986651374813848
            ],
            [
              -1.362687432520236,
              -5.986477384272009
            ],
            [
              -1.3627917905605518,
              -5.986475327672384
            ],
            [
              -1.362795211247444,
              -5.9866493182239235
            ],
            [
              -1.3626908534367175,
              -5.986651374813848
            ]
          ]
        ]
      },
      "properties": {
        "type": "building",
        "lod_level": 1,
        "height": 17.1,
        "building:material": "concrete",
        "building:colour": "#CCCCCC",
        "building:type": "residential",
        "roof:shape": "flat",
        "roof:height": 0.0
      }
    },
    {
      "type": "Feature",
      "geometry": {
        "type": "Polygon",
        "coordinates": [
          [
            [
              -1.3618155720080232,
              -5.981393717414426
            ],
            [
              -1.3617245120557089,
              -5.98138510936456
            ],
            [
              -1.361737412870017,
              -5.981248313962247
            ],
            [
              -1.3618284729784902,
              -5.981256922044089
            ],
            [
              -1.3618155720080232,
              -5.981393717414426
            ]
          ]
        ]
      },
      "properties": {
        "type": "building",
        "lod_level": 1,
        "height": 14.2,
        "building:material": "concrete",
        "building:colour": "#CCCCCC",
        "building:type": "residential",
        "roof:shape": "flat",
        "roof:height": 0.0
      }
    },
    {
      "type": "Feature",
      "geometry": {
        "type": "Polygon",
        "coordinates": [
          [
            [
              -1.3648286788673976,
              -5.984134131099622
            ],
            [
              -1.364693950620383,
              -5.984139683420608
            ],
            [
              -1.3646859402451053,
              -5.983944854944095
            ],
            [
              -1.3648206688235878,
              -5.983939302593715
            ],
            [
              -1.3648286788673976,
              -5.984134131099622
            ]
          ]
        ]
      },
      "properties": {
        "type": "building",
        "lod_level": 1,
        "height": 55.5,
        "building:material": "concrete",
        "building:colour": "#CCCCCC",
        "building:type": "residential",
        "roof:shape": "flat",
        "roof:height": 0.0
      }
    },
    {
      "type": "Feature",
      "geometry": {
        "type": "Polygon",
        "coordinates": [
          [
            [
              -1.3625571710847404,
              -5.981476857566536
            ],
            [
              -1.3623896061438991,
              -5.981476886089964
            ],
            [
              -1.3623895860939408,
              -5.981359552529271
            ],
            [
              -1.3625571512834784,
              -5.981359524005765
            ],
            [
              -1.3625571710847404,
              -5.981476857566536
            ]
          ]
        ]
      },
      "properties": {
        "type": "building",
        "lod_level": 1,
        "height": 11.4,
        "building:material": "concrete",
        "building:colour": "#CCCCCC",
        "building:type": "office",
        "roof:shape": "flat",
        "roof:height": 0.0
      }
    },
    {
      "type": "Feature",
      "geometry": {
        "type": "Polygon",
        "coordinates": [
          [
            [
              -1.3611498955062158,
              -5.984484372153587
            ],
            [
              -1.3609331741131425,
              -5.984482085097914
            ],
            [
              -1.3609346918992642,
              -5.984337901375395
            ],
            [
              -1.3611514136875555,
              -5.984340188440057
            ],
            [
              -1.3611498955062158,
              -5.984484372153587
            ]
          ]
        ]
      },
      "properties": {
        "type": "building",
        "lod_level": 1,
        "height": 11.2,
        "building:material": "concrete",
        "building:colour": "#CCCCCC",
        "building:type": "residential",
        "roof:shape": "flat",
        "roof:height": 0.0
      }
    },
    {
      "type": "Feature",
      "geometry": {
        "type": "Polygon",
        "coordinates": [
          [
            [
              -1.3629678276695296,
              -5.9834019054194485
            ],
            [
              -1.3627057929254327,
              -5.983395733808826
            ],
            [
              -1.362710581412016,
              -5.983191928753199
            ],
            [
              -1.362972616831262,
              -5.983198100397987
            ],
            [
              -1.3629678276695296,
              -5.9834019054194485
            ]
          ]
        ]
      },
      "properties": {
        "type": "building",
        "lod_level": 1,
        "height": 16.2,
        "building:material": "concrete",
        "building:colour": "#CCCCCC",
        "building:type": "commercial",
        "roof:shape": "flat",
        "roof:height": 0.0
      }
    },
    {
      "type": "Feature",
      "geometry": {
        "type": "Polygon",
        "coordinates": [
          [
            [
              -1.3633161033639125,
              -5.9826891392435355
            ],
            [
              -1.363068926574307,
              -5.98265110677619
            ],
            [
              -1.363102760133577,
              -5.9824306963159515
            ],
            [
              -1.3633499375960438,
              -5.982468729010886
            ],
            [
              -1.3633161033639125,
              -5.9826891392435355
            ]
          ]
        ]
      },
      "properties": {
        "type": "building",
        "lod_level": 1,
        "height": 25.7,
        "building:material": "concrete",
        "building:colour": "#CCCCCC",
        "building:type": "office",
        "roof:shape": "flat",
        "roof:height": 0.0
      }
    },
    {
      "type": "Feature",
      "geometry": {
        "type": "Polygon",
        "coordinates": [
          [
            [
              -1.3603859988472613,
              -5.983701736254403
            ],
            [
              -1.3602649815798957,
              -5.983683217281347
            ],
            [
              -1.3602902905293057,
              -5.983517437307623
            ],
            [
              -1.360411308044516,
              -5.983535956364032
            ],
            [
              -1.3603859988472613,
              -5.983701736254403
            ]
          ]
        ]
      },
      "properties": {
        "type": "building",
        "lod_level": 1,
        "height": 5.8,
        "building:material": "concrete",
        "building:colour": "#CCCCCC",
        "building:type": "residential",
        "roof:shape": "flat",
        "roof:height": 0.0
      }
    },
    {
      "type": "Feature",
      "geometry": {
        "type": "Polygon",
        "coordinates": [
          [
            [
              -1.3654423657034176,
              -5.98518322615079
            ],
            [
              -1.3654547844254235,
              -5.98500957494645
            ],
            [
              -1.3655567039417282,
              -5.985016881025216
            ],
            [
              -1.3655442849969985,
              -5.985190532195097
            ],
            [
              -1.3654423657034176,
              -5.98518322615079
            ]
          ]
        ]
      },
      "properties": {
        "type": "building",
        "lod_level": 1,
        "height": 22.3,
        "building:material": "concrete",
        "building:colour": "#CCCCCC",
        "building:type": "commercial",
        "roof:shape": "flat",
        "roof:height": 0.0
      }
    },
    {
      "type": "Feature",
      "geometry": {
        "type": "Polygon",
        "coordinates": [
          [
            [
              -1.3619950350842893,
              -5.9850472320120645
            ],
            [
              -1.3620187275003803,
              -5.9848535625840835
            ],
            [
              -1.3622294121569372,
              -5.98487939768982
            ],
            [
              -1.3622057192324568,
              -5.98507306698195
            ],
            [
              -1.3619950350842893,
              -5.9850472320120645
            ]
          ]
        ]
      },
      "properties": {
        "type": "building",
        "lod_level": 1,
        "height": 9.7,
        "building:material": "concrete",
        "building:colour": "#CCCCCC",
        "building:type": "residential",
        "roof:shape": "flat",
        "roof:height": 0.0
      }
    },
    {
      "type": "Feature",
      "geometry": {
        "type": "Polygon",
        "coordinates": [
          [
            [
              -1.3626868308295346,
              -5.985928787121425
            ],
            [
              -1.362695944108542,
              -5.98583237515069
            ],
            [
              -1.3627842213367838,
              -5.985840739216318
            ],
            [
              -1.3627751079510815,
              -5.985937151165162
            ],
            [
              -1.3626868308295346,
              -5.985928787121425
            ]
          ]
        ]
      },
      "properties": {
        "type": "building",
        "lod_level": 2,
        "height": 35.7,
        "building:levels": 12,
        "building:material": "concrete",
        "building:colour": "#CCCCCC",
        "building:type": "office",
        "roof:shape": "flat",
        "roof:height": 0.0
      }
    },
    {
      "type": "Feature",
      "geometry": {
        "type": "Polygon",
        "coordinates": [
          [
            [
              -1.3656110442327551,
              -5.984656609865309
            ],
            [
              -1.3654260413958936,
              -5.984639347278244
            ],
            [
              -1.365441174372019,
              -5.984476782628627
            ],
            [
              -1.365626177586002,
              -5.984494045291892
            ],
            [
              -1.3656110442327551,
              -5.984656609865309
            ]
          ]
        ]
      },
      "properties": {
        "type": "building",
        "lod_level": 2,
        "height": 7.5,
        "building:levels": 2,
        "building:material": "concrete",
        "building:colour": "#CCCCCC",
        "building:type": "industrial",
        "roof:shape": "flat",
        "roof:height": 0.0
      }
    },
    {
      "type": "Feature",
      "geometry": {
        "type": "Polygon",
        "coordinates": [
          [
            [
              -1.3633211777581096,
              -5.985445497883028
            ],
            [
              -1.3631637514631252,
              -5.985450625067726
            ],
            [
              -1.363159763450255,
              -5.985327891292245
            ],
            [
              -1.3633171899893852,
              -5.985322764090459
            ],
            [
              -1.3633211777581096,
              -5.985445497883028
            ]
          ]
        ]
      },
      "properties": {
        "type": "building",
        "lod_level": 2,
        "height": 23.1,
        "building:levels": 8,
        "building:material": "concrete",
        "building:colour": "#CCCCCC",
        "building:type": "commercial",
        "roof:shape": "flat",
        "roof:height": 0.0
      }
    },
    {
      "type": "Feature",
      "geometry": {
        "type": "Polygon",
        "coordinates": [
          [
            [
              -1.364592832162625,
              -5.984947635909647
            ],
            [
              -1.3643919540672402,
              -5.9849559028509045
            ],
            [
              -1.3643836480376992,
              -5.98475360516975
            ],
            [
              -1.3645845266462482,
              -5.9847453381831155
            ],
            [
              -1.364592832162625,
              -5.984947635909647
            ]
          ]
        ]
      },
      "properties": {
        "type": "building",
        "lod_level": 2,
        "height": 16.6,
        "building:levels": 6,
        "building:material": "concrete",
        "building:colour": "#CCCCCC",
        "building:type": "residential",
        "roof:shape": "flat",
        "roof:height": 0.0
      }
    },
    {
      "type": "Feature",
      "geometry": {
        "type": "Polygon",
        "coordinates": [
          [
            [
              -1.3626988209161486,
              -5.9830430489949045
            ],
            [
              -1.3627051277972633,
              -5.9828503244519835
            ],
            [
              -1.3628695168623592,
              -5.982855716972849
            ],
            [
              -1.3628632095809226,
              -5.983048441487554
            ],
            [
              -1.3626988209161486,
              -5.9830430489949045
            ]
          ]
        ]
      },
      "properties": {
        "type": "building",
        "lod_level": 2,
        "height": 13.1,
        "building:levels": 4,
        "building:material": "concrete",
        "building:colour": "#CCCCCC",
        "building:type": "residential",
        "roof:shape": "flat",
        "roof:height": 0.0
      }
    },
    {
      "type": "Feature",
      "geometry": {
        "type": "Polygon",
        "coordinates": [
          [
            [
              -1.365547576414476,
              -5.983721582758546
            ],
            [
              -1.3655574126903856,
              -5.9835724057662345
            ],
            [
              -1.3656765178862789,
              -5.983580277869041
            ],
            [
              -1.3656666813865974,
              -5.983729454829464
            ],
            [
              -1.365547576414476,
              -5.983721582758546
            ]
          ]
        ]
      },
      "properties": {
        "type": "building",
        "lod_level": 2,
        "height": 34.3,
        "building:levels": 11,
        "building:material": "concrete",
        "building:colour": "#CCCCCC",
        "building:type": "office",
        "roof:shape": "flat",
        "roof:height": 0.0
      }
    },
    {
      "type": "Feature",
      "geometry": {
        "type": "Polygon",
        "coordinates": [
          [
            [
              -1.3613667385962722,
              -5.983817716960329
            ],
            [
              -1.3613710569451243,
              -5.9836694462262
            ],
            [
              -1.361461977056796,
              -5.983672100568216
            ],
            [
              -1.3614576585375655,
              -5.983820371291644
            ],
            [
              -1.3613667385962722,
              -5.983817716960329
            ]
          ]
        ]
      },
      "properties": {
        "type": "building",
        "lod_level": 2,
        "height": 24.8,
        "building:levels": 8,
        "building:material": "concrete",
        "building:colour": "#CCCCCC",
        "building:type": "residential",
        "roof:shape": "flat",
        "roof:height": 0.0
      }
    },
    {
      "type": "Feature",
      "geometry": {
        "type": "Polygon",
        "coordinates": [
          [
            [
              -1.3613359428947096,
              -5.98364247686086
            ],
            [
              -1.3613604050496535,
              -5.983401419906965
            ],
            [
              -1.3614490592014867,
              -5.983410437762212
            ],
            [
              -1.3614245967790097,
              -5.983651494657065
            ],
            [
              -1.3613359428947096,
              -5.98364247686086
            ]
          ]
        ]
      },
      "properties": {
        "type": "building",
        "lod_level": 2,
        "height": 7.3,
        "building:levels": 2,
        "building:material": "concrete",
        "building:colour": "#CCCCCC",
        "building:type": "industrial",
        "roof:shape": "flat",
        "roof:height": 0.0
      }
    },
    {
      "type": "Feature",
      "geometry": {
        "type": "Polygon",
        "coordinates": [
          [
            [
              -1.3641200937024551,
              -5.983974663218755
            ],
            [
              -1.3641206177336231,
              -5.983876977910919
            ],
            [
              -1.3642186748208898,
              -5.983877505241141
            ],
            [
              -1.364218150668561,
              -5.9839751905476
            ],
            [
              -1.3641200937024551,
              -5.983974663218755
            ]
          ]
        ]
      },
      "properties": {
        "type": "building",
        "lod_level": 2,
        "height": 14.8,
        "building:levels": 5,
        "building:material": "concrete",
        "building:colour": "#CCCCCC",
        "building:type": "residential",
        "roof:shape": "flat",
        "roof:height": 0.0
      }
    },
    {
      "type": "Feature",
      "geometry": {
        "type": "Polygon",
        "coordinates": [
          [
            [
              -1.3656702484267784,
              -5.983896865553507
            ],
            [
              -1.3655859577803704,
              -5.983898756451224
            ],
            [
              -1.3655838346260156,
              -5.983803891085868
            ],
            [
              -1.3656681253735186,
              -5.983802000183278
            ],
            [
              -1.3656702484267784,
              -5.983896865553507
            ]
          ]
        ]
      },
      "properties": {
        "type": "building",
        "lod_level": 2,
        "height": 22.9,
        "building:levels": 8,
        "building:material": "concrete",
        "building:colour": "#CCCCCC",
        "building:type": "residential",
        "roof:shape": "flat",
        "roof:height": 0.0
      }
    },
    {
      "type": "Feature",
      "geometry": {
        "type": "Polygon",
        "coordinates": [
          [
            [
              -1.3630735645101475,
              -5.984603363014041
            ],
            [
              -1.3629619135847133,
              -5.984595150459525
            ],
            [
              -1.362974002868266,
              -5.984430405303988
            ],
            [
              -1.3630856540251166,
              -5.984438617895206
            ],
            [
              -1.3630735645101475,
              -5.984603363014041
            ]
          ]
        ]
      },
      "properties": {
        "type": "building",
        "lod_level": 2,
        "height": 18.9,
        "building:levels": 6,
        "building:material": "concrete",
        "building:colour": "#CCCCCC",
        "building:type": "residential",
        "roof:shape": "flat",
        "roof:height": 0.0
      }
    },
    {
      "type": "Feature",
      "geometry": {
        "type": "Polygon",
        "coordinates": [
          [
            [
              -1.3631388530845092,
              -5.983203828145303
            ],
            [
              -1.3631393998922359,
              -5.982962272764088
            ],
            [
              -1.3632525168166258,
              -5.982962529513903
            ],
            [
              -1.3632519696632714,
              -5.983204084893427
            ],
            [
              -1.3631388530845092,
              -5.983203828145303
            ]
          ]
        ]
      },
      "properties": {
        "type": "building",
        "lod_level": 2,
        "height": 27.7,
        "building:levels": 9,
        "building:material": "concrete",
        "building:colour": "#CCCCCC",
        "building:type": "commercial",
        "roof:shape": "flat",
        "roof:height": 0.0
      }
    },
    {
      "type": "Feature",
      "geometry": {
        "type": "Polygon",
        "coordinates": [
          [
            [
              -1.3629677217559892,
              -5.984125489929134
            ],
            [
              -1.3629729036886342,
              -5.983894287028904
            ],
            [
              -1.363102030645092,
              -5.983897188091642
            ],
            [
              -1.3630968483349997,
              -5.984128390973641
            ],
            [
              -1.3629677217559892,
              -5.984125489929134
            ]
          ]
        ]
      },
      "properties": {
        "type": "building",
        "lod_level": 2,
        "height": 9.9,
        "building:levels": 3,
        "building:material": "concrete",
        "building:colour": "#CCCCCC",
        "building:type": "office",
        "roof:shape": "flat",
        "roof:height": 0.0
      }
    },
    {
      "type": "Feature",
      "geometry": {
        "type": "Polygon",
        "coordinates": [
          [
            [
              -1.363273177305555,
              -5.984714116781986
            ],
            [
              -1.3633062673150165,
              -5.984494085438908
            ],
            [
              -1.3634244098589843,
              -5.9845118946945455
            ],
            [
              -1.3633913195281573,
              -5.9847319259312455
            ],
            [
              -1.363273177305555,
              -5.984714116781986
            ]
          ]
        ]
      },
      "properties": {
        "type": "building",
        "lod_level": 2,
        "height": 58.5,
        "building:levels": 20,
        "building:material": "concrete",
        "building:colour": "#CCCCCC",
        "building:type": "office",
        "roof:shape": "flat",
        "roof:height": 0.0
      }
    },
    {
      "type": "Feature",
      "geometry": {
        "type": "Polygon",
        "coordinates": [
          [
            [
              -1.3624414405439071,
              -5.981644424755617
            ],
            [
              -1.3622477889209168,
              -5.981619641176655
            ],
            [
              -1.362263906739789,
              -5.9814934013703756
            ],
            [
              -1.3624575586669587,
              -5.981518185034266
            ],
            [
              -1.3624414405439071,
              -5.981644424755617
            ]
          ]
        ]
      },
      "properties": {
        "type": "building",
        "lod_level": 2,
        "height": 11.6,
        "building:levels": 4,
        "building:material": "concrete",
        "building:colour": "#CCCCCC",
        "building:type": "residential",
        "roof:shape": "flat",
        "roof:height": 0.0
      }
    },
    {
      "type": "Feature",
      "geometry": {
        "type": "Polygon",
        "coordinates": [
          [
            [
              -1.3636607485609036,
              -5.982790128626908
            ],
            [
              -1.3636850556489513,
              -5.982610222797878
            ],
            [
              -1.3638486494601638,
              -5.982632378513918
            ],
            [
              -1.3638243420066425,
              -5.982812284234724
            ],
            [
              -1.3636607485609036,
              -5.982790128626908
            ]
          ]
        ]
      },
      "properties": {
        "type": "building",
        "lod_level": 2,
        "height": 17.8,
        "building:levels": 6,
        "building:material": "concrete",
        "building:colour": "#CCCCCC",
        "building:type": "commercial",
        "roof:shape": "flat",
        "roof:height": 0.0
      }
    },
    {
      "type": "Feature",
      "geometry": {
        "type": "Polygon",
        "coordinates": [
          [
            [
              -1.3632387191103201,
              -5.986337108545747
            ],
            [
              -1.3632363427521852,
              -5.986194502302634
            ],
            [
              -1.3633449281106336,
              -5.986192688672609
            ],
            [
              -1.3633473042729465,
              -5.986335294922754
            ],
            [
              -1.3632387191103201,
              -5.986337108545747
            ]
          ]
        ]
      },
      "properties": {
        "type": "building",
        "lod_level": 2,
        "height": 40.7,
        "building:levels": 14,
        "building:material": "concrete",
        "building:colour": "#CCCCCC",
        "building:type": "office",
        "roof:shape": "flat",
        "roof:height": 0.0
      }
    },
    {
      "type": "Feature",
      "geometry": {
        "type": "Polygon",
        "coordinates": [
          [
            [
              -1.3605982821080433,
              -5.984543929453767
            ],
            [
              -1.3606141035208075,
              -5.984431131883538
            ],
            [
              -1.3607963265695195,
              -5.984456751770214
            ],
            [
              -1.360780504901885,
              -5.984569549261974
            ],
            [
              -1.3605982821080433,
              -5.984543929453767
            ]
          ]
        ]
      },
      "properties": {
        "type": "building",
        "lod_level": 2,
        "height": 32.2,
        "building:levels": 11,
        "building:material": "concrete",
        "building:colour": "#CCCCCC",
        "building:type": "office",
        "roof:shape": "flat",
        "roof:height": 0.0
      }
    },
    {
      "type": "Feature",
      "geometry": {
        "type": "Polygon",
        "coordinates": [
          [
            [
              -1.3621489125020096,
              -5.985981144896622
            ],
            [
              -1.3621686502256898,
              -5.9858345535242385
            ],
            [
              -1.3623427594468862,
              -5.985858051832975
            ],
            [
              -1.3623230214062256,
              -5.986004643111806
            ],
            [
              -1.3621489125020096,
              -5.985981144896622
            ]
          ]
        ]
      },
      "properties": {
        "type": "building",
        "lod_level": 2,
        "height": 37.4,
        "building:levels": 12,
        "building:material": "concrete",
        "building:colour": "#CCCCCC",
        "building:type": "office",
        "roof:shape": "flat",
        "roof:height": 0.0
      }
    },
    {
      "type": "Feature",
      "geometry": {
        "type": "Polygon",
        "coordinates": [
          [
            [
              -1.3622603411151257,
              -5.982763231427485
            ],
            [
              -1.3622593358578874,
              -5.982529157247976
            ],
            [
              -1.3624719748127845,
              -5.982528242168962
            ],
            [
              -1.3624729794404407,
              -5.98276231635429
            ],
            [
              -1.3622603411151257,
              -5.982763231427485
            ]
          ]
        ]
      },
      "properties": {
        "type": "building",
        "lod_level": 2,
        "height": 11.3,
        "building:levels": 4,
        "building:material": "concrete",
        "building:colour": "#CCCCCC",
        "building:type": "residential",
        "roof:shape": "flat",
        "roof:height": 0.0
      }
    },
    {
      "type": "Feature",
      "geometry": {
        "type": "Polygon",
        "coordinates": [
          [
            [
              -1.3635543709848323,
              -5.983960422979395
            ],
            [
              -1.3635670400793745,
              -5.983828123482733
            ],
            [
              -1.3637468552663319,
              -5.983845383638749
            ],
            [
              -1.3637341858736367,
              -5.9839776830734035
            ],
            [
              -1.3635543709848323,
              -5.983960422979395
            ]
          ]
        ]
      },
      "properties": {
        "type": "building",
        "lod_level": 2,
        "height": 13.9,
        "building:levels": 5,
        "building:material": "concrete",
        "building:colour": "#CCCCCC",
        "building:type": "residential",
        "roof:shape": "flat",
        "roof:height": 0.0
      }
    },
    {
      "type": "Feature",
      "geometry": {
        "type": "Polygon",
        "coordinates": [
          [
            [
              -1.3619359833052715,
              -5.981882109478562
            ],
            [
              -1.3617572794204893,
              -5.981885521192727
            ],
            [
              -1.3617555834999284,
              -5.981796484411341
            ],
            [
              -1.3619342875859022,
              -5.981793072688939
            ],
            [
              -1.3619359833052715,
              -5.981882109478562
            ]
          ]
        ]
      },
      "properties": {
        "type": "building",
        "lod_level": 2,
        "height": 21.6,
        "building:levels": 7,
        "building:material": "concrete",
        "building:colour": "#CCCCCC",
        "building:type": "residential",
        "roof:shape": "flat",
        "roof:height": 0.0
      }
    },
    {
      "type": "Feature",
      "geometry": {
        "type": "Polygon",
        "coordinates": [
          [
            [
              -1.365238689882161,
              -5.9846197034347055
            ],
            [
              -1.365092446409753,
              -5.984624832996603
            ],
            [
              -1.3650878838940357,
              -5.984494452401042
            ],
            [
              -1.3652341276073356,
              -5.9844893228209655
            ],
            [
              -1.365238689882161,
              -5.9846197034347055
            ]
          ]
        ]
      },
      "properties": {
        "type": "building",
        "lod_level": 2,
        "height": 5.2,
        "building:levels": 2,
        "building:material": "concrete",
        "building:colour": "#CCCCCC",
        "building:type": "commercial",
        "roof:shape": "flat",
        "roof:height": 0.0
      }
    },
    {
      "type": "Feature",
      "geometry": {
        "type": "Polygon",
        "coordinates": [
          [
            [
              -1.362029322721797,
              -5.985403992624917
            ],
            [
              -1.3620333330072645,
              -5.985258251197924
            ],
            [
              -1.362156263946101,
              -5.985261641896911
            ],
            [
              -1.3621522534341786,
              -5.9854073833105055
            ],
            [
              -1.362029322721797,
              -5.985403992624917
            ]
          ]
        ]
      },
      "properties": {
        "type": "building",
        "lod_level": 2,
        "height": 24.6,
        "building:levels": 8,
        "building:material": "concrete",
        "building:colour": "#CCCCCC",
        "building:type": "office",
        "roof:shape": "flat",
        "roof:height": 0.0
      }
    },
    {
      "type": "Feature",
      "geometry": {
        "type": "Polygon",
        "coordinates": [
          [
            [
              -1.3609215509641888,
              -5.984463487834121
            ],
            [
              -1.3609421521339675,
              -5.984322104772906
            ],
            [
              -1.3611267920939634,
              -5.984349072772788
            ],
            [
              -1.361106190601003,
              -5.984490455730471
            ],
            [
              -1.3609215509641888,
              -5.984463487834121
            ]
          ]
        ]
      },
      "properties": {
        "type": "building",
        "lod_level": 2,
        "height": 9.5,
        "building:levels": 3,
        "building:material": "concrete",
        "building:colour": "#CCCCCC",
        "building:type": "office",
        "roof:shape": "flat",
        "roof:height": 0.0
      }
    },
    {
      "type": "Feature",
      "geometry": {
        "type": "Polygon",
        "coordinates": [
          [
            [
              -1.36291030497602,
              -5.98353197390885
            ],
            [
              -1.3629176788662296,
              -5.98330520910963
            ],
            [
              -1.3630576893312987,
              -5.983309772842196
            ],
            [
              -1.3630503150399067,
              -5.98353653761332
            ],
            [
              -1.36291030497602,
              -5.98353197390885
            ]
          ]
        ]
      },
      "properties": {
        "type": "building",
        "lod_level": 2,
        "height": 3.0,
        "building:levels": 1,
        "building:material": "concrete",
        "building:colour": "#CCCCCC",
        "building:type": "residential",
        "roof:shape": "flat",
        "roof:height": 0.0
      }
    },
    {
      "type": "Feature",
      "geometry": {
        "type": "Polygon",
        "coordinates": [
          [
            [
              -1.3648883681237054,
              -5.984528765007413
            ],
            [
              -1.3649006488696096,
              -5.984421677761598
            ],
            [
              -1.3650283201840794,
              -5.984436353777345
            ],
            [
              -1.3650160392675128,
              -5.984543440980496
            ],
            [
              -1.3648883681237054,
              -5.984528765007413
            ]
          ]
        ]
      },
      "properties": {
        "type": "building",
        "lod_level": 2,
        "height": 21.0,
        "building:levels": 7,
        "building:material": "concrete",
        "building:colour": "#CCCCCC",
        "building:type": "commercial",
        "roof:shape": "flat",
        "roof:height": 0.0
      }
    },
    {
      "type": "Feature",
      "geometry": {
        "type": "Polygon",
        "coordinates": [
          [
            [
              -1.3640905069679907,
              -5.982759450936941
            ],
            [
              -1.3640830767561887,
              -5.982582181365251
            ],
            [
              -1.3642945830431774,
              -5.982573295406933
            ],
            [
              -1.3643020127815475,
              -5.9827505650214015
            ],
            [
              -1.3640905069679907,
              -5.982759450936941
            ]
          ]
        ]
      },
      "properties": {
        "type": "building",
        "lod_level": 2,
        "height": 5.7,
        "building:levels": 2,
        "building:material": "concrete",
        "building:colour": "#CCCCCC",
        "building:type": "residential",
        "roof:shape": "flat",
        "roof:height": 0.0
      }
    },
    {
      "type": "Feature",
      "geometry": {
        "type": "Polygon",
        "coordinates": [
          [
            [
              -1.364763603947874,
              -5.985107406930426
            ],
            [
              -1.3645663897177918,
              -5.9850917379368385
            ],
            [
              -1.3645769063789137,
              -5.9849590580783545
            ],
            [
              -1.3647741209378996,
              -5.984974727128397
            ],
            [
              -1.364763603947874,
              -5.985107406930426
            ]
          ]
        ]
      },
      "properties": {
        "type": "building",
        "lod_level": 2,
        "height": 14.7,
        "building:levels": 5,
        "building:material": "concrete",
        "building:colour": "#CCCCCC",
        "building:type": "office",
        "roof:shape": "flat",
        "roof:height": 0.0
      }
    },
    {
      "type": "Feature",
      "geometry": {
        "type": "Polygon",
        "coordinates": [
          [
            [
              -1.3615922855216636,
              -5.983408437148906
            ],
            [
              -1.361614722201472,
              -5.983194409007435
            ],
            [
              -1.3617686868542416,
              -5.983210587564655
            ],
            [
              -1.3617462497621957,
              -5.983424615612091
            ],
            [
              -1.3615922855216636,
              -5.983408437148906
            ]
          ]
        ]
      },
      "properties": {
        "type": "building",
        "lod_level": 2,
        "height": 25.2,
        "building:levels": 8,
        "building:material": "concrete",
        "building:colour": "#CCCCCC",
        "building:type": "commercial",
        "roof:shape": "flat",
        "roof:height": 0.0
      }
    },
    {
      "type": "Feature",
      "geometry": {
        "type": "Polygon",
        "coordinates": [
          [
            [
              -1.3655383119882998,
              -5.984176984926882
            ],
            [
              -1.3653437581302885,
              -5.984185663380183
            ],
            [
              -1.3653399407377653,
              -5.98409988516983
            ],
            [
              -1.365534494806455,
              -5.9840912066963154
            ],
            [
              -1.3655383119882998,
              -5.984176984926882
            ]
          ]
        ]
      },
      "properties": {
        "type": "building",
        "lod_level": 2,
        "height": 7.1,
        "building:levels": 2,
        "building:material": "concrete",
        "building:colour": "#CCCCCC",
        "building:type": "residential",
        "roof:shape": "flat",
        "roof:height": 0.0
      }
    },
    {
      "type": "Feature",
      "geometry": {
        "type": "Polygon",
        "coordinates": [
          [
            [
              -1.362488021378328,
              -5.985164815913147
            ],
            [
              -1.3624949113434182,
              -5.985033467498488
            ],
            [
              -1.3626822275887007,
              -5.985043316705839
            ],
            [
              -1.3626753373132479,
              -5.985174665085375
            ],
            [
              -1.362488021378328,
              -5.985164815913147
            ]
          ]
        ]
      },
      "properties": {
        "type": "building",
        "lod_level": 2,
        "height": 15.3,
        "building:levels": 5,
        "building:material": "concrete",
        "building:colour": "#CCCCCC",
        "building:type": "office",
        "roof:shape": "flat",
        "roof:height": 0.0
      }
    },
    {
      "type": "Feature",
      "geometry": {
        "type": "Polygon",
        "coordinates": [
          [
            [
              -1.3630917954780866,
              -5.9859314697727095
            ],
            [
              -1.362876876223539,
              -5.9859366680234185
            ],
            [
              -1.3628728939681058,
              -5.9857716450495895
            ],
            [
              -1.3630878136710218,
              -5.985766446775574
            ],
            [
              -1.3630917954780866,
              -5.9859314697727095
            ]
          ]
        ]
      },
      "properties": {
        "type": "building",
        "lod_level": 2,
        "height": 9.9,
        "building:levels": 3,
        "building:material": "concrete",
        "building:colour": "#CCCCCC",
        "building:type": "residential",
        "roof:shape": "flat",
        "roof:height": 0.0
      }
    },
    {
      "type": "Feature",
      "geometry": {
        "type": "Polygon",
        "coordinates": [
          [
            [
              -1.3644710070459938,
              -5.982834730636571
            ],
            [
              -1.3644664162013862,
              -5.982704762609223
            ],
            [
              -1.3645892692540855,
              -5.982700412902055
            ],
            [
              -1.3645938598969736,
              -5.982830380944773
            ],
            [
              -1.3644710070459938,
              -5.982834730636571
            ]
          ]
        ]
      },
      "properties": {
        "type": "building",
        "lod_level": 2,
        "height": 6.9,
        "building:levels": 2,
        "building:material": "concrete",
        "building:colour": "#CCCCCC",
        "building:type": "residential",
        "roof:shape": "flat",
        "roof:height": 0.0
      }
    },
    {
      "type": "Feature",
      "geometry": {
        "type": "Polygon",
        "coordinates": [
          [
            [
              -1.3659549322376967,
              -5.984103611605867
            ],
            [
              -1.3657789711057404,
              -5.984096023808318
            ],
            [
              -1.3657825270289838,
              -5.984013364937536
            ],
            [
              -1.3659584883445794,
              -5.984020952752154
            ],
            [
              -1.3659549322376967,
              -5.984103611605867
            ]
          ]
        ]
      },
      "properties": {
        "type": "building",
        "lod_level": 2,
        "height": 11.9,
        "building:levels": 4,
        "building:material": "concrete",
        "building:colour": "#CCCCCC",
        "building:type": "residential",
        "roof:shape": "flat",
        "roof:height": 0.0
      }
    },
    {
      "type": "Feature",
      "geometry": {
        "type": "Polygon",
        "coordinates": [
          [
            [
              -1.3651518942808933,
              -5.985443419643223
            ],
            [
              -1.3649428111062665,
              -5.985447290885243
            ],
            [
              -1.3649403284528516,
              -5.985312897996914
            ],
            [
              -1.3651494119827965,
              -5.985309026740776
            ],
            [
              -1.3651518942808933,
              -5.985443419643223
            ]
          ]
        ]
      },
      "properties": {
        "type": "building",
        "lod_level": 2,
        "height": 26.0,
        "building:levels": 9,
        "building:material": "concrete",
        "building:colour": "#CCCCCC",
        "building:type": "residential",
        "roof:shape": "flat",
        "roof:height": 0.0
      }
    },
    {
      "type": "Feature",
      "geometry": {
        "type": "Polygon",
        "coordinates": [
          [
            [
              -1.3653340986753915,
              -5.985286978231105
            ],
            [
              -1.3651721664921346,
              -5.985278875849884
            ],
            [
              -1.3651767590312225,
              -5.985186872171902
            ],
            [
              -1.3653386914024639,
              -5.985194974573356
            ],
            [
              -1.3653340986753915,
              -5.985286978231105
            ]
          ]
        ]
      },
      "properties": {
        "type": "building",
        "lod_level": 2,
        "height": 12.6,
        "building:levels": 4,
        "building:material": "concrete",
        "building:colour": "#CCCCCC",
        "building:type": "residential",
        "roof:shape": "flat",
        "roof:height": 0.0
      }
    },
    {
      "type": "Feature",
      "geometry": {
        "type": "Polygon",
        "coordinates": [
          [
            [
              -1.3623865423058619,
              -5.9836780846695
            ],
            [
              -1.3621962751550212,
              -5.983677064103119
            ],
            [
              -1.3621968373340865,
              -5.983571984033924
            ],
            [
              -1.36238710473782,
              -5.983573004603223
            ],
            [
              -1.3623865423058619,
              -5.9836780846695
            ]
          ]
        ]
      },
      "properties": {
        "type": "building",
        "lod_level": 2,
        "height": 11.1,
        "building:levels": 4,
        "building:material": "concrete",
        "building:colour": "#CCCCCC",
        "building:type": "residential",
        "roof:shape": "flat",
        "roof:height": 0.0
      }
    },
    {
      "type": "Feature",
      "geometry": {
        "type": "Polygon",
        "coordinates": [
          [
            [
              -1.3626692154111038,
              -5.9842951371633095
            ],
            [
              -1.3624185978629761,
              -5.984275421408954
            ],
            [
              -1.3624366559142491,
              -5.98404532917232
            ],
            [
              -1.3626872741872982,
              -5.984065045049848
            ],
            [
              -1.3626692154111038,
              -5.9842951371633095
            ]
          ]
        ]
      },
      "properties": {
        "type": "building",
        "lod_level": 2,
        "height": 28.3,
        "building:levels": 9,
        "building:material": "concrete",
        "building:colour": "#CCCCCC",
        "building:type": "commercial",
        "roof:shape": "flat",
        "roof:height": 0.0
      }
    },
    {
      "type": "Feature",
      "geometry": {
        "type": "Polygon",
        "coordinates": [
          [
            [
              -1.361554408397044,
              -5.984936482157488
            ],
            [
              -1.3613179248784675,
              -5.984922022649962
            ],
            [
              -1.3613256838713632,
              -5.984794822739804
            ],
            [
              -1.361562167769021,
              -5.984809282297282
            ],
            [
              -1.361554408397044,
              -5.984936482157488
            ]
          ]
        ]
      },
      "properties": {
        "type": "building",
        "lod_level": 2,
        "height": 13.6,
        "building:levels": 5,
        "building:material": "concrete",
        "building:colour": "#CCCCCC",
        "building:type": "office",
        "roof:shape": "flat",
        "roof:height": 0.0
      }
    },
    {
      "type": "Feature",
      "geometry": {
        "type": "Polygon",
        "coordinates": [
          [
            [
              -1.3637554642992913,
              -5.984642501657445
            ],
            [
              -1.3635409339824167,
              -5.984651489662759
            ],
            [
              -1.363532400465201,
              -5.984447333285528
            ],
            [
              -1.3637469313351183,
              -5.984438345230403
            ],
            [
              -1.3637554642992913,
              -5.984642501657445
            ]
          ]
        ]
      },
      "properties": {
        "type": "building",
        "lod_level": 2,
        "height": 14.8,
        "building:levels": 5,
        "building:material": "concrete",
        "building:colour": "#CCCCCC",
        "building:type": "office",
        "roof:shape": "flat",
        "roof:height": 0.0
      }
    },
    {
      "type": "Feature",
      "geometry": {
        "type": "Polygon",
        "coordinates": [
          [
            [
              -1.3613538700769896,
              -5.982391771163696
            ],
            [
              -1.3612633473127085,
              -5.982390154024898
            ],
            [
              -1.361266483752762,
              -5.982214163692051
            ],
            [
              -1.3613570067184952,
              -5.982215780838578
            ],
            [
              -1.3613538700769896,
              -5.982391771163696
            ]
          ]
        ]
      },
      "properties": {
        "type": "building",
        "lod_level": 2,
        "height": 7.3,
        "building:levels": 2,
        "building:material": "concrete",
        "building:colour": "#CCCCCC",
        "building:type": "industrial",
        "roof:shape": "flat",
        "roof:height": 0.0
      }
    },
    {
      "type": "Feature",
      "geometry": {
        "type": "Polygon",
        "coordinates": [
          [
            [
              -1.3639093919268785,
              -5.982193308042092
            ],
            [
              -1.3639083843579853,
              -5.982099226229606
            ],
            [
              -1.3640048852277062,
              -5.982098190362604
            ],
            [
              -1.364005892681771,
              -5.982192272177726
            ],
            [
              -1.3639093919268785,
              -5.982193308042092
            ]
          ]
        ]
      },
      "properties": {
        "type": "building",
        "lod_level": 2,
        "height": 15.0,
        "building:levels": 5,
        "building:material": "concrete",
        "building:colour": "#CCCCCC",
        "building:type": "residential",
        "roof:shape": "flat",
        "roof:height": 0.0
      }
    },
    {
      "type": "Feature",
      "geometry": {
        "type": "Polygon",
        "coordinates": [
          [
            [
              -1.3649269936172392,
              -5.98247996846993
            ],
            [
              -1.3649271460393715,
              -5.982369745866392
            ],
            [
              -1.3650157433647931,
              -5.982369868723973
            ],
            [
              -1.3650155908191353,
              -5.9824800913271305
            ],
            [
              -1.3649269936172392,
              -5.98247996846993
            ]
          ]
        ]
      },
      "properties": {
        "type": "building",
        "lod_level": 2,
        "height": 7.2,
        "building:levels": 2,
        "building:material": "concrete",
        "building:colour": "#CCCCCC",
        "building:type": "industrial",
        "roof:shape": "flat",
        "roof:height": 0.0
      }
    },
    {
      "type": "Feature",
      "geometry": {
        "type": "Polygon",
        "coordinates": [
          [
            [
              -1.3636715775378114,
              -5.981785787737775
            ],
            [
              -1.3636736653810573,
              -5.981655651074264
            ],
            [
              -1.3637788086986142,
              -5.981657342010201
            ],
            [
              -1.3637767206823335,
              -5.981787478667721
            ],
            [
              -1.3636715775378114,
              -5.981785787737775
            ]
          ]
        ]
      },
      "properties": {
        "type": "building",
        "lod_level": 2,
        "height": 10.2,
        "building:levels": 3,
        "building:material": "concrete",
        "building:colour": "#CCCCCC",
        "building:type": "commercial",
        "roof:shape": "flat",
        "roof:height": 0.0
      }
    },
    {
      "type": "Feature",
      "geometry": {
        "type": "Polygon",
        "coordinates": [
          [
            [
              -1.3604485195500076,
              -5.983716362176562
            ],
            [
              -1.3604516137178986,
              -5.983574467963458
            ],
            [
              -1.3606021296591848,
              -5.983577758046414
            ],
            [
              -1.3605990352212665,
              -5.983719652246863
            ],
            [
              -1.3604485195500076,
              -5.983716362176562
            ]
          ]
        ]
      },
      "properties": {
        "type": "building",
        "lod_level": 2,
        "height": 13.4,
        "building:levels": 4,
        "building:material": "concrete",
        "building:colour": "#CCCCCC",
        "building:type": "residential",
        "roof:shape": "flat",
        "roof:height": 0.0
      }
    },
    {
      "type": "Feature",
      "geometry": {
        "type": "Polygon",
        "coordinates": [
          [
            [
              -1.3654083172461038,
              -5.982793039433412
            ],
            [
              -1.3654140407093323,
              -5.982708421142767
            ],
            [
              -1.3654970919516032,
              -5.982714051962461
            ],
            [
              -1.3654913683998877,
              -5.982798670240169
            ],
            [
              -1.3654083172461038,
              -5.982793039433412
            ]
          ]
        ]
      },
      "properties": {
        "type": "building",
        "lod_level": 2,
        "height": 10.8,
        "building:levels": 4,
        "building:material": "concrete",
        "building:colour": "#CCCCCC",
        "building:type": "commercial",
        "roof:shape": "flat",
        "roof:height": 0.0
      }
    },
    {
      "type": "Feature",
      "geometry": {
        "type": "Polygon",
        "coordinates": [
          [
            [
              -1.3629860619011314,
              -5.981357001370184
            ],
            [
              -1.3627902793598408,
              -5.981360890192918
            ],
            [
              -1.3627879739499813,
              -5.981244556379468
            ],
            [
              -1.3629837567792593,
              -5.981240667544463
            ],
            [
              -1.3629860619011314,
              -5.981357001370184
            ]
          ]
        ]
      },
      "properties": {
        "type": "building",
        "lod_level": 2,
        "height": 15.9,
        "building:levels": 5,
        "building:material": "concrete",
        "building:colour": "#CCCCCC",
        "building:type": "residential",
        "roof:shape": "flat",
        "roof:height": 0.0
      }
    },
    {
      "type": "Feature",
      "geometry": {
        "type": "Polygon",
        "coordinates": [
          [
            [
              -1.3633971168843246,
              -5.983784797289334
            ],
            [
              -1.3633933777646399,
              -5.983682223253177
            ],
            [
              -1.3635511119164316,
              -5.983676459947088
            ],
            [
              -1.36355485083173,
              -5.983779033999296
            ],
            [
              -1.3633971168843246,
              -5.983784797289334
            ]
          ]
        ]
      },
      "properties": {
        "type": "building",
        "lod_level": 2,
        "height": 6.3,
        "building:levels": 2,
        "building:material": "concrete",
        "building:colour": "#CCCCCC",
        "building:type": "residential",
        "roof:shape": "flat",
        "roof:height": 0.0
      }
    },
    {
      "type": "Feature",
      "geometry": {
        "type": "Polygon",
        "coordinates": [
          [
            [
              -1.3634787022995545,
              -5.98472517472438
            ],
            [
              -1.3632661065967526,
              -5.984716630233235
            ],
            [
              -1.3632744744145715,
              -5.984507932079186
            ],
            [
              -1.3634870706776998,
              -5.984516476618776
            ],
            [
              -1.3634787022995545,
              -5.98472517472438
            ]
          ]
        ]
      },
      "properties": {
        "type": "building",
        "lod_level": 2,
        "height": 20.6,
        "building:levels": 7,
        "building:material": "concrete",
        "building:colour": "#CCCCCC",
        "building:type": "office",
        "roof:shape": "flat",
        "roof:height": 0.0
      }
    },
    {
      "type": "Feature",
      "geometry": {
        "type": "Polygon",
        "coordinates": [
          [
            [
              -1.3631936839752559,
              -5.983718215785761
            ],
            [
              -1.3631862255062033,
              -5.983436259868825
            ],
            [
              -1.3633324336523645,
              -5.98343238326337
            ],
            [
              -1.363339891600326,
              -5.983714339209988
            ],
            [
              -1.3631936839752559,
              -5.983718215785761
            ]
          ]
        ]
      },
      "properties": {
        "type": "building",
        "lod_level": 2,
        "height": 20.5,
        "building:levels": 7,
        "building:material": "concrete",
        "building:colour": "#CCCCCC",
        "building:type": "residential",
        "roof:shape": "flat",
        "roof:height": 0.0
      }
    },
    {
      "type": "Feature",
      "geometry": {
        "type": "Polygon",
        "coordinates": [
          [
            [
              -1.3610664437976046,
              -5.984629297833395
            ],
            [
              -1.361074708132154,
              -5.98453487120343
            ],
            [
              -1.3612284266835102,
              -5.984548356766209
            ],
            [
              -1.361220162166763,
              -5.9846427833615925
            ],
            [
              -1.3610664437976046,
              -5.984629297833395
            ]
          ]
        ]
      },
      "properties": {
        "type": "building",
        "lod_level": 2,
        "height": 8.7,
        "building:levels": 3,
        "building:material": "concrete",
        "building:colour": "#CCCCCC",
        "building:type": "office",
        "roof:shape": "flat",
        "roof:height": 0.0
      }
    },
    {
      "type": "Feature",
      "geometry": {
        "type": "Polygon",
        "coordinates": [
          [
            [
              -1.363611858552875,
              -5.983005186335612
            ],
            [
              -1.3633853195672885,
              -5.9829740672246805
            ],
            [
              -1.363412242587714,
              -5.982777608861901
            ],
            [
              -1.3636387821256641,
              -5.982808728138841
            ],
            [
              -1.363611858552875,
              -5.983005186335612
            ]
          ]
        ]
      },
      "properties": {
        "type": "building",
        "lod_level": 2,
        "height": 32.8,
        "building:levels": 11,
        "building:material": "concrete",
        "building:colour": "#CCCCCC",
        "building:type": "office",
        "roof:shape": "flat",
        "roof:height": 0.0
      }
    },
    {
      "type": "Feature",
      "geometry": {
        "type": "Polygon",
        "coordinates": [
          [
            [
              -1.36055955447284,
              -5.984999745015038
            ],
            [
              -1.3605685479404113,
              -5.984911993149058
            ],
            [
              -1.360719756285311,
              -5.984927526836978
            ],
            [
              -1.3607107626516677,
              -5.985015278665941
            ],
            [
              -1.36055955447284,
              -5.984999745015038
            ]
          ]
        ]
      },
      "properties": {
        "type": "building",
        "lod_level": 2,
        "height": 19.1,
        "building:levels": 6,
        "building:material": "concrete",
        "building:colour": "#CCCCCC",
        "building:type": "commercial",
        "roof:shape": "flat",
        "roof:height": 0.0
      }
    },
    {
      "type": "Feature",
      "geometry": {
        "type": "Polygon",
        "coordinates": [
          [
            [
              -1.362559159008191,
              -5.982788875277031
            ],
            [
              -1.3623779606779824,
              -5.982760531605275
            ],
            [
              -1.3623951259350575,
              -5.982650535184373
            ],
            [
              -1.3625763245112263,
              -5.982678878940778
            ],
            [
              -1.362559159008191,
              -5.982788875277031
            ]
          ]
        ]
      },
      "properties": {
        "type": "building",
        "lod_level": 2,
        "height": 12.1,
        "building:levels": 4,
        "building:material": "concrete",
        "building:colour": "#CCCCCC",
        "building:type": "residential",
        "roof:shape": "flat",
        "roof:height": 0.0
      }
    },
    {
      "type": "Feature",
      "geometry": {
        "type": "Polygon",
        "coordinates": [
          [
            [
              -1.3634847706028947,
              -5.981943228776027
            ],
            [
              -1.3634913344532682,
              -5.98175537326344
            ],
            [
              -1.3635870681118367,
              -5.981758726283466
            ],
            [
              -1.3635805040342557,
              -5.9819465817789705
            ],
            [
              -1.3634847706028947,
              -5.981943228776027
            ]
          ]
        ]
      },
      "properties": {
        "type": "building",
        "lod_level": 2,
        "height": 12.8,
        "building:levels": 4,
        "building:material": "concrete",
        "building:colour": "#CCCCCC",
        "building:type": "residential",
        "roof:shape": "flat",
        "roof:height": 0.0
      }
    },
    {
      "type": "Feature",
      "geometry": {
        "type": "Polygon",
        "coordinates": [
          [
            [
              -1.362772777868384,
              -5.983500274327531
            ],
            [
              -1.3627715940979248,
              -5.983346821289138
            ],
            [
              -1.362985259366384,
              -5.983345169416992
            ],
            [
              -1.3629864427221268,
              -5.983498622462247
            ],
            [
              -1.362772777868384,
              -5.983500274327531
            ]
          ]
        ]
      },
      "properties": {
        "type": "building",
        "lod_level": 2,
        "height": 7.8,
        "building:levels": 3,
        "building:material": "concrete",
        "building:colour": "#CCCCCC",
        "building:type": "industrial",
        "roof:shape": "flat",
        "roof:height": 0.0
      }
    },
    {
      "type": "Feature",
      "geometry": {
        "type": "Polygon",
        "coordinates": [
          [
            [
              -1.362180913099927,
              -5.981576974284522
            ],
            [
              -1.3621987969303713,
              -5.981459491830909
            ],
            [
              -1.3623585297826002,
              -5.9814838651272595
            ],
            [
              -1.3623406457202982,
              -5.9816013475031
            ],
            [
              -1.362180913099927,
              -5.981576974284522
            ]
          ]
        ]
      },
      "properties": {
        "type": "building",
        "lod_level": 2,
        "height": 3.4,
        "building:levels": 1,
        "building:material": "concrete",
        "building:colour": "#CCCCCC",
        "building:type": "industrial",
        "roof:shape": "flat",
        "roof:height": 0.0
      }
    },
    {
      "type": "Feature",
      "geometry": {
        "type": "Polygon",
        "coordinates": [
          [
            [
              -1.3631197938406308,
              -5.9832994795802925
            ],
            [
              -1.3631217726080032,
              -5.9831547845521715
            ],
            [
              -1.3632342591963524,
              -5.983156326576915
            ],
            [
              -1.3632322802231356,
              -5.983301021599002
            ],
            [
              -1.3631197938406308,
              -5.9832994795802925
            ]
          ]
        ]
      },
      "properties": {
        "type": "building",
        "lod_level": 2,
        "height": 3.4,
        "building:levels": 1,
        "building:material": "concrete",
        "building:colour": "#CCCCCC",
        "building:type": "residential",
        "roof:shape": "flat",
        "roof:height": 0.0
      }
    },
    {
      "type": "Feature",
      "geometry": {
        "type": "Polygon",
        "coordinates": [
          [
            [
              -1.3635288981307094,
              -5.983243321898564
            ],
            [
              -1.363557248873499,
              -5.983059413925665
            ],
            [
              -1.3637944190973792,
              -5.983096062365578
            ],
            [
              -1.363766067816003,
              -5.983279970155496
            ],
            [
              -1.3635288981307094,
              -5.983243321898564
            ]
          ]
        ]
      },
      "properties": {
        "type": "building",
        "lod_level": 2,
        "height": 13.6,
        "building:levels": 5,
        "building:material": "concrete",
        "building:colour": "#CCCCCC",
        "building:type": "commercial",
        "roof:shape": "flat",
        "roof:height": 0.0
      }
    },
    {
      "type": "Feature",
      "geometry": {
        "type": "Polygon",
        "coordinates": [
          [
            [
              -1.3628385291281215,
              -5.9824067049151095
            ],
            [
              -1.3628554697605617,
              -5.982289674152484
            ],
            [
              -1.3629783936621997,
              -5.982307510113099
            ],
            [
              -1.3629614528516103,
              -5.982424540819054
            ],
            [
              -1.3628385291281215,
              -5.9824067049151095
            ]
          ]
        ]
      },
      "properties": {
        "type": "building",
        "lod_level": 2,
        "height": 3.0,
        "building:levels": 1,
        "building:material": "concrete",
        "building:colour": "#CCCCCC",
        "building:type": "residential",
        "roof:shape": "flat",
        "roof:height": 0.0
      }
    },
    {
      "type": "Feature",
      "geometry": {
        "type": "Polygon",
        "coordinates": [
          [
            [
              -1.3643257072332768,
              -5.9845349031198944
            ],
            [
              -1.3642152165221462,
              -5.984527630087841
            ],
            [
              -1.364227028105933,
              -5.984347764971845
            ],
            [
              -1.3643375190673614,
              -5.984355038039426
            ],
            [
              -1.3643257072332768,
              -5.9845349031198944
            ]
          ]
        ]
      },
      "properties": {
        "type": "building",
        "lod_level": 2,
        "height": 21.9,
        "building:levels": 7,
        "building:material": "concrete",
        "building:colour": "#CCCCCC",
        "building:type": "residential",
        "roof:shape": "flat",
        "roof:height": 0.0
      }
    },
    {
      "type": "Feature",
      "geometry": {
        "type": "Polygon",
        "coordinates": [
          [
            [
              -1.3651682811528698,
              -5.985701718252663
            ],
            [
              -1.3650387556721726,
              -5.985696036654036
            ],
            [
              -1.3650469887232655,
              -5.985507899045988
            ],
            [
              -1.3651765145116186,
              -5.985513580673625
            ],
            [
              -1.3651682811528698,
              -5.985701718252663
            ]
          ]
        ]
      },
      "properties": {
        "type": "building",
        "lod_level": 2,
        "height": 11.9,
        "building:levels": 4,
        "building:material": "concrete",
        "building:colour": "#CCCCCC",
        "building:type": "office",
        "roof:shape": "flat",
        "roof:height": 0.0
      }
    },
    {
      "type": "Feature",
      "geometry": {
        "type": "Polygon",
        "coordinates": [
          [
            [
              -1.3638777109544615,
              -5.985416718653074
            ],
            [
              -1.3638791368065382,
              -5.985261938033819
            ],
            [
              -1.3640684580241693,
              -5.985263686419061
            ],
            [
              -1.3640670318014572,
              -5.985418467030994
            ],
            [
              -1.3638777109544615,
              -5.985416718653074
            ]
          ]
        ]
      },
      "properties": {
        "type": "building",
        "lod_level": 2,
        "height": 3.6,
        "building:levels": 1,
        "building:material": "concrete",
        "building:colour": "#CCCCCC",
        "building:type": "commercial",
        "roof:shape": "flat",
        "roof:height": 0.0
      }
    },
    {
      "type": "Feature",
      "geometry": {
        "type": "Polygon",
        "coordinates": [
          [
            [
              -1.3640748714052677,
              -5.983402059788933
            ],
            [
              -1.364086688014875,
              -5.983208108071804
            ],
            [
              -1.3642688428713203,
              -5.9832192324349585
            ],
            [
              -1.3642570258164863,
              -5.983413184093509
            ],
            [
              -1.3640748714052677,
              -5.983402059788933
            ]
          ]
        ]
      },
      "properties": {
        "type": "building",
        "lod_level": 2,
        "height": 29.5,
        "building:levels": 10,
        "building:material": "concrete",
        "building:colour": "#CCCCCC",
        "building:type": "residential",
        "roof:shape": "flat",
        "roof:height": 0.0
      }
    },
    {
      "type": "Feature",
      "geometry": {
        "type": "Polygon",
        "coordinates": [
          [
            [
              -1.3608085654827977,
              -5.985117181646074
            ],
            [
              -1.360820027604299,
              -5.984932372021319
            ],
            [
              -1.3609047436031783,
              -5.984937638662517
            ],
            [
              -1.360893281284399,
              -5.98512244826084
            ],
            [
              -1.3608085654827977,
              -5.985117181646074
            ]
          ]
        ]
      },
      "properties": {
        "type": "building",
        "lod_level": 2,
        "height": 27.4,
        "building:levels": 9,
        "building:material": "concrete",
        "building:colour": "#CCCCCC",
        "building:type": "office",
        "roof:shape": "flat",
        "roof:height": 0.0
      }
    },
    {
      "type": "Feature",
      "geometry": {
        "type": "Polygon",
        "coordinates": [
          [
            [
              -1.362487336355225,
              -5.984814910217322
            ],
            [
              -1.3622836667774194,
              -5.984820927796146
            ],
            [
              -1.3622806945144708,
              -5.984720096296346
            ],
            [
              -1.3624843643518192,
              -5.984714078701045
            ],
            [
              -1.362487336355225,
              -5.984814910217322
            ]
          ]
        ]
      },
      "properties": {
        "type": "building",
        "lod_level": 2,
        "height": 8.2,
        "building:levels": 3,
        "building:material": "concrete",
        "building:colour": "#CCCCCC",
        "building:type": "office",
        "roof:shape": "flat",
        "roof:height": 0.0
      }
    },
    {
      "type": "Feature",
      "geometry": {
        "type": "Polygon",
        "coordinates": [
          [
            [
              -1.3614010512086887,
              -5.984746832017369
            ],
            [
              -1.361409131011342,
              -5.984639230963589
            ],
            [
              -1.3615039661296104,
              -5.984646369041829
            ],
            [
              -1.3614958861986084,
              -5.984753970074749
            ],
            [
              -1.3614010512086887,
              -5.984746832017369
            ]
          ]
        ]
      },
      "properties": {
        "type": "building",
        "lod_level": 2,
        "height": 7.7,
        "building:levels": 3,
        "building:material": "concrete",
        "building:colour": "#CCCCCC",
        "building:type": "industrial",
        "roof:shape": "flat",
        "roof:height": 0.0
      }
    },
    {
      "type": "Feature",
      "geometry": {
        "type": "Polygon",
        "coordinates": [
          [
            [
              -1.3636210417288248,
              -5.981166142487499
            ],
            [
              -1.363485702337884,
              -5.981158803756027
            ],
            [
              -1.363494584661136,
              -5.980994606443016
            ],
            [
              -1.3636299243323489,
              -5.981001945207226
            ],
            [
              -1.3636210417288248,
              -5.981166142487499
            ]
          ]
        ]
      },
      "properties": {
        "type": "building",
        "lod_level": 2,
        "height": 27.6,
        "building:levels": 9,
        "building:material": "concrete",
        "building:colour": "#CCCCCC",
        "building:type": "office",
        "roof:shape": "flat",
        "roof:height": 0.0
      }
    },
    {
      "type": "Feature",
      "geometry": {
        "type": "Polygon",
        "coordinates": [
          [
            [
              -1.3625924071639746,
              -5.984722102454325
            ],
            [
              -1.3625917990024137,
              -5.9845936011504275
            ],
            [
              -1.3627157117470239,
              -5.984593013417535
            ],
            [
              -1.3627163197071752,
              -5.984721514723451
            ],
            [
              -1.3625924071639746,
              -5.984722102454325
            ]
          ]
        ]
      },
      "properties": {
        "type": "building",
        "lod_level": 2,
        "height": 37.0,
        "building:levels": 12,
        "building:material": "concrete",
        "building:colour": "#CCCCCC",
        "building:type": "residential",
        "roof:shape": "flat",
        "roof:height": 0.0
      }
    },
    {
      "type": "Feature",
      "geometry": {
        "type": "Polygon",
        "coordinates": [
          [
            [
              -1.3634533917962415,
              -5.981849629758549
            ],
            [
              -1.3632822189288563,
              -5.981842845303175
            ],
            [
              -1.3632876663869304,
              -5.981705075492152
            ],
            [
              -1.3634588395521485,
              -5.981711859972899
            ],
            [
              -1.3634533917962415,
              -5.981849629758549
            ]
          ]
        ]
      },
      "properties": {
        "type": "building",
        "lod_level": 2,
        "height": 45.1,
        "building:levels": 15,
        "building:material": "concrete",
        "building:colour": "#CCCCCC",
        "building:type": "office",
        "roof:shape": "flat",
        "roof:height": 0.0
      }
    },
    {
      "type": "Feature",
      "geometry": {
        "type": "Polygon",
        "coordinates": [
          [
            [
              -1.362402945465207,
              -5.984340763076929
            ],
            [
              -1.3624314858618363,
              -5.984077157296544
            ],
            [
              -1.3626708979982427,
              -5.9841031399229365
            ],
            [
              -1.3626423568126917,
              -5.984366745517363
            ],
            [
              -1.362402945465207,
              -5.984340763076929
            ]
          ]
        ]
      },
      "properties": {
        "type": "building",
        "lod_level": 2,
        "height": 7.9,
        "building:levels": 3,
        "building:material": "concrete",
        "building:colour": "#CCCCCC",
        "building:type": "commercial",
        "roof:shape": "flat",
        "roof:height": 0.0
      }
    },
    {
      "type": "Feature",
      "geometry": {
        "type": "Polygon",
        "coordinates": [
          [
            [
              -1.3622329896614207,
              -5.98429985907405
            ],
            [
              -1.3622459390567718,
              -5.984191123967711
            ],
            [
              -1.3623697457025115,
              -5.9842059031933745
            ],
            [
              -1.3623567961392955,
              -5.984314638256091
            ],
            [
              -1.3622329896614207,
              -5.98429985907405
            ]
          ]
        ]
      },
      "properties": {
        "type": "building",
        "lod_level": 2,
        "height": 25.3,
        "building:levels": 8,
        "building:material": "concrete",
        "building:colour": "#CCCCCC",
        "building:type": "residential",
        "roof:shape": "flat",
        "roof:height": 0.0
      }
    },
    {
      "type": "Feature",
      "geometry": {
        "type": "Polygon",
        "coordinates": [
          [
            [
              -1.3637350484000381,
              -5.985253687555889
            ],
            [
              -1.3637335009729143,
              -5.985082277116296
            ],
            [
              -1.363888094205306,
              -5.985080878365964
            ],
            [
              -1.3638896412972636,
              -5.985252288812065
            ],
            [
              -1.3637350484000381,
              -5.985253687555889
            ]
          ]
        ]
      },
      "properties": {
        "type": "building",
        "lod_level": 2,
        "height": 7.7,
        "building:levels": 3,
        "building:material": "concrete",
        "building:colour": "#CCCCCC",
        "building:type": "industrial",
        "roof:shape": "flat",
        "roof:height": 0.0
      }
    },
    {
      "type": "Feature",
      "geometry": {
        "type": "Polygon",
        "coordinates": [
          [
            [
              -1.3646031327345696,
              -5.985519227032035
            ],
            [
              -1.3646228359765682,
              -5.985298607318052
            ],
            [
              -1.3647552030038888,
              -5.98531045684177
            ],
            [
              -1.3647354993954488,
              -5.985531076484762
            ],
            [
              -1.3646031327345696,
              -5.985519227032035
            ]
          ]
        ]
      },
      "properties": {
        "type": "building",
        "lod_level": 2,
        "height": 14.4,
        "building:levels": 5,
        "building:material": "concrete",
        "building:colour": "#CCCCCC",
        "building:type": "residential",
        "roof:shape": "flat",
        "roof:height": 0.0
      }
    },
    {
      "type": "Feature",
      "geometry": {
        "type": "Polygon",
        "coordinates": [
          [
            [
              -1.3629366651431503,
              -5.984074576795829
            ],
            [
              -1.362685197700788,
              -5.984072110590216
            ],
            [
              -1.3626873636522558,
              -5.983850701039515
            ],
            [
              -1.3629388317988302,
              -5.983853167259952
            ],
            [
              -1.3629366651431503,
              -5.984074576795829
            ]
          ]
        ]
      },
      "properties": {
        "type": "building",
        "lod_level": 2,
        "height": 12.3,
        "building:levels": 4,
        "building:material": "concrete",
        "building:colour": "#CCCCCC",
        "building:type": "commercial",
        "roof:shape": "flat",
        "roof:height": 0.0
      }
    },
    {
      "type": "Feature",
      "geometry": {
        "type": "Polygon",
        "coordinates": [
          [
            [
              -1.3642194965207022,
              -5.986491191410348
            ],
            [
              -1.3642321523697225,
              -5.986342970265454
            ],
            [
              -1.364320879390655,
              -5.986350564109008
            ],
            [
              -1.3643082233764938,
              -5.986498785223348
            ],
            [
              -1.3642194965207022,
              -5.986491191410348
            ]
          ]
        ]
      },
      "properties": {
        "type": "building",
        "lod_level": 2,
        "height": 25.4,
        "building:levels": 8,
        "building:material": "concrete",
        "building:colour": "#CCCCCC",
        "building:type": "residential",
        "roof:shape": "flat",
        "roof:height": 0.0
      }
    },
    {
      "type": "Feature",
      "geometry": {
        "type": "Polygon",
        "coordinates": [
          [
            [
              -1.3603426985669433,
              -5.983194393778476
            ],
            [
              -1.3603464452309992,
              -5.983053075102141
            ],
            [
              -1.3605302103075438,
              -5.9830579588614805
            ],
            [
              -1.360526463315226,
              -5.983199277519061
            ],
            [
              -1.3603426985669433,
              -5.983194393778476
            ]
          ]
        ]
      },
      "properties": {
        "type": "building",
        "lod_level": 2,
        "height": 21.1,
        "building:levels": 7,
        "building:material": "concrete",
        "building:colour": "#CCCCCC",
        "building:type": "residential",
        "roof:shape": "flat",
        "roof:height": 0.0
      }
    },
    {
      "type": "Feature",
      "geometry": {
        "type": "Polygon",
        "coordinates": [
          [
            [
              -1.362118051294599,
              -5.981906455469078
            ],
            [
              -1.361934595325595,
              -5.981882958482459
            ],
            [
              -1.3619473789468277,
              -5.981782911057699
            ],
            [
              -1.3621308351442012,
              -5.981806408108131
            ],
            [
              -1.362118051294599,
              -5.981906455469078
            ]
          ]
        ]
      },
      "properties": {
        "type": "building",
        "lod_level": 2,
        "height": 7.8,
        "building:levels": 3,
        "building:material": "concrete",
        "building:colour": "#CCCCCC",
        "building:type": "commercial",
        "roof:shape": "flat",
        "roof:height": 0.0
      }
    },
    {
      "type": "Feature",
      "geometry": {
        "type": "Polygon",
        "coordinates": [
          [
            [
              -1.3633064545383138,
              -5.986356867787836
            ],
            [
              -1.3631139447011689,
              -5.9863530041692945
            ],
            [
              -1.3631173206186848,
              -5.986184388504082
            ],
            [
              -1.363309830866266,
              -5.98618825214032
            ],
            [
              -1.3633064545383138,
              -5.986356867787836
            ]
          ]
        ]
      },
      "properties": {
        "type": "building",
        "lod_level": 2,
        "height": 33.7,
        "building:levels": 11,
        "building:material": "concrete",
        "building:colour": "#CCCCCC",
        "building:type": "office",
        "roof:shape": "flat",
        "roof:height": 0.0
      }
    },
    {
      "type": "Feature",
      "geometry": {
        "type": "Polygon",
        "coordinates": [
          [
            [
              -1.3635387459833401,
              -5.985160879730905
            ],
            [
              -1.363427587856969,
              -5.985144338161234
            ],
            [
              -1.363442046568119,
              -5.985046947060495
            ],
            [
              -1.3635532048284043,
              -5.98506348867391
            ],
            [
              -1.3635387459833401,
              -5.985160879730905
            ]
          ]
        ]
      },
      "properties": {
        "type": "building",
        "lod_level": 2,
        "height": 24.3,
        "building:levels": 8,
        "building:material": "concrete",
        "building:colour": "#CCCCCC",
        "building:type": "office",
        "roof:shape": "flat",
        "roof:height": 0.0
      }
    },
    {
      "type": "Feature",
      "geometry": {
        "type": "Polygon",
        "coordinates": [
          [
            [
              -1.3612559491084537,
              -5.983581097745037
            ],
            [
              -1.3612774274538044,
              -5.983406350938445
            ],
            [
              -1.3614818499397645,
              -5.983431536486953
            ],
            [
              -1.3614603711493976,
              -5.983606283174017
            ],
            [
              -1.3612559491084537,
              -5.983581097745037
            ]
          ]
        ]
      },
      "properties": {
        "type": "building",
        "lod_level": 2,
        "height": 9.2,
        "building:levels": 3,
        "building:material": "concrete",
        "building:colour": "#CCCCCC",
        "building:type": "residential",
        "roof:shape": "flat",
        "roof:height": 0.0
      }
    },
    {
      "type": "Feature",
      "geometry": {
        "type": "Polygon",
        "coordinates": [
          [
            [
              -1.3638783486600858,
              -5.985786022706513
            ],
            [
              -1.3637697209701762,
              -5.9857885543975895
            ],
            [
              -1.363765825093182,
              -5.985621004512628
            ],
            [
              -1.3638744530131905,
              -5.985618472810049
            ],
            [
              -1.3638783486600858,
              -5.985786022706513
            ]
          ]
        ]
      },
      "properties": {
        "type": "building",
        "lod_level": 2,
        "height": 15.3,
        "building:levels": 5,
        "building:material": "concrete",
        "building:colour": "#CCCCCC",
        "building:type": "residential",
        "roof:shape": "flat",
        "roof:height": 0.0
      }
    },
    {
      "type": "Feature",
      "geometry": {
        "type": "Polygon",
        "coordinates": [
          [
            [
              -1.3648718271701588,
              -5.986093200595063
            ],
            [
              -1.3648810238282756,
              -5.985914314046053
            ],
            [
              -1.3649897712760457,
              -5.985919918067196
            ],
            [
              -1.3649805743725085,
              -5.986098804588981
            ],
            [
              -1.3648718271701588,
              -5.986093200595063
            ]
          ]
        ]
      },
      "properties": {
        "type": "building",
        "lod_level": 2,
        "height": 18.2,
        "building:levels": 6,
        "building:material": "concrete",
        "building:colour": "#CCCCCC",
        "building:type": "office",
        "roof:shape": "flat",
        "roof:height": 0.0
      }
    },
    {
      "type": "Feature",
      "geometry": {
        "type": "Polygon",
        "coordinates": [
          [
            [
              -1.3602582836900532,
              -5.984055418214364
            ],
            [
              -1.360273387614541,
              -5.983896509397242
            ],
            [
              -1.3604438786907005,
              -5.9839127526927465
            ],
            [
              -1.3604287744266135,
              -5.984071661439813
            ],
            [
              -1.3602582836900532,
              -5.984055418214364
            ]
          ]
        ]
      },
      "properties": {
        "type": "building",
        "lod_level": 2,
        "height": 8.0,
        "building:levels": 3,
        "building:material": "concrete",
        "building:colour": "#CCCCCC",
        "building:type": "residential",
        "roof:shape": "flat",
        "roof:height": 0.0
      }
    },
    {
      "type": "Feature",
      "geometry": {
        "type": "Polygon",
        "coordinates": [
          [
            [
              -1.3631222391290267,
              -5.98296361577414
            ],
            [
              -1.3631230215954626,
              -5.982711150382954
            ],
            [
              -1.3632845003281597,
              -5.982711652205456
            ],
            [
              -1.3632837173460473,
              -5.982964117593212
            ],
            [
              -1.3631222391290267,
              -5.98296361577414
            ]
          ]
        ]
      },
      "properties": {
        "type": "building",
        "lod_level": 2,
        "height": 14.8,
        "building:levels": 5,
        "building:material": "concrete",
        "building:colour": "#CCCCCC",
        "building:type": "office",
        "roof:shape": "flat",
        "roof:height": 0.0
      }
    },
    {
      "type": "Feature",
      "geometry": {
        "type": "Polygon",
        "coordinates": [
          [
            [
              -1.3622350263304825,
              -5.983259646123987
            ],
            [
              -1.3622248405938824,
              -5.983017103276867
            ],
            [
              -1.3623353213570197,
              -5.983012452658266
            ],
            [
              -1.3623455067552661,
              -5.983254995536001
            ],
            [
              -1.3622350263304825,
              -5.983259646123987
            ]
          ]
        ]
      },
      "properties": {
        "type": "building",
        "lod_level": 2,
        "height": 23.9,
        "building:levels": 8,
        "building:material": "concrete",
        "building:colour": "#CCCCCC",
        "building:type": "residential",
        "roof:shape": "flat",
        "roof:height": 0.0
      }
    },
    {
      "type": "Feature",
      "geometry": {
        "type": "Polygon",
        "coordinates": [
          [
            [
              -1.363602986217814,
              -5.984210457353683
            ],
            [
              -1.363619908496267,
              -5.9839469174406545
            ],
            [
              -1.363786687097219,
              -5.983957652039163
            ],
            [
              -1.3637697642650919,
              -5.984221191875379
            ],
            [
              -1.363602986217814,
              -5.984210457353683
            ]
          ]
        ]
      },
      "properties": {
        "type": "building",
        "lod_level": 2,
        "height": 17.0,
        "building:levels": 6,
        "building:material": "concrete",
        "building:colour": "#CCCCCC",
        "building:type": "office",
        "roof:shape": "flat",
        "roof:height": 0.0
      }
    },
    {
      "type": "Feature",
      "geometry": {
        "type": "Polygon",
        "coordinates": [
          [
            [
              -1.363061112897264,
              -5.986752492118256
            ],
            [
              -1.3629544507170417,
              -5.986750316917741
            ],
            [
              -1.3629567005062473,
              -5.986639734041362
            ],
            [
              -1.3630633628356068,
              -5.98664190924839
            ],
            [
              -1.363061112897264,
              -5.986752492118256
            ]
          ]
        ]
      },
      "properties": {
        "type": "building",
        "lod_level": 2,
        "height": 4.1,
        "building:levels": 1,
        "building:material": "concrete",
        "building:colour": "#CCCCCC",
        "building:type": "residential",
        "roof:shape": "flat",
        "roof:height": 0.0
      }
    },
    {
      "type": "Feature",
      "geometry": {
        "type": "Polygon",
        "coordinates": [
          [
            [
              -1.3619736287290922,
              -5.983247603056658
            ],
            [
              -1.361790895497879,
              -5.9832191901470475
            ],
            [
              -1.361808109005644,
              -5.983108221403022
            ],
            [
              -1.3619908424871698,
              -5.983136634398227
            ],
            [
              -1.3619736287290922,
              -5.983247603056658
            ]
          ]
        ]
      },
      "properties": {
        "type": "building",
        "lod_level": 2,
        "height": 3.7,
        "building:levels": 1,
        "building:material": "concrete",
        "building:colour": "#CCCCCC",
        "building:type": "commercial",
        "roof:shape": "flat",
        "roof:height": 0.0
      }
    },
    {
      "type": "Feature",
      "geometry": {
        "type": "Polygon",
        "coordinates": [
          [
            [
              -1.364081666537207,
              -5.98493381586054
            ],
            [
              -1.3638320240302142,
              -5.984932980130327
            ],
            [
              -1.363832340341005,
              -5.984838226632985
            ],
            [
              -1.3640819831472077,
              -5.984839062365348
            ],
            [
              -1.364081666537207,
              -5.98493381586054
            ]
          ]
        ]
      },
      "properties": {
        "type": "building",
        "lod_level": 2,
        "height": 13.4,
        "building:levels": 4,
        "building:material": "concrete",
        "building:colour": "#CCCCCC",
        "building:type": "office",
        "roof:shape": "flat",
        "roof:height": 0.0
      }
    },
    {
      "type": "Feature",
      "geometry": {
        "type": "Polygon",
        "coordinates": [
          [
            [
              -1.365260055004788,
              -5.982101986206571
            ],
            [
              -1.3651686323012486,
              -5.9820900701180095
            ],
            [
              -1.3651893518212466,
              -5.98193072826814
            ],
            [
              -1.3652807747059312,
              -5.981942644408269
            ],
            [
              -1.365260055004788,
              -5.982101986206571
            ]
          ]
        ]
      },
      "properties": {
        "type": "building",
        "lod_level": 2,
        "height": 31.2,
        "building:levels": 10,
        "building:material": "concrete",
        "building:colour": "#CCCCCC",
        "building:type": "office",
        "roof:shape": "flat",
        "roof:height": 0.0
      }
    },
    {
      "type": "Feature",
      "geometry": {
        "type": "Polygon",
        "coordinates": [
          [
            [
              -1.363277211929722,
              -5.983222584975973
            ],
            [
              -1.363156186701515,
              -5.983227860937746
            ],
            [
              -1.3631465059690306,
              -5.983005273461053
            ],
            [
              -1.3632675315373473,
              -5.982999997467367
            ],
            [
              -1.363277211929722,
              -5.983222584975973
            ]
          ]
        ]
      },
      "properties": {
        "type": "building",
        "lod_level": 2,
        "height": 13.0,
        "building:levels": 4,
        "building:material": "concrete",
        "building:colour": "#CCCCCC",
        "building:type": "residential",
        "roof:shape": "flat",
        "roof:height": 0.0
      }
    },
    {
      "type": "Feature",
      "geometry": {
        "type": "Polygon",
        "coordinates": [
          [
            [
              -1.3625673167463246,
              -5.984034861485231
            ],
            [
              -1.3623707361119908,
              -5.984025860999688
            ],
            [
              -1.3623782581461559,
              -5.983861178790591
            ],
            [
              -1.3625748391891328,
              -5.983870179316361
            ],
            [
              -1.3625673167463246,
              -5.984034861485231
            ]
          ]
        ]
      },
      "properties": {
        "type": "building",
        "lod_level": 2,
        "height": 19.0,
        "building:levels": 6,
        "building:material": "concrete",
        "building:colour": "#CCCCCC",
        "building:type": "office",
        "roof:shape": "flat",
        "roof:height": 0.0
      }
    },
    {
      "type": "Feature",
      "geometry": {
        "type": "Polygon",
        "coordinates": [
          [
            [
              -1.361719661686647,
              -5.982540896233508
            ],
            [
              -1.3615628212832314,
              -5.9825208206969425
            ],
            [
              -1.3615770588219294,
              -5.982409325433744
            ],
            [
              -1.3617338994429267,
              -5.98242940103108
            ],
            [
              -1.361719661686647,
              -5.982540896233508
            ]
          ]
        ]
      },
      "properties": {
        "type": "building",
        "lod_level": 2,
        "height": 8.5,
        "building:levels": 3,
        "building:material": "concrete",
        "building:colour": "#CCCCCC",
        "building:type": "residential",
        "roof:shape": "flat",
        "roof:height": 0.0
      }
    },
    {
      "type": "Feature",
      "geometry": {
        "type": "Polygon",
        "coordinates": [
          [
            [
              -1.3640406548125854,
              -5.982454822177536
            ],
            [
              -1.3640579014738752,
              -5.982340463156617
            ],
            [
              -1.3642464118788102,
              -5.98236896031485
            ],
            [
              -1.3642291649510474,
              -5.982483319247261
            ],
            [
              -1.3640406548125854,
              -5.982454822177536
            ]
          ]
        ]
      },
      "properties": {
        "type": "building",
        "lod_level": 2,
        "height": 30.8,
        "building:levels": 10,
        "building:material": "concrete",
        "building:colour": "#CCCCCC",
        "building:type": "office",
        "roof:shape": "flat",
        "roof:height": 0.0
      }
    },
    {
      "type": "Feature",
      "geometry": {
        "type": "Polygon",
        "coordinates": [
          [
            [
              -1.365127382331198,
              -5.98352448115261
            ],
            [
              -1.3649224022910256,
              -5.983519981933759
            ],
            [
              -1.3649252650757326,
              -5.983389240119286
            ],
            [
              -1.3651302454547352,
              -5.983393739354106
            ],
            [
              -1.365127382331198,
              -5.98352448115261
            ]
          ]
        ]
      },
      "properties": {
        "type": "building",
        "lod_level": 2,
        "height": 11.8,
        "building:levels": 4,
        "building:material": "concrete",
        "building:colour": "#CCCCCC",
        "building:type": "office",
        "roof:shape": "flat",
        "roof:height": 0.0
      }
    },
    {
      "type": "Feature",
      "geometry": {
        "type": "Polygon",
        "coordinates": [
          [
            [
              -1.36116644482907,
              -5.985586347177265
            ],
            [
              -1.3611885079706416,
              -5.985400698695264
            ],
            [
              -1.3613385181663389,
              -5.9854185686559855
            ],
            [
              -1.3613164546774832,
              -5.9856042170478965
            ],
            [
              -1.36116644482907,
              -5.985586347177265
            ]
          ]
        ]
      },
      "properties": {
        "type": "building",
        "lod_level": 2,
        "height": 4.0,
        "building:levels": 1,
        "building:material": "concrete",
        "building:colour": "#CCCCCC",
        "building:type": "commercial",
        "roof:shape": "flat",
        "roof:height": 0.0
      }
    },
    {
      "type": "Feature",
      "geometry": {
        "type": "Polygon",
        "coordinates": [
          [
            [
              -1.3631265727355275,
              -5.983788278980137
            ],
            [
              -1.3631304810554903,
              -5.983649089812496
            ],
            [
              -1.3632632535333116,
              -5.983652826887345
            ],
            [
              -1.363259344979768,
              -5.98379201604087
            ],
            [
              -1.3631265727355275,
              -5.983788278980137
            ]
          ]
        ]
      },
      "properties": {
        "type": "building",
        "lod_level": 2,
        "height": 9.8,
        "building:levels": 3,
        "building:material": "concrete",
        "building:colour": "#CCCCCC",
        "building:type": "commercial",
        "roof:shape": "flat",
        "roof:height": 0.0
      }
    },
    {
      "type": "Feature",
      "geometry": {
        "type": "Polygon",
        "coordinates": [
          [
            [
              -1.3611778708464968,
              -5.984202758872239
            ],
            [
              -1.3610702717208665,
              -5.984206016467554
            ],
            [
              -1.3610658426460944,
              -5.98405938089855
            ],
            [
              -1.361173441971122,
              -5.984056123290256
            ],
            [
              -1.3611778708464968,
              -5.984202758872239
            ]
          ]
        ]
      },
      "properties": {
        "type": "building",
        "lod_level": 2,
        "height": 17.0,
        "building:levels": 6,
        "building:material": "concrete",
        "building:colour": "#CCCCCC",
        "building:type": "residential",
        "roof:shape": "flat",
        "roof:height": 0.0
      }
    },
    {
      "type": "Feature",
      "geometry": {
        "type": "Polygon",
        "coordinates": [
          [
            [
              -1.3619739997659221,
              -5.9834608285752715
            ],
            [
              -1.3619865896166603,
              -5.983344319525027
            ],
            [
              -1.3620982526109362,
              -5.983356414349295
            ],
            [
              -1.3620856625975595,
              -5.9834729233612585
            ],
            [
              -1.3619739997659221,
              -5.9834608285752715
            ]
          ]
        ]
      },
      "properties": {
        "type": "building",
        "lod_level": 2,
        "height": 10.7,
        "building:levels": 4,
        "building:material": "concrete",
        "building:colour": "#CCCCCC",
        "building:type": "residential",
        "roof:shape": "flat",
        "roof:height": 0.0
      }
    },
    {
      "type": "Feature",
      "geometry": {
        "type": "Polygon",
        "coordinates": [
          [
            [
              -1.363435214510467,
              -5.982808536365551
            ],
            [
              -1.363343783327719,
              -5.98279478454605
            ],
            [
              -1.363377680638349,
              -5.982568878582948
            ],
            [
              -1.3634691120764701,
              -5.982582630486803
            ],
            [
              -1.363435214510467,
              -5.982808536365551
            ]
          ]
        ]
      },
      "properties": {
        "type": "building",
        "lod_level": 2,
        "height": 9.9,
        "building:levels": 3,
        "building:material": "concrete",
        "building:colour": "#CCCCCC",
        "building:type": "residential",
        "roof:shape": "flat",
        "roof:height": 0.0
      }
    },
    {
      "type": "Feature",
      "geometry": {
        "type": "Polygon",
        "coordinates": [
          [
            [
              -1.3617229380481783,
              -5.981468938688762
            ],
            [
              -1.3616396824934263,
              -5.981457646507587
            ],
            [
              -1.3616581548637283,
              -5.981321128901507
            ],
            [
              -1.3617414105596128,
              -5.981332421124564
            ],
            [
              -1.3617229380481783,
              -5.981468938688762
            ]
          ]
        ]
      },
      "properties": {
        "type": "building",
        "lod_level": 2,
        "height": 3.0,
        "building:levels": 1,
        "building:material": "concrete",
        "building:colour": "#CCCCCC",
        "building:type": "commercial",
        "roof:shape": "flat",
        "roof:height": 0.0
      }
    },
    {
      "type": "Feature",
      "geometry": {
        "type": "Polygon",
        "coordinates": [
          [
            [
              -1.3634218395417448,
              -5.983806896727357
            ],
            [
              -1.3634378501313806,
              -5.983701817860375
            ],
            [
              -1.3636166865558217,
              -5.9837291313455525
            ],
            [
              -1.3636006757340118,
              -5.98383421013461
            ],
            [
              -1.3634218395417448,
              -5.983806896727357
            ]
          ]
        ]
      },
      "properties": {
        "type": "building",
        "lod_level": 2,
        "height": 15.4,
        "building:levels": 5,
        "building:material": "concrete",
        "building:colour": "#CCCCCC",
        "building:type": "office",
        "roof:shape": "flat",
        "roof:height": 0.0
      }
    },
    {
      "type": "Feature",
      "geometry": {
        "type": "Polygon",
        "coordinates": [
          [
            [
              -1.3627784948740624,
              -5.983719096227295
            ],
            [
              -1.3625932246748333,
              -5.983718011366367
            ],
            [
              -1.362593847068912,
              -5.983611447626636
            ],
            [
              -1.3627791175178678,
              -5.983612532490708
            ],
            [
              -1.3627784948740624,
              -5.983719096227295
            ]
          ]
        ]
      },
      "properties": {
        "type": "building",
        "lod_level": 2,
        "height": 10.9,
        "building:levels": 4,
        "building:material": "concrete",
        "building:colour": "#CCCCCC",
        "building:type": "residential",
        "roof:shape": "flat",
        "roof:height": 0.0
      }
    },
    {
      "type": "Feature",
      "geometry": {
        "type": "Polygon",
        "coordinates": [
          [
            [
              -1.3622980345290279,
              -5.98134131795065
            ],
            [
              -1.3621973825679459,
              -5.981344860533343
            ],
            [
              -1.362192691410702,
              -5.981211261446682
            ],
            [
              -1.3622933435416686,
              -5.981207718851145
            ],
            [
              -1.3622980345290279,
              -5.98134131795065
            ]
          ]
        ]
      },
      "properties": {
        "type": "building",
        "lod_level": 2,
        "height": 18.8,
        "building:levels": 6,
        "building:material": "concrete",
        "building:colour": "#CCCCCC",
        "building:type": "commercial",
        "roof:shape": "flat",
        "roof:height": 0.0
      }
    },
    {
      "type": "Feature",
      "geometry": {
        "type": "Polygon",
        "coordinates": [
          [
            [
              -1.3621688519557458,
              -5.986614430255173
            ],
            [
              -1.3620856812944182,
              -5.986608203462956
            ],
            [
              -1.3620948482564919,
              -5.986485472265163
            ],
            [
              -1.3621780190462167,
              -5.986491699078122
            ],
            [
              -1.3621688519557458,
              -5.986614430255173
            ]
          ]
        ]
      },
      "properties": {
        "type": "building",
        "lod_level": 2,
        "height": 20.0,
        "building:levels": 7,
        "building:material": "concrete",
        "building:colour": "#CCCCCC",
        "building:type": "residential",
        "roof:shape": "flat",
        "roof:height": 0.0
      }
    },
    {
      "type": "Feature",
      "geometry": {
        "type": "Polygon",
        "coordinates": [
          [
            [
              -1.3622015096466367,
              -5.985880328430468
            ],
            [
              -1.362216826316705,
              -5.985660308767013
            ],
            [
              -1.3623681015550815,
              -5.985670864775253
            ],
            [
              -1.3623527844660444,
              -5.985890884375639
            ],
            [
              -1.3622015096466367,
              -5.985880328430468
            ]
          ]
        ]
      },
      "properties": {
        "type": "building",
        "lod_level": 2,
        "height": 27.6,
        "building:levels": 9,
        "building:material": "concrete",
        "building:colour": "#CCCCCC",
        "building:type": "office",
        "roof:shape": "flat",
        "roof:height": 0.0
      }
    },
    {
      "type": "Feature",
      "geometry": {
        "type": "Polygon",
        "coordinates": [
          [
            [
              -1.3644203767448633,
              -5.982314064085586
            ],
            [
              -1.3644151666057645,
              -5.9821559015783095
            ],
            [
              -1.3645628384288433,
              -5.982151025624282
            ],
            [
              -1.3645680482728249,
              -5.982309188152495
            ],
            [
              -1.3644203767448633,
              -5.982314064085586
            ]
          ]
        ]
      },
      "properties": {
        "type": "building",
        "lod_level": 2,
        "height": 5.6,
        "building:levels": 2,
        "building:material": "concrete",
        "building:colour": "#CCCCCC",
        "building:type": "residential",
        "roof:shape": "flat",
        "roof:height": 0.0
      }
    },
    {
      "type": "Feature",
      "geometry": {
        "type": "Polygon",
        "coordinates": [
          [
            [
              -1.3619940475177654,
              -5.982146312556957
            ],
            [
              -1.3617815885769406,
              -5.982121324340937
            ],
            [
              -1.3618037883414724,
              -5.98193212443819
            ],
            [
              -1.3620162477837447,
              -5.981957112782599
            ],
            [
              -1.3619940475177654,
              -5.982146312556957
            ]
          ]
        ]
      },
      "properties": {
        "type": "building",
        "lod_level": 2,
        "height": 29.5,
        "building:levels": 10,
        "building:material": "concrete",
        "building:colour": "#CCCCCC",
        "building:type": "commercial",
        "roof:shape": "flat",
        "roof:height": 0.0
      }
    },
    {
      "type": "Feature",
      "geometry": {
        "type": "Polygon",
        "coordinates": [
          [
            [
              -1.3630611223878142,
              -5.986166942910169
            ],
            [
              -1.3628893114412317,
              -5.986174552541651
            ],
            [
              -1.3628847434085252,
              -5.986071174775935
            ],
            [
              -1.3630565545793374,
              -5.986063565123094
            ],
            [
              -1.3630611223878142,
              -5.986166942910169
            ]
          ]
        ]
      },
      "properties": {
        "type": "building",
        "lod_level": 2,
        "height": 25.8,
        "building:levels": 9,
        "building:material": "concrete",
        "building:colour": "#CCCCCC",
        "building:type": "residential",
        "roof:shape": "flat",
        "roof:height": 0.0
      }
    },
    {
      "type": "Feature",
      "geometry": {
        "type": "Polygon",
        "coordinates": [
          [
            [
              -1.3628354887622294,
              -5.983340286668855
            ],
            [
              -1.3626972235629395,
              -5.983319810235808
            ],
            [
              -1.3627203271736694,
              -5.983163435370232
            ],
            [
              -1.362858592640468,
              -5.983183911890217
            ],
            [
              -1.3628354887622294,
              -5.983340286668855
            ]
          ]
        ]
      },
      "properties": {
        "type": "building",
        "lod_level": 2,
        "height": 16.7,
        "building:levels": 6,
        "building:material": "concrete",
        "building:colour": "#CCCCCC",
        "building:type": "residential",
        "roof:shape": "flat",
        "roof:height": 0.0
      }
    },
    {
      "type": "Feature",
      "geometry": {
        "type": "Polygon",
        "coordinates": [
          [
            [
              -1.3658169461103322,
              -5.984894612381075
            ],
            [
              -1.3656738657131344,
              -5.984891265705401
            ],
            [
              -1.3656772506711456,
              -5.984746201572401
            ],
            [
              -1.3658203313307478,
              -5.984749548261239
            ],
            [
              -1.3658169461103322,
              -5.984894612381075
            ]
          ]
        ]
      },
      "properties": {
        "type": "building",
        "lod_level": 2,
        "height": 30.2,
        "building:levels": 10,
        "building:material": "concrete",
        "building:colour": "#CCCCCC",
        "building:type": "residential",
        "roof:shape": "flat",
        "roof:height": 0.0
      }
    },
    {
      "type": "Feature",
      "geometry": {
        "type": "Polygon",
        "coordinates": [
          [
            [
              -1.3604110631040094,
              -5.983392723644078
            ],
            [
              -1.3602286796171779,
              -5.983365428935103
            ],
            [
              -1.360250673459188,
              -5.983218117178429
            ],
            [
              -1.360433057278276,
              -5.98324541199659
            ],
            [
              -1.3604110631040094,
              -5.983392723644078
            ]
          ]
        ]
      },
      "properties": {
        "type": "building",
        "lod_level": 2,
        "height": 6.9,
        "building:levels": 2,
        "building:material": "concrete",
        "building:colour": "#CCCCCC",
        "building:type": "residential",
        "roof:shape": "flat",
        "roof:height": 0.0
      }
    },
    {
      "type": "Feature",
      "geometry": {
        "type": "Polygon",
        "coordinates": [
          [
            [
              -1.363201860584782,
              -5.98414166938291
            ],
            [
              -1.3629835795688927,
              -5.984133653862701
            ],
            [
              -1.3629902676166967,
              -5.9839510859135245
            ],
            [
              -1.3632085491359969,
              -5.983959101473461
            ],
            [
              -1.363201860584782,
              -5.98414166938291
            ]
          ]
        ]
      },
      "properties": {
        "type": "building",
        "lod_level": 2,
        "height": 21.6,
        "building:levels": 7,
        "building:material": "concrete",
        "building:colour": "#CCCCCC",
        "building:type": "residential",
        "roof:shape": "flat",
        "roof:height": 0.0
      }
    },
    {
      "type": "Feature",
      "geometry": {
        "type": "Polygon",
        "coordinates": [
          [
            [
              -1.3638801697134497,
              -5.984814147569394
            ],
            [
              -1.3638899672239486,
              -5.984674331829685
            ],
            [
              -1.364049470732898,
              -5.984685535507492
            ],
            [
              -1.364039672941694,
              -5.984825351204664
            ],
            [
              -1.3638801697134497,
              -5.984814147569394
            ]
          ]
        ]
      },
      "properties": {
        "type": "building",
        "lod_level": 2,
        "height": 32.2,
        "building:levels": 11,
        "building:material": "concrete",
        "building:colour": "#CCCCCC",
        "building:type": "residential",
        "roof:shape": "flat",
        "roof:height": 0.0
      }
    },
    {
      "type": "Feature",
      "geometry": {
        "type": "Polygon",
        "coordinates": [
          [
            [
              -1.3633956105798781,
              -5.983955818896572
            ],
            [
              -1.3634000446251293,
              -5.983830966307882
            ],
            [
              -1.363561027782221,
              -5.983836697186557
            ],
            [
              -1.3635565934830494,
              -5.983961549755815
            ],
            [
              -1.3633956105798781,
              -5.983955818896572
            ]
          ]
        ]
      },
      "properties": {
        "type": "building",
        "lod_level": 2,
        "height": 23.5,
        "building:levels": 8,
        "building:material": "concrete",
        "building:colour": "#CCCCCC",
        "building:type": "office",
        "roof:shape": "flat",
        "roof:height": 0.0
      }
    },
    {
      "type": "Feature",
      "geometry": {
        "type": "Polygon",
        "coordinates": [
          [
            [
              -1.3654680670558343,
              -5.9840673598023075
            ],
            [
              -1.365293979750668,
              -5.984055888709216
            ],
            [
              -1.3653058435276817,
              -5.9838754136328
            ],
            [
              -1.365479931228547,
              -5.983886884782108
            ],
            [
              -1.3654680670558343,
              -5.9840673598023075
            ]
          ]
        ]
      },
      "properties": {
        "type": "building",
        "lod_level": 2,
        "height": 17.1,
        "building:levels": 6,
        "building:material": "concrete",
        "building:colour": "#CCCCCC",
        "building:type": "office",
        "roof:shape": "flat",
        "roof:height": 0.0
      }
    },
    {
      "type": "Feature",
      "geometry": {
        "type": "Polygon",
        "coordinates": [
          [
            [
              -1.3620007748405478,
              -5.983177900612905
            ],
            [
              -1.362020837623912,
              -5.983041977513984
            ],
            [
              -1.362161952506246,
              -5.9830628560697106
            ],
            [
              -1.3621418894855577,
              -5.983198779091561
            ],
            [
              -1.3620007748405478,
              -5.983177900612905
            ]
          ]
        ]
      },
      "properties": {
        "type": "building",
        "lod_level": 2,
        "height": 14.1,
        "building:levels": 5,
        "building:material": "concrete",
        "building:colour": "#CCCCCC",
        "building:type": "residential",
        "roof:shape": "flat",
        "roof:height": 0.0
      }
    },
    {
      "type": "Feature",
      "geometry": {
        "type": "Polygon",
        "coordinates": [
          [
            [
              -1.3636836718130763,
              -5.986530863630153
            ],
            [
              -1.363702178963321,
              -5.986329425838025
            ],
            [
              -1.3638534231690866,
              -5.986343354320378
            ],
            [
              -1.3638349156367244,
              -5.986544792036309
            ],
            [
              -1.3636836718130763,
              -5.986530863630153
            ]
          ]
        ]
      },
      "properties": {
        "type": "building",
        "lod_level": 2,
        "height": 19.1,
        "building:levels": 6,
        "building:material": "concrete",
        "building:colour": "#CCCCCC",
        "building:type": "office",
        "roof:shape": "flat",
        "roof:height": 0.0
      }
    },
    {
      "type": "Feature",
      "geometry": {
        "type": "Polygon",
        "coordinates": [
          [
            [
              -1.3627105598547227,
              -5.981906295252428
            ],
            [
              -1.3627187230474207,
              -5.981819585616467
            ],
            [
              -1.3628506810780787,
              -5.981832038252096
            ],
            [
              -1.3628425177419328,
              -5.981918747858723
            ],
            [
              -1.3627105598547227,
              -5.981906295252428
            ]
          ]
        ]
      },
      "properties": {
        "type": "building",
        "lod_level": 2,
        "height": 28.2,
        "building:levels": 9,
        "building:material": "concrete",
        "building:colour": "#CCCCCC",
        "building:type": "office",
        "roof:shape": "flat",
        "roof:height": 0.0
      }
    },
    {
      "type": "Feature",
      "geometry": {
        "type": "Polygon",
        "coordinates": [
          [
            [
              -1.3610283385727109,
              -5.983644893780353
            ],
            [
              -1.360846125941073,
              -5.9836492678703985
            ],
            [
              -1.36084288877123,
              -5.98351410395567
            ],
            [
              -1.3610251017142234,
              -5.983509729849561
            ],
            [
              -1.3610283385727109,
              -5.983644893780353
            ]
          ]
        ]
      },
      "properties": {
        "type": "building",
        "lod_level": 2,
        "height": 41.3,
        "building:levels": 14,
        "building:material": "concrete",
        "building:colour": "#CCCCCC",
        "building:type": "office",
        "roof:shape": "flat",
        "roof:height": 0.0
      }
    },
    {
      "type": "Feature",
      "geometry": {
        "type": "Polygon",
        "coordinates": [
          [
            [
              -1.3612523205549805,
              -5.984539364593949
            ],
            [
              -1.3612531951746651,
              -5.984325221964852
            ],
            [
              -1.3613538286623972,
              -5.984325634016332
            ],
            [
              -1.3613529537701254,
              -5.984539776643025
            ],
            [
              -1.3612523205549805,
              -5.984539364593949
            ]
          ]
        ]
      },
      "properties": {
        "type": "building",
        "lod_level": 2,
        "height": 13.6,
        "building:levels": 5,
        "building:material": "concrete",
        "building:colour": "#CCCCCC",
        "building:type": "residential",
        "roof:shape": "flat",
        "roof:height": 0.0
      }
    },
    {
      "type": "Feature",
      "geometry": {
        "type": "Polygon",
        "coordinates": [
          [
            [
              -1.3641937101989234,
              -5.985938440399343
            ],
            [
              -1.3641932617685402,
              -5.985763747716935
            ],
            [
              -1.3643689769469178,
              -5.985763295794109
            ],
            [
              -1.3643694249890184,
              -5.98593798847865
            ],
            [
              -1.3641937101989234,
              -5.985938440399343
            ]
          ]
        ]
      },
      "properties": {
        "type": "building",
        "lod_level": 2,
        "height": 14.0,
        "building:levels": 5,
        "building:material": "concrete",
        "building:colour": "#CCCCCC",
        "building:type": "office",
        "roof:shape": "flat",
        "roof:height": 0.0
      }
    },
    {
      "type": "Feature",
      "geometry": {
        "type": "Polygon",
        "coordinates": [
          [
            [
              -1.3653543874865963,
              -5.983774877769284
            ],
            [
              -1.3651968776861003,
              -5.983764272423457
            ],
            [
              -1.3652096715463544,
              -5.983573807099125
            ],
            [
              -1.3653671817246162,
              -5.983584412499786
            ],
            [
              -1.3653543874865963,
              -5.983774877769284
            ]
          ]
        ]
      },
      "properties": {
        "type": "building",
        "lod_level": 2,
        "height": 27.9,
        "building:levels": 9,
        "building:material": "concrete",
        "building:colour": "#CCCCCC",
        "building:type": "office",
        "roof:shape": "flat",
        "roof:height": 0.0
      }
    },
    {
      "type": "Feature",
      "geometry": {
        "type": "Polygon",
        "coordinates": [
          [
            [
              -1.3660132170814028,
              -5.983762064134338
            ],
            [
              -1.3658254000824177,
              -5.983756188434648
            ],
            [
              -1.365828714209829,
              -5.983649997762801
            ],
            [
              -1.366016531460851,
              -5.983655873479438
            ],
            [
              -1.3660132170814028,
              -5.983762064134338
            ]
          ]
        ]
      },
      "properties": {
        "type": "building",
        "lod_level": 2,
        "height": 9.8,
        "building:levels": 3,
        "building:material": "concrete",
        "building:colour": "#CCCCCC",
        "building:type": "commercial",
        "roof:shape": "flat",
        "roof:height": 0.0
      }
    },
    {
      "type": "Feature",
      "geometry": {
        "type": "Polygon",
        "coordinates": [
          [
            [
              -1.3631750765288775,
              -5.983640307301801
            ],
            [
              -1.3630636109630085,
              -5.983636713742852
            ],
            [
              -1.3630707816486045,
              -5.983413761730109
            ],
            [
              -1.3631822475285016,
              -5.983417355310815
            ],
            [
              -1.3631750765288775,
              -5.983640307301801
            ]
          ]
        ]
      },
      "properties": {
        "type": "building",
        "lod_level": 2,
        "height": 5.2,
        "building:levels": 2,
        "building:material": "concrete",
        "building:colour": "#CCCCCC",
        "building:type": "commercial",
        "roof:shape": "flat",
        "roof:height": 0.0
      }
    },
    {
      "type": "Feature",
      "geometry": {
        "type": "Polygon",
        "coordinates": [
          [
            [
              -1.3633318851900202,
              -5.984834392885684
            ],
            [
              -1.3633513783574571,
              -5.984570144012612
            ],
            [
              -1.3634945723630385,
              -5.98458073226645
            ],
            [
              -1.3634750787195766,
              -5.984844981063553
            ],
            [
              -1.3633318851900202,
              -5.984834392885684
            ]
          ]
        ]
      },
      "properties": {
        "type": "building",
        "lod_level": 2,
        "height": 32.2,
        "building:levels": 11,
        "building:material": "concrete",
        "building:colour": "#CCCCCC",
        "building:type": "office",
        "roof:shape": "flat",
        "roof:height": 0.0
      }
    },
    {
      "type": "Feature",
      "geometry": {
        "type": "Polygon",
        "coordinates": [
          [
            [
              -1.3628860357442207,
              -5.983153995890848
            ],
            [
              -1.3628937115754973,
              -5.982986159384538
            ],
            [
              -1.3631386744506442,
              -5.982997389421873
            ],
            [
              -1.3631309981003996,
              -5.983165225876999
            ],
            [
              -1.3628860357442207,
              -5.983153995890848
            ]
          ]
        ]
      },
      "properties": {
        "type": "building",
        "lod_level": 2,
        "height": 9.0,
        "building:levels": 3,
        "building:material": "concrete",
        "building:colour": "#CCCCCC",
        "building:type": "residential",
        "roof:shape": "flat",
        "roof:height": 0.0
      }
    },
    {
      "type": "Feature",
      "geometry": {
        "type": "Polygon",
        "coordinates": [
          [
            [
              -1.3627879323797103,
              -5.984290084952346
            ],
            [
              -1.3626701698437134,
              -5.984290865796705
            ],
            [
              -1.3626688083605207,
              -5.984085072953467
            ],
            [
              -1.3627865712030571,
              -5.984084292104724
            ],
            [
              -1.3627879323797103,
              -5.984290084952346
            ]
          ]
        ]
      },
      "properties": {
        "type": "building",
        "lod_level": 2,
        "height": 5.8,
        "building:levels": 2,
        "building:material": "concrete",
        "building:colour": "#CCCCCC",
        "building:type": "commercial",
        "roof:shape": "flat",
        "roof:height": 0.0
      }
    },
    {
      "type": "Feature",
      "geometry": {
        "type": "Polygon",
        "coordinates": [
          [
            [
              -1.3638810882371621,
              -5.986216399695646
            ],
            [
              -1.3638817175056592,
              -5.98601711805855
            ],
            [
              -1.363985188349371,
              -5.986017445624754
            ],
            [
              -1.3639845588200494,
              -5.986216727260065
            ],
            [
              -1.3638810882371621,
              -5.986216399695646
            ]
          ]
        ]
      },
      "properties": {
        "type": "building",
        "lod_level": 2,
        "height": 29.9,
        "building:levels": 10,
        "building:material": "concrete",
        "building:colour": "#CCCCCC",
        "building:type": "office",
        "roof:shape": "flat",
        "roof:height": 0.0
      }
    },
    {
      "type": "Feature",
      "geometry": {
        "type": "Polygon",
        "coordinates": [
          [
            [
              -1.3606660201613465,
              -5.983723102500256
            ],
            [
              -1.3606679465763203,
              -5.9835462841475335
            ],
            [
              -1.3608082276742386,
              -5.983547816234273
            ],
            [
              -1.360806300945546,
              -5.983724634579612
            ],
            [
              -1.3606660201613465,
              -5.983723102500256
            ]
          ]
        ]
      },
      "properties": {
        "type": "building",
        "lod_level": 2,
        "height": 21.1,
        "building:levels": 7,
        "building:material": "concrete",
        "building:colour": "#CCCCCC",
        "building:type": "commercial",
        "roof:shape": "flat",
        "roof:height": 0.0
      }
    },
    {
      "type": "Feature",
      "geometry": {
        "type": "Polygon",
        "coordinates": [
          [
            [
              -1.3653518128830229,
              -5.984914623647854
            ],
            [
              -1.3653504951095379,
              -5.984779896217612
            ],
            [
              -1.3654497755956638,
              -5.984778922921514
            ],
            [
              -1.3654510931999695,
              -5.98491365035532
            ],
            [
              -1.3653518128830229,
              -5.984914623647854
            ]
          ]
        ]
      },
      "properties": {
        "type": "building",
        "lod_level": 2,
        "height": 6.2,
        "building:levels": 2,
        "building:material": "concrete",
        "building:colour": "#CCCCCC",
        "building:type": "commercial",
        "roof:shape": "flat",
        "roof:height": 0.0
      }
    },
    {
      "type": "Feature",
      "geometry": {
        "type": "Polygon",
        "coordinates": [
          [
            [
              -1.36259016183274,
              -5.98276065640132
            ],
            [
              -1.3625998281764313,
              -5.98263624631063
            ],
            [
              -1.362793267330319,
              -5.982651311879935
            ],
            [
              -1.3627836006840557,
              -5.982775721919725
            ],
            [
              -1.36259016183274,
              -5.98276065640132
            ]
          ]
        ]
      },
      "properties": {
        "type": "building",
        "lod_level": 2,
        "height": 53.7,
        "building:levels": 18,
        "building:material": "concrete",
        "building:colour": "#CCCCCC",
        "building:type": "office",
        "roof:shape": "flat",
        "roof:height": 0.0
      }
    },
    {
      "type": "Feature",
      "geometry": {
        "type": "Polygon",
        "coordinates": [
          [
            [
              -1.3630594648374728,
              -5.981312170181171
            ],
            [
              -1.3630685987052444,
              -5.981131501459005
            ],
            [
              -1.363216329262596,
              -5.981138987985127
            ],
            [
              -1.3632071950580786,
              -5.981319656670568
            ],
            [
              -1.3630594648374728,
              -5.981312170181171
            ]
          ]
        ]
      },
      "properties": {
        "type": "building",
        "lod_level": 2,
        "height": 23.2,
        "building:levels": 8,
        "building:material": "concrete",
        "building:colour": "#CCCCCC",
        "building:type": "residential",
        "roof:shape": "flat",
        "roof:height": 0.0
      }
    },
    {
      "type": "Feature",
      "geometry": {
        "type": "Polygon",
        "coordinates": [
          [
            [
              -1.3627508051950274,
              -5.985105121487392
            ],
            [
              -1.3625272343466417,
              -5.985093712395722
            ],
            [
              -1.362537247021089,
              -5.9848970373587385
            ],
            [
              -1.362760818424232,
              -5.984908446511341
            ],
            [
              -1.3627508051950274,
              -5.985105121487392
            ]
          ]
        ]
      },
      "properties": {
        "type": "building",
        "lod_level": 2,
        "height": 16.2,
        "building:levels": 5,
        "building:material": "concrete",
        "building:colour": "#CCCCCC",
        "building:type": "commercial",
        "roof:shape": "flat",
        "roof:height": 0.0
      }
    },
    {
      "type": "Feature",
      "geometry": {
        "type": "Polygon",
        "coordinates": [
          [
            [
              -1.364987636932746,
              -5.983785325661175
            ],
            [
              -1.3648789162786006,
              -5.983770743991153
            ],
            [
              -1.36489977162829,
              -5.983614878596442
            ],
            [
              -1.365008492492941,
              -5.983629460328174
            ],
            [
              -1.364987636932746,
              -5.983785325661175
            ]
          ]
        ]
      },
      "properties": {
        "type": "building",
        "lod_level": 2,
        "height": 10.3,
        "building:levels": 3,
        "building:material": "concrete",
        "building:colour": "#CCCCCC",
        "building:type": "residential",
        "roof:shape": "flat",
        "roof:height": 0.0
      }
    },
    {
      "type": "Feature",
      "geometry": {
        "type": "Polygon",
        "coordinates": [
          [
            [
              -1.3642009500659045,
              -5.984723490407555
            ],
            [
              -1.3642028135240114,
              -5.984551314506033
            ],
            [
              -1.36436908000852,
              -5.98455311843267
            ],
            [
              -1.3643672161883427,
              -5.98472529432577
            ],
            [
              -1.3642009500659045,
              -5.984723490407555
            ]
          ]
        ]
      },
      "properties": {
        "type": "building",
        "lod_level": 2,
        "height": 17.5,
        "building:levels": 6,
        "building:material": "concrete",
        "building:colour": "#CCCCCC",
        "building:type": "office",
        "roof:shape": "flat",
        "roof:height": 0.0
      }
    },
    {
      "type": "Feature",
      "geometry": {
        "type": "Polygon",
        "coordinates": [
          [
            [
              -1.363955254744827,
              -5.983519599675112
            ],
            [
              -1.3637306538759173,
              -5.983493081501742
            ],
            [
              -1.3637476990136628,
              -5.983348371253953
            ],
            [
              -1.3639723002879827,
              -5.983374889531527
            ],
            [
              -1.363955254744827,
              -5.983519599675112
            ]
          ]
        ]
      },
      "properties": {
        "type": "building",
        "lod_level": 2,
        "height": 12.9,
        "building:levels": 4,
        "building:material": "concrete",
        "building:colour": "#CCCCCC",
        "building:type": "commercial",
        "roof:shape": "flat",
        "roof:height": 0.0
      }
    },
    {
      "type": "Feature",
      "geometry": {
        "type": "Polygon",
        "coordinates": [
          [
            [
              -1.3619113613984026,
              -5.984198385160562
            ],
            [
              -1.3617577979204325,
              -5.984195755605128
            ],
            [
              -1.3617599339692992,
              -5.984070710683781
            ],
            [
              -1.361913497690095,
              -5.984073340248139
            ],
            [
              -1.3619113613984026,
              -5.984198385160562
            ]
          ]
        ]
      },
      "properties": {
        "type": "building",
        "lod_level": 2,
        "height": 18.6,
        "building:levels": 6,
        "building:material": "concrete",
        "building:colour": "#CCCCCC",
        "building:type": "office",
        "roof:shape": "flat",
        "roof:height": 0.0
      }
    },
    {
      "type": "Feature",
      "geometry": {
        "type": "Polygon",
        "coordinates": [
          [
            [
              -1.3626908534367175,
              -5.986651374813848
            ],
            [
              -1.362687432520236,
              -5.986477384272009
            ],
            [
              -1.3627917905605518,
              -5.986475327672384
            ],
            [
              -1.362795211247444,
              -5.9866493182239235
            ],
            [
              -1.3626908534367175,
              -5.986651374813848
            ]
          ]
        ]
      },
      "properties": {
        "type": "building",
        "lod_level": 2,
        "height": 17.1,
        "building:levels": 6,
        "building:material": "concrete",
        "building:colour": "#CCCCCC",
        "building:type": "residential",
        "roof:shape": "flat",
        "roof:height": 0.0
      }
    },
    {
      "type": "Feature",
      "geometry": {
        "type": "Polygon",
        "coordinates": [
          [
            [
              -1.3618155720080232,
              -5.981393717414426
            ],
            [
              -1.3617245120557089,
              -5.98138510936456
            ],
            [
              -1.361737412870017,
              -5.981248313962247
            ],
            [
              -1.3618284729784902,
              -5.981256922044089
            ],
            [
              -1.3618155720080232,
              -5.981393717414426
            ]
          ]
        ]
      },
      "properties": {
        "type": "building",
        "lod_level": 2,
        "height": 14.2,
        "building:levels": 5,
        "building:material": "concrete",
        "building:colour": "#CCCCCC",
        "building:type": "residential",
        "roof:shape": "flat",
        "roof:height": 0.0
      }
    },
    {
      "type": "Feature",
      "geometry": {
        "type": "Polygon",
        "coordinates": [
          [
            [
              -1.3648286788673976,
              -5.984134131099622
            ],
            [
              -1.364693950620383,
              -5.984139683420608
            ],
            [
              -1.3646859402451053,
              -5.983944854944095
            ],
            [
              -1.3648206688235878,
              -5.983939302593715
            ],
            [
              -1.3648286788673976,
              -5.984134131099622
            ]
          ]
        ]
      },
      "properties": {
        "type": "building",
        "lod_level": 2,
        "height": 55.5,
        "building:levels": 18,
        "building:material": "concrete",
        "building:colour": "#CCCCCC",
        "building:type": "residential",
        "roof:shape": "flat",
        "roof:height": 0.0
      }
    },
    {
      "type": "Feature",
      "geometry": {
        "type": "Polygon",
        "coordinates": [
          [
            [
              -1.3625571710847404,
              -5.981476857566536
            ],
            [
              -1.3623896061438991,
              -5.981476886089964
            ],
            [
              -1.3623895860939408,
              -5.981359552529271
            ],
            [
              -1.3625571512834784,
              -5.981359524005765
            ],
            [
              -1.3625571710847404,
              -5.981476857566536
            ]
          ]
        ]
      },
      "properties": {
        "type": "building",
        "lod_level": 2,
        "height": 11.4,
        "building:levels": 4,
        "building:material": "concrete",
        "building:colour": "#CCCCCC",
        "building:type": "office",
        "roof:shape": "flat",
        "roof:height": 0.0
      }
    },
    {
      "type": "Feature",
      "geometry": {
        "type": "Polygon",
        "coordinates": [
          [
            [
              -1.3611498955062158,
              -5.984484372153587
            ],
            [
              -1.3609331741131425,
              -5.984482085097914
            ],
            [
              -1.3609346918992642,
              -5.984337901375395
            ],
            [
              -1.3611514136875555,
              -5.984340188440057
            ],
            [
              -1.3611498955062158,
              -5.984484372153587
            ]
          ]
        ]
      },
      "properties": {
        "type": "building",
        "lod_level": 2,
        "height": 11.2,
        "building:levels": 4,
        "building:material": "concrete",
        "building:colour": "#CCCCCC",
        "building:type": "residential",
        "roof:shape": "flat",
        "roof:height": 0.0
      }
    },
    {
      "type": "Feature",
      "geometry": {
        "type": "Polygon",
        "coordinates": [
          [
            [
              -1.3629678276695296,
              -5.9834019054194485
            ],
            [
              -1.3627057929254327,
              -5.983395733808826
            ],
            [
              -1.362710581412016,
              -5.983191928753199
            ],
            [
              -1.362972616831262,
              -5.983198100397987
            ],
            [
              -1.3629678276695296,
              -5.9834019054194485
            ]
          ]
        ]
      },
      "properties": {
        "type": "building",
        "lod_level": 2,
        "height": 16.2,
        "building:levels": 5,
        "building:material": "concrete",
        "building:colour": "#CCCCCC",
        "building:type": "commercial",
        "roof:shape": "flat",
        "roof:height": 0.0
      }
    },
    {
      "type": "Feature",
      "geometry": {
        "type": "Polygon",
        "coordinates": [
          [
            [
              -1.3633161033639125,
              -5.9826891392435355
            ],
            [
              -1.363068926574307,
              -5.98265110677619
            ],
            [
              -1.363102760133577,
              -5.9824306963159515
            ],
            [
              -1.3633499375960438,
              -5.982468729010886
            ],
            [
              -1.3633161033639125,
              -5.9826891392435355
            ]
          ]
        ]
      },
      "properties": {
        "type": "building",
        "lod_level": 2,
        "height": 25.7,
        "building:levels": 9,
        "building:material": "concrete",
        "building:colour": "#CCCCCC",
        "building:type": "office",
        "roof:shape": "flat",
        "roof:height": 0.0
      }
    },
    {
      "type": "Feature",
      "geometry": {
        "type": "Polygon",
        "coordinates": [
          [
            [
              -1.3603859988472613,
              -5.983701736254403
            ],
            [
              -1.3602649815798957,
              -5.983683217281347
            ],
            [
              -1.3602902905293057,
              -5.983517437307623
            ],
            [
              -1.360411308044516,
              -5.983535956364032
            ],
            [
              -1.3603859988472613,
              -5.983701736254403
            ]
          ]
        ]
      },
      "properties": {
        "type": "building",
        "lod_level": 2,
        "height": 5.8,
        "building:levels": 2,
        "building:material": "concrete",
        "building:colour": "#CCCCCC",
        "building:type": "residential",
        "roof:shape": "flat",
        "roof:height": 0.0
      }
    },
    {
      "type": "Feature",
      "geometry": {
        "type": "Polygon",
        "coordinates": [
          [
            [
              -1.3654423657034176,
              -5.98518322615079
            ],
            [
              -1.3654547844254235,
              -5.98500957494645
            ],
            [
              -1.3655567039417282,
              -5.985016881025216
            ],
            [
              -1.3655442849969985,
              -5.985190532195097
            ],
            [
              -1.3654423657034176,
              -5.98518322615079
            ]
          ]
        ]
      },
      "properties": {
        "type": "building",
        "lod_level": 2,
        "height": 22.3,
        "building:levels": 7,
        "building:material": "concrete",
        "building:colour": "#CCCCCC",
        "building:type": "commercial",
        "roof:shape": "flat",
        "roof:height": 0.0
      }
    },
    {
      "type": "Feature",
      "geometry": {
        "type": "Polygon",
        "coordinates": [
          [
            [
              -1.3619950350842893,
              -5.9850472320120645
            ],
            [
              -1.3620187275003803,
              -5.9848535625840835
            ],
            [
              -1.3622294121569372,
              -5.98487939768982
            ],
            [
              -1.3622057192324568,
              -5.98507306698195
            ],
            [
              -1.3619950350842893,
              -5.9850472320120645
            ]
          ]
        ]
      },
      "properties": {
        "type": "building",
        "lod_level": 2,
        "height": 9.7,
        "building:levels": 3,
        "building:material": "concrete",
        "building:colour": "#CCCCCC",
        "building:type": "residential",
        "roof:shape": "flat",
        "roof:height": 0.0
      }
    },
    {
      "type": "Feature",
      "geometry": {
        "type": "Polygon",
        "coordinates": [
          [
            [
              -1.3626868308295346,
              -5.985928787121425
            ],
            [
              -1.362695944108542,
              -5.98583237515069
            ],
            [
              -1.3627842213367838,
              -5.985840739216318
            ],
            [
              -1.3627751079510815,
              -5.985937151165162
            ],
            [
              -1.3626868308295346,
              -5.985928787121425
            ]
          ]
        ]
      },
      "properties": {
        "type": "building",
        "lod_level": 3,
        "height": 35.7,
        "building:levels": 12,
        "building:material": "brick",
        "building:colour": "#b5895a",
        "building:type": "office",
        "roof:shape": "flat",
        "roof:height": 4.0
      }
    },
    {
      "type": "Feature",
      "geometry": {
        "type": "Polygon",
        "coordinates": [
          [
            [
              -1.3656110442327551,
              -5.984656609865309
            ],
            [
              -1.3654260413958936,
              -5.984639347278244
            ],
            [
              -1.365441174372019,
              -5.984476782628627
            ],
            [
              -1.365626177586002,
              -5.984494045291892
            ],
            [
              -1.3656110442327551,
              -5.984656609865309
            ]
          ]
        ]
      },
      "properties": {
        "type": "building",
        "lod_level": 3,
        "height": 7.5,
        "building:levels": 2,
        "building:material": "brick",
        "building:colour": "#a0522d",
        "building:type": "industrial",
        "roof:shape": "hipped",
        "roof:height": 1.1
      }
    },
    {
      "type": "Feature",
      "geometry": {
        "type": "Polygon",
        "coordinates": [
          [
            [
              -1.3633211777581096,
              -5.985445497883028
            ],
            [
              -1.3631637514631252,
              -5.985450625067726
            ],
            [
              -1.363159763450255,
              -5.985327891292245
            ],
            [
              -1.3633171899893852,
              -5.985322764090459
            ],
            [
              -1.3633211777581096,
              -5.985445497883028
            ]
          ]
        ]
      },
      "properties": {
        "type": "building",
        "lod_level": 3,
        "height": 23.1,
        "building:levels": 8,
        "building:material": "concrete",
        "building:colour": "#78909c",
        "building:type": "commercial",
        "roof:shape": "flat",
        "roof:height": 3.5
      }
    },
    {
      "type": "Feature",
      "geometry": {
        "type": "Polygon",
        "coordinates": [
          [
            [
              -1.364592832162625,
              -5.984947635909647
            ],
            [
              -1.3643919540672402,
              -5.9849559028509045
            ],
            [
              -1.3643836480376992,
              -5.98475360516975
            ],
            [
              -1.3645845266462482,
              -5.9847453381831155
            ],
            [
              -1.364592832162625,
              -5.984947635909647
            ]
          ]
        ]
      },
      "properties": {
        "type": "building",
        "lod_level": 3,
        "height": 16.6,
        "building:levels": 6,
        "building:material": "brick",
        "building:colour": "#b5895a",
        "building:type": "residential",
        "roof:shape": "gabled",
        "roof:height": 1.7
      }
    },
    {
      "type": "Feature",
      "geometry": {
        "type": "Polygon",
        "coordinates": [
          [
            [
              -1.3626988209161486,
              -5.9830430489949045
            ],
            [
              -1.3627051277972633,
              -5.9828503244519835
            ],
            [
              -1.3628695168623592,
              -5.982855716972849
            ],
            [
              -1.3628632095809226,
              -5.983048441487554
            ],
            [
              -1.3626988209161486,
              -5.9830430489949045
            ]
          ]
        ]
      },
      "properties": {
        "type": "building",
        "lod_level": 3,
        "height": 13.1,
        "building:levels": 4,
        "building:material": "plaster",
        "building:colour": "#e0e0e0",
        "building:type": "residential",
        "roof:shape": "pyramidal",
        "roof:height": 1.8
      }
    },
    {
      "type": "Feature",
      "geometry": {
        "type": "Polygon",
        "coordinates": [
          [
            [
              -1.365547576414476,
              -5.983721582758546
            ],
            [
              -1.3655574126903856,
              -5.9835724057662345
            ],
            [
              -1.3656765178862789,
              -5.983580277869041
            ],
            [
              -1.3656666813865974,
              -5.983729454829464
            ],
            [
              -1.365547576414476,
              -5.983721582758546
            ]
          ]
        ]
      },
      "properties": {
        "type": "building",
        "lod_level": 3,
        "height": 34.3,
        "building:levels": 11,
        "building:material": "brick",
        "building:colour": "#a0522d",
        "building:type": "office",
        "roof:shape": "pyramidal",
        "roof:height": 3.6
      }
    },
    {
      "type": "Feature",
      "geometry": {
        "type": "Polygon",
        "coordinates": [
          [
            [
              -1.3613667385962722,
              -5.983817716960329
            ],
            [
              -1.3613710569451243,
              -5.9836694462262
            ],
            [
              -1.361461977056796,
              -5.983672100568216
            ],
            [
              -1.3614576585375655,
              -5.983820371291644
            ],
            [
              -1.3613667385962722,
              -5.983817716960329
            ]
          ]
        ]
      },
      "properties": {
        "type": "building",
        "lod_level": 3,
        "height": 24.8,
        "building:levels": 8,
        "building:material": "concrete",
        "building:colour": "#78909c",
        "building:type": "residential",
        "roof:shape": "pyramidal",
        "roof:height": 2.1
      }
    },
    {
      "type": "Feature",
      "geometry": {
        "type": "Polygon",
        "coordinates": [
          [
            [
              -1.3613359428947096,
              -5.98364247686086
            ],
            [
              -1.3613604050496535,
              -5.983401419906965
            ],
            [
              -1.3614490592014867,
              -5.983410437762212
            ],
            [
              -1.3614245967790097,
              -5.983651494657065
            ],
            [
              -1.3613359428947096,
              -5.98364247686086
            ]
          ]
        ]
      },
      "properties": {
        "type": "building",
        "lod_level": 3,
        "height": 7.3,
        "building:levels": 2,
        "building:material": "brick",
        "building:colour": "#c8a882",
        "building:type": "industrial",
        "roof:shape": "gabled",
        "roof:height": 1.1
      }
    },
    {
      "type": "Feature",
      "geometry": {
        "type": "Polygon",
        "coordinates": [
          [
            [
              -1.3641200937024551,
              -5.983974663218755
            ],
            [
              -1.3641206177336231,
              -5.983876977910919
            ],
            [
              -1.3642186748208898,
              -5.983877505241141
            ],
            [
              -1.364218150668561,
              -5.9839751905476
            ],
            [
              -1.3641200937024551,
              -5.983974663218755
            ]
          ]
        ]
      },
      "properties": {
        "type": "building",
        "lod_level": 3,
        "height": 14.8,
        "building:levels": 5,
        "building:material": "brick",
        "building:colour": "#b5895a",
        "building:type": "residential",
        "roof:shape": "gabled",
        "roof:height": 1.8
      }
    },
    {
      "type": "Feature",
      "geometry": {
        "type": "Polygon",
        "coordinates": [
          [
            [
              -1.3656702484267784,
              -5.983896865553507
            ],
            [
              -1.3655859577803704,
              -5.983898756451224
            ],
            [
              -1.3655838346260156,
              -5.983803891085868
            ],
            [
              -1.3656681253735186,
              -5.983802000183278
            ],
            [
              -1.3656702484267784,
              -5.983896865553507
            ]
          ]
        ]
      },
      "properties": {
        "type": "building",
        "lod_level": 3,
        "height": 22.9,
        "building:levels": 8,
        "building:material": "concrete",
        "building:colour": "#9e9e9e",
        "building:type": "residential",
        "roof:shape": "pyramidal",
        "roof:height": 2.3
      }
    },
    {
      "type": "Feature",
      "geometry": {
        "type": "Polygon",
        "coordinates": [
          [
            [
              -1.3630735645101475,
              -5.984603363014041
            ],
            [
              -1.3629619135847133,
              -5.984595150459525
            ],
            [
              -1.362974002868266,
              -5.984430405303988
            ],
            [
              -1.3630856540251166,
              -5.984438617895206
            ],
            [
              -1.3630735645101475,
              -5.984603363014041
            ]
          ]
        ]
      },
      "properties": {
        "type": "building",
        "lod_level": 3,
        "height": 18.9,
        "building:levels": 6,
        "building:material": "concrete",
        "building:colour": "#9e9e9e",
        "building:type": "residential",
        "roof:shape": "flat",
        "roof:height": 2.2
      }
    },
    {
      "type": "Feature",
      "geometry": {
        "type": "Polygon",
        "coordinates": [
          [
            [
              -1.3631388530845092,
              -5.983203828145303
            ],
            [
              -1.3631393998922359,
              -5.982962272764088
            ],
            [
              -1.3632525168166258,
              -5.982962529513903
            ],
            [
              -1.3632519696632714,
              -5.983204084893427
            ],
            [
              -1.3631388530845092,
              -5.983203828145303
            ]
          ]
        ]
      },
      "properties": {
        "type": "building",
        "lod_level": 3,
        "height": 27.7,
        "building:levels": 9,
        "building:material": "concrete",
        "building:colour": "#b0bec5",
        "building:type": "commercial",
        "roof:shape": "flat",
        "roof:height": 3.1
      }
    },
    {
      "type": "Feature",
      "geometry": {
        "type": "Polygon",
        "coordinates": [
          [
            [
              -1.3629677217559892,
              -5.984125489929134
            ],
            [
              -1.3629729036886342,
              -5.983894287028904
            ],
            [
              -1.363102030645092,
              -5.983897188091642
            ],
            [
              -1.3630968483349997,
              -5.984128390973641
            ],
            [
              -1.3629677217559892,
              -5.984125489929134
            ]
          ]
        ]
      },
      "properties": {
        "type": "building",
        "lod_level": 3,
        "height": 9.9,
        "building:levels": 3,
        "building:material": "plaster",
        "building:colour": "#eeeeee",
        "building:type": "office",
        "roof:shape": "pyramidal",
        "roof:height": 1.3
      }
    },
    {
      "type": "Feature",
      "geometry": {
        "type": "Polygon",
        "coordinates": [
          [
            [
              -1.363273177305555,
              -5.984714116781986
            ],
            [
              -1.3633062673150165,
              -5.984494085438908
            ],
            [
              -1.3634244098589843,
              -5.9845118946945455
            ],
            [
              -1.3633913195281573,
              -5.9847319259312455
            ],
            [
              -1.363273177305555,
              -5.984714116781986
            ]
          ]
        ]
      },
      "properties": {
        "type": "building",
        "lod_level": 3,
        "height": 58.5,
        "building:levels": 20,
        "building:material": "glass",
        "building:colour": "#81d4fa",
        "building:type": "office",
        "roof:shape": "gabled",
        "roof:height": 4.3
      }
    },
    {
      "type": "Feature",
      "geometry": {
        "type": "Polygon",
        "coordinates": [
          [
            [
              -1.3624414405439071,
              -5.981644424755617
            ],
            [
              -1.3622477889209168,
              -5.981619641176655
            ],
            [
              -1.362263906739789,
              -5.9814934013703756
            ],
            [
              -1.3624575586669587,
              -5.981518185034266
            ],
            [
              -1.3624414405439071,
              -5.981644424755617
            ]
          ]
        ]
      },
      "properties": {
        "type": "building",
        "lod_level": 3,
        "height": 11.6,
        "building:levels": 4,
        "building:material": "concrete",
        "building:colour": "#9e9e9e",
        "building:type": "residential",
        "roof:shape": "pyramidal",
        "roof:height": 1.1
      }
    },
    {
      "type": "Feature",
      "geometry": {
        "type": "Polygon",
        "coordinates": [
          [
            [
              -1.3636607485609036,
              -5.982790128626908
            ],
            [
              -1.3636850556489513,
              -5.982610222797878
            ],
            [
              -1.3638486494601638,
              -5.982632378513918
            ],
            [
              -1.3638243420066425,
              -5.982812284234724
            ],
            [
              -1.3636607485609036,
              -5.982790128626908
            ]
          ]
        ]
      },
      "properties": {
        "type": "building",
        "lod_level": 3,
        "height": 17.8,
        "building:levels": 6,
        "building:material": "concrete",
        "building:colour": "#b0bec5",
        "building:type": "commercial",
        "roof:shape": "pyramidal",
        "roof:height": 1.5
      }
    },
    {
      "type": "Feature",
      "geometry": {
        "type": "Polygon",
        "coordinates": [
          [
            [
              -1.3632387191103201,
              -5.986337108545747
            ],
            [
              -1.3632363427521852,
              -5.986194502302634
            ],
            [
              -1.3633449281106336,
              -5.986192688672609
            ],
            [
              -1.3633473042729465,
              -5.986335294922754
            ],
            [
              -1.3632387191103201,
              -5.986337108545747
            ]
          ]
        ]
      },
      "properties": {
        "type": "building",
        "lod_level": 3,
        "height": 40.7,
        "building:levels": 14,
        "building:material": "concrete",
        "building:colour": "#9e9e9e",
        "building:type": "office",
        "roof:shape": "pyramidal",
        "roof:height": 1.0
      }
    },
    {
      "type": "Feature",
      "geometry": {
        "type": "Polygon",
        "coordinates": [
          [
            [
              -1.3605982821080433,
              -5.984543929453767
            ],
            [
              -1.3606141035208075,
              -5.984431131883538
            ],
            [
              -1.3607963265695195,
              -5.984456751770214
            ],
            [
              -1.360780504901885,
              -5.984569549261974
            ],
            [
              -1.3605982821080433,
              -5.984543929453767
            ]
          ]
        ]
      },
      "properties": {
        "type": "building",
        "lod_level": 3,
        "height": 32.2,
        "building:levels": 11,
        "building:material": "concrete",
        "building:colour": "#b0bec5",
        "building:type": "office",
        "roof:shape": "flat",
        "roof:height": 2.4
      }
    },
    {
      "type": "Feature",
      "geometry": {
        "type": "Polygon",
        "coordinates": [
          [
            [
              -1.3621489125020096,
              -5.985981144896622
            ],
            [
              -1.3621686502256898,
              -5.9858345535242385
            ],
            [
              -1.3623427594468862,
              -5.985858051832975
            ],
            [
              -1.3623230214062256,
              -5.986004643111806
            ],
            [
              -1.3621489125020096,
              -5.985981144896622
            ]
          ]
        ]
      },
      "properties": {
        "type": "building",
        "lod_level": 3,
        "height": 37.4,
        "building:levels": 12,
        "building:material": "concrete",
        "building:colour": "#9e9e9e",
        "building:type": "office",
        "roof:shape": "flat",
        "roof:height": 3.4
      }
    },
    {
      "type": "Feature",
      "geometry": {
        "type": "Polygon",
        "coordinates": [
          [
            [
              -1.3622603411151257,
              -5.982763231427485
            ],
            [
              -1.3622593358578874,
              -5.982529157247976
            ],
            [
              -1.3624719748127845,
              -5.982528242168962
            ],
            [
              -1.3624729794404407,
              -5.98276231635429
            ],
            [
              -1.3622603411151257,
              -5.982763231427485
            ]
          ]
        ]
      },
      "properties": {
        "type": "building",
        "lod_level": 3,
        "height": 11.3,
        "building:levels": 4,
        "building:material": "concrete",
        "building:colour": "#9e9e9e",
        "building:type": "residential",
        "roof:shape": "flat",
        "roof:height": 1.5
      }
    },
    {
      "type": "Feature",
      "geometry": {
        "type": "Polygon",
        "coordinates": [
          [
            [
              -1.3635543709848323,
              -5.983960422979395
            ],
            [
              -1.3635670400793745,
              -5.983828123482733
            ],
            [
              -1.3637468552663319,
              -5.983845383638749
            ],
            [
              -1.3637341858736367,
              -5.9839776830734035
            ],
            [
              -1.3635543709848323,
              -5.983960422979395
            ]
          ]
        ]
      },
      "properties": {
        "type": "building",
        "lod_level": 3,
        "height": 13.9,
        "building:levels": 5,
        "building:material": "concrete",
        "building:colour": "#9e9e9e",
        "building:type": "residential",
        "roof:shape": "pyramidal",
        "roof:height": 1.7
      }
    },
    {
      "type": "Feature",
      "geometry": {
        "type": "Polygon",
        "coordinates": [
          [
            [
              -1.3619359833052715,
              -5.981882109478562
            ],
            [
              -1.3617572794204893,
              -5.981885521192727
            ],
            [
              -1.3617555834999284,
              -5.981796484411341
            ],
            [
              -1.3619342875859022,
              -5.981793072688939
            ],
            [
              -1.3619359833052715,
              -5.981882109478562
            ]
          ]
        ]
      },
      "properties": {
        "type": "building",
        "lod_level": 3,
        "height": 21.6,
        "building:levels": 7,
        "building:material": "concrete",
        "building:colour": "#9e9e9e",
        "building:type": "residential",
        "roof:shape": "gabled",
        "roof:height": 1.3
      }
    },
    {
      "type": "Feature",
      "geometry": {
        "type": "Polygon",
        "coordinates": [
          [
            [
              -1.365238689882161,
              -5.9846197034347055
            ],
            [
              -1.365092446409753,
              -5.984624832996603
            ],
            [
              -1.3650878838940357,
              -5.984494452401042
            ],
            [
              -1.3652341276073356,
              -5.9844893228209655
            ],
            [
              -1.365238689882161,
              -5.9846197034347055
            ]
          ]
        ]
      },
      "properties": {
        "type": "building",
        "lod_level": 3,
        "height": 5.2,
        "building:levels": 2,
        "building:material": "wood",
        "building:colour": "#6d4c41",
        "building:type": "commercial",
        "roof:shape": "hipped",
        "roof:height": 0.9
      }
    },
    {
      "type": "Feature",
      "geometry": {
        "type": "Polygon",
        "coordinates": [
          [
            [
              -1.362029322721797,
              -5.985403992624917
            ],
            [
              -1.3620333330072645,
              -5.985258251197924
            ],
            [
              -1.362156263946101,
              -5.985261641896911
            ],
            [
              -1.3621522534341786,
              -5.9854073833105055
            ],
            [
              -1.362029322721797,
              -5.985403992624917
            ]
          ]
        ]
      },
      "properties": {
        "type": "building",
        "lod_level": 3,
        "height": 24.6,
        "building:levels": 8,
        "building:material": "concrete",
        "building:colour": "#b0bec5",
        "building:type": "office",
        "roof:shape": "flat",
        "roof:height": 3.0
      }
    },
    {
      "type": "Feature",
      "geometry": {
        "type": "Polygon",
        "coordinates": [
          [
            [
              -1.3609215509641888,
              -5.984463487834121
            ],
            [
              -1.3609421521339675,
              -5.984322104772906
            ],
            [
              -1.3611267920939634,
              -5.984349072772788
            ],
            [
              -1.361106190601003,
              -5.984490455730471
            ],
            [
              -1.3609215509641888,
              -5.984463487834121
            ]
          ]
        ]
      },
      "properties": {
        "type": "building",
        "lod_level": 3,
        "height": 9.5,
        "building:levels": 3,
        "building:material": "plaster",
        "building:colour": "#e0e0e0",
        "building:type": "office",
        "roof:shape": "flat",
        "roof:height": 1.0
      }
    },
    {
      "type": "Feature",
      "geometry": {
        "type": "Polygon",
        "coordinates": [
          [
            [
              -1.36291030497602,
              -5.98353197390885
            ],
            [
              -1.3629176788662296,
              -5.98330520910963
            ],
            [
              -1.3630576893312987,
              -5.983309772842196
            ],
            [
              -1.3630503150399067,
              -5.98353653761332
            ],
            [
              -1.36291030497602,
              -5.98353197390885
            ]
          ]
        ]
      },
      "properties": {
        "type": "building",
        "lod_level": 3,
        "height": 3.0,
        "building:levels": 1,
        "building:material": "brick",
        "building:colour": "#b5895a",
        "building:type": "residential",
        "roof:shape": "hipped",
        "roof:height": 0.7
      }
    },
    {
      "type": "Feature",
      "geometry": {
        "type": "Polygon",
        "coordinates": [
          [
            [
              -1.3648883681237054,
              -5.984528765007413
            ],
            [
              -1.3649006488696096,
              -5.984421677761598
            ],
            [
              -1.3650283201840794,
              -5.984436353777345
            ],
            [
              -1.3650160392675128,
              -5.984543440980496
            ],
            [
              -1.3648883681237054,
              -5.984528765007413
            ]
          ]
        ]
      },
      "properties": {
        "type": "building",
        "lod_level": 3,
        "height": 21.0,
        "building:levels": 7,
        "building:material": "glass",
        "building:colour": "#b3e5fc",
        "building:type": "commercial",
        "roof:shape": "pyramidal",
        "roof:height": 1.1
      }
    },
    {
      "type": "Feature",
      "geometry": {
        "type": "Polygon",
        "coordinates": [
          [
            [
              -1.3640905069679907,
              -5.982759450936941
            ],
            [
              -1.3640830767561887,
              -5.982582181365251
            ],
            [
              -1.3642945830431774,
              -5.982573295406933
            ],
            [
              -1.3643020127815475,
              -5.9827505650214015
            ],
            [
              -1.3640905069679907,
              -5.982759450936941
            ]
          ]
        ]
      },
      "properties": {
        "type": "building",
        "lod_level": 3,
        "height": 5.7,
        "building:levels": 2,
        "building:material": "brick",
        "building:colour": "#b5895a",
        "building:type": "residential",
        "roof:shape": "hipped",
        "roof:height": 0.9
      }
    },
    {
      "type": "Feature",
      "geometry": {
        "type": "Polygon",
        "coordinates": [
          [
            [
              -1.364763603947874,
              -5.985107406930426
            ],
            [
              -1.3645663897177918,
              -5.9850917379368385
            ],
            [
              -1.3645769063789137,
              -5.9849590580783545
            ],
            [
              -1.3647741209378996,
              -5.984974727128397
            ],
            [
              -1.364763603947874,
              -5.985107406930426
            ]
          ]
        ]
      },
      "properties": {
        "type": "building",
        "lod_level": 3,
        "height": 14.7,
        "building:levels": 5,
        "building:material": "plaster",
        "building:colour": "#e0e0e0",
        "building:type": "office",
        "roof:shape": "flat",
        "roof:height": 1.3
      }
    },
    {
      "type": "Feature",
      "geometry": {
        "type": "Polygon",
        "coordinates": [
          [
            [
              -1.3615922855216636,
              -5.983408437148906
            ],
            [
              -1.361614722201472,
              -5.983194409007435
            ],
            [
              -1.3617686868542416,
              -5.983210587564655
            ],
            [
              -1.3617462497621957,
              -5.983424615612091
            ],
            [
              -1.3615922855216636,
              -5.983408437148906
            ]
          ]
        ]
      },
      "properties": {
        "type": "building",
        "lod_level": 3,
        "height": 25.2,
        "building:levels": 8,
        "building:material": "concrete",
        "building:colour": "#78909c",
        "building:type": "commercial",
        "roof:shape": "flat",
        "roof:height": 3.4
      }
    },
    {
      "type": "Feature",
      "geometry": {
        "type": "Polygon",
        "coordinates": [
          [
            [
              -1.3655383119882998,
              -5.984176984926882
            ],
            [
              -1.3653437581302885,
              -5.984185663380183
            ],
            [
              -1.3653399407377653,
              -5.98409988516983
            ],
            [
              -1.365534494806455,
              -5.9840912066963154
            ],
            [
              -1.3655383119882998,
              -5.984176984926882
            ]
          ]
        ]
      },
      "properties": {
        "type": "building",
        "lod_level": 3,
        "height": 7.1,
        "building:levels": 2,
        "building:material": "brick",
        "building:colour": "#c8a882",
        "building:type": "residential",
        "roof:shape": "flat",
        "roof:height": 1.1
      }
    },
    {
      "type": "Feature",
      "geometry": {
        "type": "Polygon",
        "coordinates": [
          [
            [
              -1.362488021378328,
              -5.985164815913147
            ],
            [
              -1.3624949113434182,
              -5.985033467498488
            ],
            [
              -1.3626822275887007,
              -5.985043316705839
            ],
            [
              -1.3626753373132479,
              -5.985174665085375
            ],
            [
              -1.362488021378328,
              -5.985164815913147
            ]
          ]
        ]
      },
      "properties": {
        "type": "building",
        "lod_level": 3,
        "height": 15.3,
        "building:levels": 5,
        "building:material": "brick",
        "building:colour": "#c8a882",
        "building:type": "office",
        "roof:shape": "flat",
        "roof:height": 1.9
      }
    },
    {
      "type": "Feature",
      "geometry": {
        "type": "Polygon",
        "coordinates": [
          [
            [
              -1.3630917954780866,
              -5.9859314697727095
            ],
            [
              -1.362876876223539,
              -5.9859366680234185
            ],
            [
              -1.3628728939681058,
              -5.9857716450495895
            ],
            [
              -1.3630878136710218,
              -5.985766446775574
            ],
            [
              -1.3630917954780866,
              -5.9859314697727095
            ]
          ]
        ]
      },
      "properties": {
        "type": "building",
        "lod_level": 3,
        "height": 9.9,
        "building:levels": 3,
        "building:material": "concrete",
        "building:colour": "#9e9e9e",
        "building:type": "residential",
        "roof:shape": "flat",
        "roof:height": 1.3
      }
    },
    {
      "type": "Feature",
      "geometry": {
        "type": "Polygon",
        "coordinates": [
          [
            [
              -1.3644710070459938,
              -5.982834730636571
            ],
            [
              -1.3644664162013862,
              -5.982704762609223
            ],
            [
              -1.3645892692540855,
              -5.982700412902055
            ],
            [
              -1.3645938598969736,
              -5.982830380944773
            ],
            [
              -1.3644710070459938,
              -5.982834730636571
            ]
          ]
        ]
      },
      "properties": {
        "type": "building",
        "lod_level": 3,
        "height": 6.9,
        "building:levels": 2,
        "building:material": "brick",
        "building:colour": "#a0522d",
        "building:type": "residential",
        "roof:shape": "gabled",
        "roof:height": 1.0
      }
    },
    {
      "type": "Feature",
      "geometry": {
        "type": "Polygon",
        "coordinates": [
          [
            [
              -1.3659549322376967,
              -5.984103611605867
            ],
            [
              -1.3657789711057404,
              -5.984096023808318
            ],
            [
              -1.3657825270289838,
              -5.984013364937536
            ],
            [
              -1.3659584883445794,
              -5.984020952752154
            ],
            [
              -1.3659549322376967,
              -5.984103611605867
            ]
          ]
        ]
      },
      "properties": {
        "type": "building",
        "lod_level": 3,
        "height": 11.9,
        "building:levels": 4,
        "building:material": "concrete",
        "building:colour": "#b0bec5",
        "building:type": "residential",
        "roof:shape": "flat",
        "roof:height": 1.4
      }
    },
    {
      "type": "Feature",
      "geometry": {
        "type": "Polygon",
        "coordinates": [
          [
            [
              -1.3651518942808933,
              -5.985443419643223
            ],
            [
              -1.3649428111062665,
              -5.985447290885243
            ],
            [
              -1.3649403284528516,
              -5.985312897996914
            ],
            [
              -1.3651494119827965,
              -5.985309026740776
            ],
            [
              -1.3651518942808933,
              -5.985443419643223
            ]
          ]
        ]
      },
      "properties": {
        "type": "building",
        "lod_level": 3,
        "height": 26.0,
        "building:levels": 9,
        "building:material": "brick",
        "building:colour": "#c8a882",
        "building:type": "residential",
        "roof:shape": "flat",
        "roof:height": 2.2
      }
    },
    {
      "type": "Feature",
      "geometry": {
        "type": "Polygon",
        "coordinates": [
          [
            [
              -1.3653340986753915,
              -5.985286978231105
            ],
            [
              -1.3651721664921346,
              -5.985278875849884
            ],
            [
              -1.3651767590312225,
              -5.985186872171902
            ],
            [
              -1.3653386914024639,
              -5.985194974573356
            ],
            [
              -1.3653340986753915,
              -5.985286978231105
            ]
          ]
        ]
      },
      "properties": {
        "type": "building",
        "lod_level": 3,
        "height": 12.6,
        "building:levels": 4,
        "building:material": "brick",
        "building:colour": "#a0522d",
        "building:type": "residential",
        "roof:shape": "flat",
        "roof:height": 1.5
      }
    },
    {
      "type": "Feature",
      "geometry": {
        "type": "Polygon",
        "coordinates": [
          [
            [
              -1.3623865423058619,
              -5.9836780846695
            ],
            [
              -1.3621962751550212,
              -5.983677064103119
            ],
            [
              -1.3621968373340865,
              -5.983571984033924
            ],
            [
              -1.36238710473782,
              -5.983573004603223
            ],
            [
              -1.3623865423058619,
              -5.9836780846695
            ]
          ]
        ]
      },
      "properties": {
        "type": "building",
        "lod_level": 3,
        "height": 11.1,
        "building:levels": 4,
        "building:material": "brick",
        "building:colour": "#b5895a",
        "building:type": "residential",
        "roof:shape": "pyramidal",
        "roof:height": 1.6
      }
    },
    {
      "type": "Feature",
      "geometry": {
        "type": "Polygon",
        "coordinates": [
          [
            [
              -1.3626692154111038,
              -5.9842951371633095
            ],
            [
              -1.3624185978629761,
              -5.984275421408954
            ],
            [
              -1.3624366559142491,
              -5.98404532917232
            ],
            [
              -1.3626872741872982,
              -5.984065045049848
            ],
            [
              -1.3626692154111038,
              -5.9842951371633095
            ]
          ]
        ]
      },
      "properties": {
        "type": "building",
        "lod_level": 3,
        "height": 28.3,
        "building:levels": 9,
        "building:material": "glass",
        "building:colour": "#4fc3f7",
        "building:type": "commercial",
        "roof:shape": "flat",
        "roof:height": 1.1
      }
    },
    {
      "type": "Feature",
      "geometry": {
        "type": "Polygon",
        "coordinates": [
          [
            [
              -1.361554408397044,
              -5.984936482157488
            ],
            [
              -1.3613179248784675,
              -5.984922022649962
            ],
            [
              -1.3613256838713632,
              -5.984794822739804
            ],
            [
              -1.361562167769021,
              -5.984809282297282
            ],
            [
              -1.361554408397044,
              -5.984936482157488
            ]
          ]
        ]
      },
      "properties": {
        "type": "building",
        "lod_level": 3,
        "height": 13.6,
        "building:levels": 5,
        "building:material": "brick",
        "building:colour": "#b5895a",
        "building:type": "office",
        "roof:shape": "flat",
        "roof:height": 1.5
      }
    },
    {
      "type": "Feature",
      "geometry": {
        "type": "Polygon",
        "coordinates": [
          [
            [
              -1.3637554642992913,
              -5.984642501657445
            ],
            [
              -1.3635409339824167,
              -5.984651489662759
            ],
            [
              -1.363532400465201,
              -5.984447333285528
            ],
            [
              -1.3637469313351183,
              -5.984438345230403
            ],
            [
              -1.3637554642992913,
              -5.984642501657445
            ]
          ]
        ]
      },
      "properties": {
        "type": "building",
        "lod_level": 3,
        "height": 14.8,
        "building:levels": 5,
        "building:material": "brick",
        "building:colour": "#b5895a",
        "building:type": "office",
        "roof:shape": "flat",
        "roof:height": 1.8
      }
    },
    {
      "type": "Feature",
      "geometry": {
        "type": "Polygon",
        "coordinates": [
          [
            [
              -1.3613538700769896,
              -5.982391771163696
            ],
            [
              -1.3612633473127085,
              -5.982390154024898
            ],
            [
              -1.361266483752762,
              -5.982214163692051
            ],
            [
              -1.3613570067184952,
              -5.982215780838578
            ],
            [
              -1.3613538700769896,
              -5.982391771163696
            ]
          ]
        ]
      },
      "properties": {
        "type": "building",
        "lod_level": 3,
        "height": 7.3,
        "building:levels": 2,
        "building:material": "wood",
        "building:colour": "#8d6e63",
        "building:type": "industrial",
        "roof:shape": "hipped",
        "roof:height": 1.0
      }
    },
    {
      "type": "Feature",
      "geometry": {
        "type": "Polygon",
        "coordinates": [
          [
            [
              -1.3639093919268785,
              -5.982193308042092
            ],
            [
              -1.3639083843579853,
              -5.982099226229606
            ],
            [
              -1.3640048852277062,
              -5.982098190362604
            ],
            [
              -1.364005892681771,
              -5.982192272177726
            ],
            [
              -1.3639093919268785,
              -5.982193308042092
            ]
          ]
        ]
      },
      "properties": {
        "type": "building",
        "lod_level": 3,
        "height": 15.0,
        "building:levels": 5,
        "building:material": "concrete",
        "building:colour": "#9e9e9e",
        "building:type": "residential",
        "roof:shape": "gabled",
        "roof:height": 2.1
      }
    },
    {
      "type": "Feature",
      "geometry": {
        "type": "Polygon",
        "coordinates": [
          [
            [
              -1.3649269936172392,
              -5.98247996846993
            ],
            [
              -1.3649271460393715,
              -5.982369745866392
            ],
            [
              -1.3650157433647931,
              -5.982369868723973
            ],
            [
              -1.3650155908191353,
              -5.9824800913271305
            ],
            [
              -1.3649269936172392,
              -5.98247996846993
            ]
          ]
        ]
      },
      "properties": {
        "type": "building",
        "lod_level": 3,
        "height": 7.2,
        "building:levels": 2,
        "building:material": "brick",
        "building:colour": "#a0522d",
        "building:type": "industrial",
        "roof:shape": "hipped",
        "roof:height": 1.0
      }
    },
    {
      "type": "Feature",
      "geometry": {
        "type": "Polygon",
        "coordinates": [
          [
            [
              -1.3636715775378114,
              -5.981785787737775
            ],
            [
              -1.3636736653810573,
              -5.981655651074264
            ],
            [
              -1.3637788086986142,
              -5.981657342010201
            ],
            [
              -1.3637767206823335,
              -5.981787478667721
            ],
            [
              -1.3636715775378114,
              -5.981785787737775
            ]
          ]
        ]
      },
      "properties": {
        "type": "building",
        "lod_level": 3,
        "height": 10.2,
        "building:levels": 3,
        "building:material": "brick",
        "building:colour": "#b5895a",
        "building:type": "commercial",
        "roof:shape": "flat",
        "roof:height": 1.2
      }
    },
    {
      "type": "Feature",
      "geometry": {
        "type": "Polygon",
        "coordinates": [
          [
            [
              -1.3604485195500076,
              -5.983716362176562
            ],
            [
              -1.3604516137178986,
              -5.983574467963458
            ],
            [
              -1.3606021296591848,
              -5.983577758046414
            ],
            [
              -1.3605990352212665,
              -5.983719652246863
            ],
            [
              -1.3604485195500076,
              -5.983716362176562
            ]
          ]
        ]
      },
      "properties": {
        "type": "building",
        "lod_level": 3,
        "height": 13.4,
        "building:levels": 4,
        "building:material": "plaster",
        "building:colour": "#f5f5f5",
        "building:type": "residential",
        "roof:shape": "flat",
        "roof:height": 1.8
      }
    },
    {
      "type": "Feature",
      "geometry": {
        "type": "Polygon",
        "coordinates": [
          [
            [
              -1.3654083172461038,
              -5.982793039433412
            ],
            [
              -1.3654140407093323,
              -5.982708421142767
            ],
            [
              -1.3654970919516032,
              -5.982714051962461
            ],
            [
              -1.3654913683998877,
              -5.982798670240169
            ],
            [
              -1.3654083172461038,
              -5.982793039433412
            ]
          ]
        ]
      },
      "properties": {
        "type": "building",
        "lod_level": 3,
        "height": 10.8,
        "building:levels": 4,
        "building:material": "brick",
        "building:colour": "#c8a882",
        "building:type": "commercial",
        "roof:shape": "flat",
        "roof:height": 1.2
      }
    },
    {
      "type": "Feature",
      "geometry": {
        "type": "Polygon",
        "coordinates": [
          [
            [
              -1.3629860619011314,
              -5.981357001370184
            ],
            [
              -1.3627902793598408,
              -5.981360890192918
            ],
            [
              -1.3627879739499813,
              -5.981244556379468
            ],
            [
              -1.3629837567792593,
              -5.981240667544463
            ],
            [
              -1.3629860619011314,
              -5.981357001370184
            ]
          ]
        ]
      },
      "properties": {
        "type": "building",
        "lod_level": 3,
        "height": 15.9,
        "building:levels": 5,
        "building:material": "concrete",
        "building:colour": "#b0bec5",
        "building:type": "residential",
        "roof:shape": "pyramidal",
        "roof:height": 1.2
      }
    },
    {
      "type": "Feature",
      "geometry": {
        "type": "Polygon",
        "coordinates": [
          [
            [
              -1.3633971168843246,
              -5.983784797289334
            ],
            [
              -1.3633933777646399,
              -5.983682223253177
            ],
            [
              -1.3635511119164316,
              -5.983676459947088
            ],
            [
              -1.36355485083173,
              -5.983779033999296
            ],
            [
              -1.3633971168843246,
              -5.983784797289334
            ]
          ]
        ]
      },
      "properties": {
        "type": "building",
        "lod_level": 3,
        "height": 6.3,
        "building:levels": 2,
        "building:material": "plaster",
        "building:colour": "#e0e0e0",
        "building:type": "residential",
        "roof:shape": "hipped",
        "roof:height": 1.0
      }
    },
    {
      "type": "Feature",
      "geometry": {
        "type": "Polygon",
        "coordinates": [
          [
            [
              -1.3634787022995545,
              -5.98472517472438
            ],
            [
              -1.3632661065967526,
              -5.984716630233235
            ],
            [
              -1.3632744744145715,
              -5.984507932079186
            ],
            [
              -1.3634870706776998,
              -5.984516476618776
            ],
            [
              -1.3634787022995545,
              -5.98472517472438
            ]
          ]
        ]
      },
      "properties": {
        "type": "building",
        "lod_level": 3,
        "height": 20.6,
        "building:levels": 7,
        "building:material": "glass",
        "building:colour": "#b3e5fc",
        "building:type": "office",
        "roof:shape": "flat",
        "roof:height": 1.0
      }
    },
    {
      "type": "Feature",
      "geometry": {
        "type": "Polygon",
        "coordinates": [
          [
            [
              -1.3631936839752559,
              -5.983718215785761
            ],
            [
              -1.3631862255062033,
              -5.983436259868825
            ],
            [
              -1.3633324336523645,
              -5.98343238326337
            ],
            [
              -1.363339891600326,
              -5.983714339209988
            ],
            [
              -1.3631936839752559,
              -5.983718215785761
            ]
          ]
        ]
      },
      "properties": {
        "type": "building",
        "lod_level": 3,
        "height": 20.5,
        "building:levels": 7,
        "building:material": "brick",
        "building:colour": "#c8a882",
        "building:type": "residential",
        "roof:shape": "flat",
        "roof:height": 2.5
      }
    },
    {
      "type": "Feature",
      "geometry": {
        "type": "Polygon",
        "coordinates": [
          [
            [
              -1.3610664437976046,
              -5.984629297833395
            ],
            [
              -1.361074708132154,
              -5.98453487120343
            ],
            [
              -1.3612284266835102,
              -5.984548356766209
            ],
            [
              -1.361220162166763,
              -5.9846427833615925
            ],
            [
              -1.3610664437976046,
              -5.984629297833395
            ]
          ]
        ]
      },
      "properties": {
        "type": "building",
        "lod_level": 3,
        "height": 8.7,
        "building:levels": 3,
        "building:material": "concrete",
        "building:colour": "#b0bec5",
        "building:type": "office",
        "roof:shape": "flat",
        "roof:height": 1.0
      }
    },
    {
      "type": "Feature",
      "geometry": {
        "type": "Polygon",
        "coordinates": [
          [
            [
              -1.363611858552875,
              -5.983005186335612
            ],
            [
              -1.3633853195672885,
              -5.9829740672246805
            ],
            [
              -1.363412242587714,
              -5.982777608861901
            ],
            [
              -1.3636387821256641,
              -5.982808728138841
            ],
            [
              -1.363611858552875,
              -5.983005186335612
            ]
          ]
        ]
      },
      "properties": {
        "type": "building",
        "lod_level": 3,
        "height": 32.8,
        "building:levels": 11,
        "building:material": "concrete",
        "building:colour": "#b0bec5",
        "building:type": "office",
        "roof:shape": "pyramidal",
        "roof:height": 4.4
      }
    },
    {
      "type": "Feature",
      "geometry": {
        "type": "Polygon",
        "coordinates": [
          [
            [
              -1.36055955447284,
              -5.984999745015038
            ],
            [
              -1.3605685479404113,
              -5.984911993149058
            ],
            [
              -1.360719756285311,
              -5.984927526836978
            ],
            [
              -1.3607107626516677,
              -5.985015278665941
            ],
            [
              -1.36055955447284,
              -5.984999745015038
            ]
          ]
        ]
      },
      "properties": {
        "type": "building",
        "lod_level": 3,
        "height": 19.1,
        "building:levels": 6,
        "building:material": "concrete",
        "building:colour": "#b0bec5",
        "building:type": "commercial",
        "roof:shape": "flat",
        "roof:height": 2.3
      }
    },
    {
      "type": "Feature",
      "geometry": {
        "type": "Polygon",
        "coordinates": [
          [
            [
              -1.362559159008191,
              -5.982788875277031
            ],
            [
              -1.3623779606779824,
              -5.982760531605275
            ],
            [
              -1.3623951259350575,
              -5.982650535184373
            ],
            [
              -1.3625763245112263,
              -5.982678878940778
            ],
            [
              -1.362559159008191,
              -5.982788875277031
            ]
          ]
        ]
      },
      "properties": {
        "type": "building",
        "lod_level": 3,
        "height": 12.1,
        "building:levels": 4,
        "building:material": "concrete",
        "building:colour": "#78909c",
        "building:type": "residential",
        "roof:shape": "gabled",
        "roof:height": 1.4
      }
    },
    {
      "type": "Feature",
      "geometry": {
        "type": "Polygon",
        "coordinates": [
          [
            [
              -1.3634847706028947,
              -5.981943228776027
            ],
            [
              -1.3634913344532682,
              -5.98175537326344
            ],
            [
              -1.3635870681118367,
              -5.981758726283466
            ],
            [
              -1.3635805040342557,
              -5.9819465817789705
            ],
            [
              -1.3634847706028947,
              -5.981943228776027
            ]
          ]
        ]
      },
      "properties": {
        "type": "building",
        "lod_level": 3,
        "height": 12.8,
        "building:levels": 4,
        "building:material": "concrete",
        "building:colour": "#78909c",
        "building:type": "residential",
        "roof:shape": "gabled",
        "roof:height": 1.3
      }
    },
    {
      "type": "Feature",
      "geometry": {
        "type": "Polygon",
        "coordinates": [
          [
            [
              -1.362772777868384,
              -5.983500274327531
            ],
            [
              -1.3627715940979248,
              -5.983346821289138
            ],
            [
              -1.362985259366384,
              -5.983345169416992
            ],
            [
              -1.3629864427221268,
              -5.983498622462247
            ],
            [
              -1.362772777868384,
              -5.983500274327531
            ]
          ]
        ]
      },
      "properties": {
        "type": "building",
        "lod_level": 3,
        "height": 7.8,
        "building:levels": 3,
        "building:material": "plaster",
        "building:colour": "#e0e0e0",
        "building:type": "industrial",
        "roof:shape": "gabled",
        "roof:height": 1.1
      }
    },
    {
      "type": "Feature",
      "geometry": {
        "type": "Polygon",
        "coordinates": [
          [
            [
              -1.362180913099927,
              -5.981576974284522
            ],
            [
              -1.3621987969303713,
              -5.981459491830909
            ],
            [
              -1.3623585297826002,
              -5.9814838651272595
            ],
            [
              -1.3623406457202982,
              -5.9816013475031
            ],
            [
              -1.362180913099927,
              -5.981576974284522
            ]
          ]
        ]
      },
      "properties": {
        "type": "building",
        "lod_level": 3,
        "height": 3.4,
        "building:levels": 1,
        "building:material": "brick",
        "building:colour": "#a0522d",
        "building:type": "industrial",
        "roof:shape": "gabled",
        "roof:height": 0.7
      }
    },
    {
      "type": "Feature",
      "geometry": {
        "type": "Polygon",
        "coordinates": [
          [
            [
              -1.3631197938406308,
              -5.9832994795802925
            ],
            [
              -1.3631217726080032,
              -5.9831547845521715
            ],
            [
              -1.3632342591963524,
              -5.983156326576915
            ],
            [
              -1.3632322802231356,
              -5.983301021599002
            ],
            [
              -1.3631197938406308,
              -5.9832994795802925
            ]
          ]
        ]
      },
      "properties": {
        "type": "building",
        "lod_level": 3,
        "height": 3.4,
        "building:levels": 1,
        "building:material": "plaster",
        "building:colour": "#eeeeee",
        "building:type": "residential",
        "roof:shape": "hipped",
        "roof:height": 0.9
      }
    },
    {
      "type": "Feature",
      "geometry": {
        "type": "Polygon",
        "coordinates": [
          [
            [
              -1.3635288981307094,
              -5.983243321898564
            ],
            [
              -1.363557248873499,
              -5.983059413925665
            ],
            [
              -1.3637944190973792,
              -5.983096062365578
            ],
            [
              -1.363766067816003,
              -5.983279970155496
            ],
            [
              -1.3635288981307094,
              -5.983243321898564
            ]
          ]
        ]
      },
      "properties": {
        "type": "building",
        "lod_level": 3,
        "height": 13.6,
        "building:levels": 5,
        "building:material": "plaster",
        "building:colour": "#e0e0e0",
        "building:type": "commercial",
        "roof:shape": "flat",
        "roof:height": 2.0
      }
    },
    {
      "type": "Feature",
      "geometry": {
        "type": "Polygon",
        "coordinates": [
          [
            [
              -1.3628385291281215,
              -5.9824067049151095
            ],
            [
              -1.3628554697605617,
              -5.982289674152484
            ],
            [
              -1.3629783936621997,
              -5.982307510113099
            ],
            [
              -1.3629614528516103,
              -5.982424540819054
            ],
            [
              -1.3628385291281215,
              -5.9824067049151095
            ]
          ]
        ]
      },
      "properties": {
        "type": "building",
        "lod_level": 3,
        "height": 3.0,
        "building:levels": 1,
        "building:material": "brick",
        "building:colour": "#b5895a",
        "building:type": "residential",
        "roof:shape": "flat",
        "roof:height": 0.9
      }
    },
    {
      "type": "Feature",
      "geometry": {
        "type": "Polygon",
        "coordinates": [
          [
            [
              -1.3643257072332768,
              -5.9845349031198944
            ],
            [
              -1.3642152165221462,
              -5.984527630087841
            ],
            [
              -1.364227028105933,
              -5.984347764971845
            ],
            [
              -1.3643375190673614,
              -5.984355038039426
            ],
            [
              -1.3643257072332768,
              -5.9845349031198944
            ]
          ]
        ]
      },
      "properties": {
        "type": "building",
        "lod_level": 3,
        "height": 21.9,
        "building:levels": 7,
        "building:material": "brick",
        "building:colour": "#b5895a",
        "building:type": "residential",
        "roof:shape": "flat",
        "roof:height": 1.9
      }
    },
    {
      "type": "Feature",
      "geometry": {
        "type": "Polygon",
        "coordinates": [
          [
            [
              -1.3651682811528698,
              -5.985701718252663
            ],
            [
              -1.3650387556721726,
              -5.985696036654036
            ],
            [
              -1.3650469887232655,
              -5.985507899045988
            ],
            [
              -1.3651765145116186,
              -5.985513580673625
            ],
            [
              -1.3651682811528698,
              -5.985701718252663
            ]
          ]
        ]
      },
      "properties": {
        "type": "building",
        "lod_level": 3,
        "height": 11.9,
        "building:levels": 4,
        "building:material": "concrete",
        "building:colour": "#78909c",
        "building:type": "office",
        "roof:shape": "pyramidal",
        "roof:height": 1.7
      }
    },
    {
      "type": "Feature",
      "geometry": {
        "type": "Polygon",
        "coordinates": [
          [
            [
              -1.3638777109544615,
              -5.985416718653074
            ],
            [
              -1.3638791368065382,
              -5.985261938033819
            ],
            [
              -1.3640684580241693,
              -5.985263686419061
            ],
            [
              -1.3640670318014572,
              -5.985418467030994
            ],
            [
              -1.3638777109544615,
              -5.985416718653074
            ]
          ]
        ]
      },
      "properties": {
        "type": "building",
        "lod_level": 3,
        "height": 3.6,
        "building:levels": 1,
        "building:material": "brick",
        "building:colour": "#b5895a",
        "building:type": "commercial",
        "roof:shape": "hipped",
        "roof:height": 0.7
      }
    },
    {
      "type": "Feature",
      "geometry": {
        "type": "Polygon",
        "coordinates": [
          [
            [
              -1.3640748714052677,
              -5.983402059788933
            ],
            [
              -1.364086688014875,
              -5.983208108071804
            ],
            [
              -1.3642688428713203,
              -5.9832192324349585
            ],
            [
              -1.3642570258164863,
              -5.983413184093509
            ],
            [
              -1.3640748714052677,
              -5.983402059788933
            ]
          ]
        ]
      },
      "properties": {
        "type": "building",
        "lod_level": 3,
        "height": 29.5,
        "building:levels": 10,
        "building:material": "concrete",
        "building:colour": "#b0bec5",
        "building:type": "residential",
        "roof:shape": "flat",
        "roof:height": 2.9
      }
    },
    {
      "type": "Feature",
      "geometry": {
        "type": "Polygon",
        "coordinates": [
          [
            [
              -1.3608085654827977,
              -5.985117181646074
            ],
            [
              -1.360820027604299,
              -5.984932372021319
            ],
            [
              -1.3609047436031783,
              -5.984937638662517
            ],
            [
              -1.360893281284399,
              -5.98512244826084
            ],
            [
              -1.3608085654827977,
              -5.985117181646074
            ]
          ]
        ]
      },
      "properties": {
        "type": "building",
        "lod_level": 3,
        "height": 27.4,
        "building:levels": 9,
        "building:material": "concrete",
        "building:colour": "#78909c",
        "building:type": "office",
        "roof:shape": "flat",
        "roof:height": 3.1
      }
    },
    {
      "type": "Feature",
      "geometry": {
        "type": "Polygon",
        "coordinates": [
          [
            [
              -1.362487336355225,
              -5.984814910217322
            ],
            [
              -1.3622836667774194,
              -5.984820927796146
            ],
            [
              -1.3622806945144708,
              -5.984720096296346
            ],
            [
              -1.3624843643518192,
              -5.984714078701045
            ],
            [
              -1.362487336355225,
              -5.984814910217322
            ]
          ]
        ]
      },
      "properties": {
        "type": "building",
        "lod_level": 3,
        "height": 8.2,
        "building:levels": 3,
        "building:material": "brick",
        "building:colour": "#b5895a",
        "building:type": "office",
        "roof:shape": "flat",
        "roof:height": 1.2
      }
    },
    {
      "type": "Feature",
      "geometry": {
        "type": "Polygon",
        "coordinates": [
          [
            [
              -1.3614010512086887,
              -5.984746832017369
            ],
            [
              -1.361409131011342,
              -5.984639230963589
            ],
            [
              -1.3615039661296104,
              -5.984646369041829
            ],
            [
              -1.3614958861986084,
              -5.984753970074749
            ],
            [
              -1.3614010512086887,
              -5.984746832017369
            ]
          ]
        ]
      },
      "properties": {
        "type": "building",
        "lod_level": 3,
        "height": 7.7,
        "building:levels": 3,
        "building:material": "wood",
        "building:colour": "#6d4c41",
        "building:type": "industrial",
        "roof:shape": "flat",
        "roof:height": 1.1
      }
    },
    {
      "type": "Feature",
      "geometry": {
        "type": "Polygon",
        "coordinates": [
          [
            [
              -1.3636210417288248,
              -5.981166142487499
            ],
            [
              -1.363485702337884,
              -5.981158803756027
            ],
            [
              -1.363494584661136,
              -5.980994606443016
            ],
            [
              -1.3636299243323489,
              -5.981001945207226
            ],
            [
              -1.3636210417288248,
              -5.981166142487499
            ]
          ]
        ]
      },
      "properties": {
        "type": "building",
        "lod_level": 3,
        "height": 27.6,
        "building:levels": 9,
        "building:material": "brick",
        "building:colour": "#b5895a",
        "building:type": "office",
        "roof:shape": "flat",
        "roof:height": 3.8
      }
    },
    {
      "type": "Feature",
      "geometry": {
        "type": "Polygon",
        "coordinates": [
          [
            [
              -1.3625924071639746,
              -5.984722102454325
            ],
            [
              -1.3625917990024137,
              -5.9845936011504275
            ],
            [
              -1.3627157117470239,
              -5.984593013417535
            ],
            [
              -1.3627163197071752,
              -5.984721514723451
            ],
            [
              -1.3625924071639746,
              -5.984722102454325
            ]
          ]
        ]
      },
      "properties": {
        "type": "building",
        "lod_level": 3,
        "height": 37.0,
        "building:levels": 12,
        "building:material": "concrete",
        "building:colour": "#b0bec5",
        "building:type": "residential",
        "roof:shape": "gabled",
        "roof:height": 2.3
      }
    },
    {
      "type": "Feature",
      "geometry": {
        "type": "Polygon",
        "coordinates": [
          [
            [
              -1.3634533917962415,
              -5.981849629758549
            ],
            [
              -1.3632822189288563,
              -5.981842845303175
            ],
            [
              -1.3632876663869304,
              -5.981705075492152
            ],
            [
              -1.3634588395521485,
              -5.981711859972899
            ],
            [
              -1.3634533917962415,
              -5.981849629758549
            ]
          ]
        ]
      },
      "properties": {
        "type": "building",
        "lod_level": 3,
        "height": 45.1,
        "building:levels": 15,
        "building:material": "brick",
        "building:colour": "#a0522d",
        "building:type": "office",
        "roof:shape": "flat",
        "roof:height": 3.3
      }
    },
    {
      "type": "Feature",
      "geometry": {
        "type": "Polygon",
        "coordinates": [
          [
            [
              -1.362402945465207,
              -5.984340763076929
            ],
            [
              -1.3624314858618363,
              -5.984077157296544
            ],
            [
              -1.3626708979982427,
              -5.9841031399229365
            ],
            [
              -1.3626423568126917,
              -5.984366745517363
            ],
            [
              -1.362402945465207,
              -5.984340763076929
            ]
          ]
        ]
      },
      "properties": {
        "type": "building",
        "lod_level": 3,
        "height": 7.9,
        "building:levels": 3,
        "building:material": "plaster",
        "building:colour": "#eeeeee",
        "building:type": "commercial",
        "roof:shape": "flat",
        "roof:height": 1.1
      }
    },
    {
      "type": "Feature",
      "geometry": {
        "type": "Polygon",
        "coordinates": [
          [
            [
              -1.3622329896614207,
              -5.98429985907405
            ],
            [
              -1.3622459390567718,
              -5.984191123967711
            ],
            [
              -1.3623697457025115,
              -5.9842059031933745
            ],
            [
              -1.3623567961392955,
              -5.984314638256091
            ],
            [
              -1.3622329896614207,
              -5.98429985907405
            ]
          ]
        ]
      },
      "properties": {
        "type": "building",
        "lod_level": 3,
        "height": 25.3,
        "building:levels": 8,
        "building:material": "brick",
        "building:colour": "#a0522d",
        "building:type": "residential",
        "roof:shape": "gabled",
        "roof:height": 1.9
      }
    },
    {
      "type": "Feature",
      "geometry": {
        "type": "Polygon",
        "coordinates": [
          [
            [
              -1.3637350484000381,
              -5.985253687555889
            ],
            [
              -1.3637335009729143,
              -5.985082277116296
            ],
            [
              -1.363888094205306,
              -5.985080878365964
            ],
            [
              -1.3638896412972636,
              -5.985252288812065
            ],
            [
              -1.3637350484000381,
              -5.985253687555889
            ]
          ]
        ]
      },
      "properties": {
        "type": "building",
        "lod_level": 3,
        "height": 7.7,
        "building:levels": 3,
        "building:material": "brick",
        "building:colour": "#b5895a",
        "building:type": "industrial",
        "roof:shape": "gabled",
        "roof:height": 1.1
      }
    },
    {
      "type": "Feature",
      "geometry": {
        "type": "Polygon",
        "coordinates": [
          [
            [
              -1.3646031327345696,
              -5.985519227032035
            ],
            [
              -1.3646228359765682,
              -5.985298607318052
            ],
            [
              -1.3647552030038888,
              -5.98531045684177
            ],
            [
              -1.3647354993954488,
              -5.985531076484762
            ],
            [
              -1.3646031327345696,
              -5.985519227032035
            ]
          ]
        ]
      },
      "properties": {
        "type": "building",
        "lod_level": 3,
        "height": 14.4,
        "building:levels": 5,
        "building:material": "concrete",
        "building:colour": "#b0bec5",
        "building:type": "residential",
        "roof:shape": "flat",
        "roof:height": 1.2
      }
    },
    {
      "type": "Feature",
      "geometry": {
        "type": "Polygon",
        "coordinates": [
          [
            [
              -1.3629366651431503,
              -5.984074576795829
            ],
            [
              -1.362685197700788,
              -5.984072110590216
            ],
            [
              -1.3626873636522558,
              -5.983850701039515
            ],
            [
              -1.3629388317988302,
              -5.983853167259952
            ],
            [
              -1.3629366651431503,
              -5.984074576795829
            ]
          ]
        ]
      },
      "properties": {
        "type": "building",
        "lod_level": 3,
        "height": 12.3,
        "building:levels": 4,
        "building:material": "plaster",
        "building:colour": "#e0e0e0",
        "building:type": "commercial",
        "roof:shape": "gabled",
        "roof:height": 1.1
      }
    },
    {
      "type": "Feature",
      "geometry": {
        "type": "Polygon",
        "coordinates": [
          [
            [
              -1.3642194965207022,
              -5.986491191410348
            ],
            [
              -1.3642321523697225,
              -5.986342970265454
            ],
            [
              -1.364320879390655,
              -5.986350564109008
            ],
            [
              -1.3643082233764938,
              -5.986498785223348
            ],
            [
              -1.3642194965207022,
              -5.986491191410348
            ]
          ]
        ]
      },
      "properties": {
        "type": "building",
        "lod_level": 3,
        "height": 25.4,
        "building:levels": 8,
        "building:material": "glass",
        "building:colour": "#4fc3f7",
        "building:type": "residential",
        "roof:shape": "gabled",
        "roof:height": 2.6
      }
    },
    {
      "type": "Feature",
      "geometry": {
        "type": "Polygon",
        "coordinates": [
          [
            [
              -1.3603426985669433,
              -5.983194393778476
            ],
            [
              -1.3603464452309992,
              -5.983053075102141
            ],
            [
              -1.3605302103075438,
              -5.9830579588614805
            ],
            [
              -1.360526463315226,
              -5.983199277519061
            ],
            [
              -1.3603426985669433,
              -5.983194393778476
            ]
          ]
        ]
      },
      "properties": {
        "type": "building",
        "lod_level": 3,
        "height": 21.1,
        "building:levels": 7,
        "building:material": "brick",
        "building:colour": "#a0522d",
        "building:type": "residential",
        "roof:shape": "gabled",
        "roof:height": 2.3
      }
    },
    {
      "type": "Feature",
      "geometry": {
        "type": "Polygon",
        "coordinates": [
          [
            [
              -1.362118051294599,
              -5.981906455469078
            ],
            [
              -1.361934595325595,
              -5.981882958482459
            ],
            [
              -1.3619473789468277,
              -5.981782911057699
            ],
            [
              -1.3621308351442012,
              -5.981806408108131
            ],
            [
              -1.362118051294599,
              -5.981906455469078
            ]
          ]
        ]
      },
      "properties": {
        "type": "building",
        "lod_level": 3,
        "height": 7.8,
        "building:levels": 3,
        "building:material": "brick",
        "building:colour": "#c8a882",
        "building:type": "commercial",
        "roof:shape": "hipped",
        "roof:height": 1.1
      }
    },
    {
      "type": "Feature",
      "geometry": {
        "type": "Polygon",
        "coordinates": [
          [
            [
              -1.3633064545383138,
              -5.986356867787836
            ],
            [
              -1.3631139447011689,
              -5.9863530041692945
            ],
            [
              -1.3631173206186848,
              -5.986184388504082
            ],
            [
              -1.363309830866266,
              -5.98618825214032
            ],
            [
              -1.3633064545383138,
              -5.986356867787836
            ]
          ]
        ]
      },
      "properties": {
        "type": "building",
        "lod_level": 3,
        "height": 33.7,
        "building:levels": 11,
        "building:material": "concrete",
        "building:colour": "#9e9e9e",
        "building:type": "office",
        "roof:shape": "flat",
        "roof:height": 4.5
      }
    },
    {
      "type": "Feature",
      "geometry": {
        "type": "Polygon",
        "coordinates": [
          [
            [
              -1.3635387459833401,
              -5.985160879730905
            ],
            [
              -1.363427587856969,
              -5.985144338161234
            ],
            [
              -1.363442046568119,
              -5.985046947060495
            ],
            [
              -1.3635532048284043,
              -5.98506348867391
            ],
            [
              -1.3635387459833401,
              -5.985160879730905
            ]
          ]
        ]
      },
      "properties": {
        "type": "building",
        "lod_level": 3,
        "height": 24.3,
        "building:levels": 8,
        "building:material": "glass",
        "building:colour": "#4fc3f7",
        "building:type": "office",
        "roof:shape": "flat",
        "roof:height": 2.2
      }
    },
    {
      "type": "Feature",
      "geometry": {
        "type": "Polygon",
        "coordinates": [
          [
            [
              -1.3612559491084537,
              -5.983581097745037
            ],
            [
              -1.3612774274538044,
              -5.983406350938445
            ],
            [
              -1.3614818499397645,
              -5.983431536486953
            ],
            [
              -1.3614603711493976,
              -5.983606283174017
            ],
            [
              -1.3612559491084537,
              -5.983581097745037
            ]
          ]
        ]
      },
      "properties": {
        "type": "building",
        "lod_level": 3,
        "height": 9.2,
        "building:levels": 3,
        "building:material": "plaster",
        "building:colour": "#e0e0e0",
        "building:type": "residential",
        "roof:shape": "flat",
        "roof:height": 1.3
      }
    },
    {
      "type": "Feature",
      "geometry": {
        "type": "Polygon",
        "coordinates": [
          [
            [
              -1.3638783486600858,
              -5.985786022706513
            ],
            [
              -1.3637697209701762,
              -5.9857885543975895
            ],
            [
              -1.363765825093182,
              -5.985621004512628
            ],
            [
              -1.3638744530131905,
              -5.985618472810049
            ],
            [
              -1.3638783486600858,
              -5.985786022706513
            ]
          ]
        ]
      },
      "properties": {
        "type": "building",
        "lod_level": 3,
        "height": 15.3,
        "building:levels": 5,
        "building:material": "plaster",
        "building:colour": "#eeeeee",
        "building:type": "residential",
        "roof:shape": "flat",
        "roof:height": 1.1
      }
    },
    {
      "type": "Feature",
      "geometry": {
        "type": "Polygon",
        "coordinates": [
          [
            [
              -1.3648718271701588,
              -5.986093200595063
            ],
            [
              -1.3648810238282756,
              -5.985914314046053
            ],
            [
              -1.3649897712760457,
              -5.985919918067196
            ],
            [
              -1.3649805743725085,
              -5.986098804588981
            ],
            [
              -1.3648718271701588,
              -5.986093200595063
            ]
          ]
        ]
      },
      "properties": {
        "type": "building",
        "lod_level": 3,
        "height": 18.2,
        "building:levels": 6,
        "building:material": "concrete",
        "building:colour": "#9e9e9e",
        "building:type": "office",
        "roof:shape": "flat",
        "roof:height": 1.7
      }
    },
    {
      "type": "Feature",
      "geometry": {
        "type": "Polygon",
        "coordinates": [
          [
            [
              -1.3602582836900532,
              -5.984055418214364
            ],
            [
              -1.360273387614541,
              -5.983896509397242
            ],
            [
              -1.3604438786907005,
              -5.9839127526927465
            ],
            [
              -1.3604287744266135,
              -5.984071661439813
            ],
            [
              -1.3602582836900532,
              -5.984055418214364
            ]
          ]
        ]
      },
      "properties": {
        "type": "building",
        "lod_level": 3,
        "height": 8.0,
        "building:levels": 3,
        "building:material": "brick",
        "building:colour": "#b5895a",
        "building:type": "residential",
        "roof:shape": "pyramidal",
        "roof:height": 1.2
      }
    },
    {
      "type": "Feature",
      "geometry": {
        "type": "Polygon",
        "coordinates": [
          [
            [
              -1.3631222391290267,
              -5.98296361577414
            ],
            [
              -1.3631230215954626,
              -5.982711150382954
            ],
            [
              -1.3632845003281597,
              -5.982711652205456
            ],
            [
              -1.3632837173460473,
              -5.982964117593212
            ],
            [
              -1.3631222391290267,
              -5.98296361577414
            ]
          ]
        ]
      },
      "properties": {
        "type": "building",
        "lod_level": 3,
        "height": 14.8,
        "building:levels": 5,
        "building:material": "brick",
        "building:colour": "#a0522d",
        "building:type": "office",
        "roof:shape": "pyramidal",
        "roof:height": 1.4
      }
    },
    {
      "type": "Feature",
      "geometry": {
        "type": "Polygon",
        "coordinates": [
          [
            [
              -1.3622350263304825,
              -5.983259646123987
            ],
            [
              -1.3622248405938824,
              -5.983017103276867
            ],
            [
              -1.3623353213570197,
              -5.983012452658266
            ],
            [
              -1.3623455067552661,
              -5.983254995536001
            ],
            [
              -1.3622350263304825,
              -5.983259646123987
            ]
          ]
        ]
      },
      "properties": {
        "type": "building",
        "lod_level": 3,
        "height": 23.9,
        "building:levels": 8,
        "building:material": "concrete",
        "building:colour": "#78909c",
        "building:type": "residential",
        "roof:shape": "flat",
        "roof:height": 1.4
      }
    },
    {
      "type": "Feature",
      "geometry": {
        "type": "Polygon",
        "coordinates": [
          [
            [
              -1.363602986217814,
              -5.984210457353683
            ],
            [
              -1.363619908496267,
              -5.9839469174406545
            ],
            [
              -1.363786687097219,
              -5.983957652039163
            ],
            [
              -1.3637697642650919,
              -5.984221191875379
            ],
            [
              -1.363602986217814,
              -5.984210457353683
            ]
          ]
        ]
      },
      "properties": {
        "type": "building",
        "lod_level": 3,
        "height": 17.0,
        "building:levels": 6,
        "building:material": "brick",
        "building:colour": "#c8a882",
        "building:type": "office",
        "roof:shape": "pyramidal",
        "roof:height": 1.4
      }
    },
    {
      "type": "Feature",
      "geometry": {
        "type": "Polygon",
        "coordinates": [
          [
            [
              -1.363061112897264,
              -5.986752492118256
            ],
            [
              -1.3629544507170417,
              -5.986750316917741
            ],
            [
              -1.3629567005062473,
              -5.986639734041362
            ],
            [
              -1.3630633628356068,
              -5.98664190924839
            ],
            [
              -1.363061112897264,
              -5.986752492118256
            ]
          ]
        ]
      },
      "properties": {
        "type": "building",
        "lod_level": 3,
        "height": 4.1,
        "building:levels": 1,
        "building:material": "plaster",
        "building:colour": "#eeeeee",
        "building:type": "residential",
        "roof:shape": "hipped",
        "roof:height": 1.0
      }
    },
    {
      "type": "Feature",
      "geometry": {
        "type": "Polygon",
        "coordinates": [
          [
            [
              -1.3619736287290922,
              -5.983247603056658
            ],
            [
              -1.361790895497879,
              -5.9832191901470475
            ],
            [
              -1.361808109005644,
              -5.983108221403022
            ],
            [
              -1.3619908424871698,
              -5.983136634398227
            ],
            [
              -1.3619736287290922,
              -5.983247603056658
            ]
          ]
        ]
      },
      "properties": {
        "type": "building",
        "lod_level": 3,
        "height": 3.7,
        "building:levels": 1,
        "building:material": "wood",
        "building:colour": "#795548",
        "building:type": "commercial",
        "roof:shape": "hipped",
        "roof:height": 0.9
      }
    },
    {
      "type": "Feature",
      "geometry": {
        "type": "Polygon",
        "coordinates": [
          [
            [
              -1.364081666537207,
              -5.98493381586054
            ],
            [
              -1.3638320240302142,
              -5.984932980130327
            ],
            [
              -1.363832340341005,
              -5.984838226632985
            ],
            [
              -1.3640819831472077,
              -5.984839062365348
            ],
            [
              -1.364081666537207,
              -5.98493381586054
            ]
          ]
        ]
      },
      "properties": {
        "type": "building",
        "lod_level": 3,
        "height": 13.4,
        "building:levels": 4,
        "building:material": "concrete",
        "building:colour": "#9e9e9e",
        "building:type": "office",
        "roof:shape": "gabled",
        "roof:height": 1.7
      }
    },
    {
      "type": "Feature",
      "geometry": {
        "type": "Polygon",
        "coordinates": [
          [
            [
              -1.365260055004788,
              -5.982101986206571
            ],
            [
              -1.3651686323012486,
              -5.9820900701180095
            ],
            [
              -1.3651893518212466,
              -5.98193072826814
            ],
            [
              -1.3652807747059312,
              -5.981942644408269
            ],
            [
              -1.365260055004788,
              -5.982101986206571
            ]
          ]
        ]
      },
      "properties": {
        "type": "building",
        "lod_level": 3,
        "height": 31.2,
        "building:levels": 10,
        "building:material": "concrete",
        "building:colour": "#b0bec5",
        "building:type": "office",
        "roof:shape": "flat",
        "roof:height": 4.6
      }
    },
    {
      "type": "Feature",
      "geometry": {
        "type": "Polygon",
        "coordinates": [
          [
            [
              -1.363277211929722,
              -5.983222584975973
            ],
            [
              -1.363156186701515,
              -5.983227860937746
            ],
            [
              -1.3631465059690306,
              -5.983005273461053
            ],
            [
              -1.3632675315373473,
              -5.982999997467367
            ],
            [
              -1.363277211929722,
              -5.983222584975973
            ]
          ]
        ]
      },
      "properties": {
        "type": "building",
        "lod_level": 3,
        "height": 13.0,
        "building:levels": 4,
        "building:material": "brick",
        "building:colour": "#c8a882",
        "building:type": "residential",
        "roof:shape": "gabled",
        "roof:height": 1.0
      }
    },
    {
      "type": "Feature",
      "geometry": {
        "type": "Polygon",
        "coordinates": [
          [
            [
              -1.3625673167463246,
              -5.984034861485231
            ],
            [
              -1.3623707361119908,
              -5.984025860999688
            ],
            [
              -1.3623782581461559,
              -5.983861178790591
            ],
            [
              -1.3625748391891328,
              -5.983870179316361
            ],
            [
              -1.3625673167463246,
              -5.984034861485231
            ]
          ]
        ]
      },
      "properties": {
        "type": "building",
        "lod_level": 3,
        "height": 19.0,
        "building:levels": 6,
        "building:material": "brick",
        "building:colour": "#c8a882",
        "building:type": "office",
        "roof:shape": "flat",
        "roof:height": 2.0
      }
    },
    {
      "type": "Feature",
      "geometry": {
        "type": "Polygon",
        "coordinates": [
          [
            [
              -1.361719661686647,
              -5.982540896233508
            ],
            [
              -1.3615628212832314,
              -5.9825208206969425
            ],
            [
              -1.3615770588219294,
              -5.982409325433744
            ],
            [
              -1.3617338994429267,
              -5.98242940103108
            ],
            [
              -1.361719661686647,
              -5.982540896233508
            ]
          ]
        ]
      },
      "properties": {
        "type": "building",
        "lod_level": 3,
        "height": 8.5,
        "building:levels": 3,
        "building:material": "concrete",
        "building:colour": "#78909c",
        "building:type": "residential",
        "roof:shape": "flat",
        "roof:height": 1.1
      }
    },
    {
      "type": "Feature",
      "geometry": {
        "type": "Polygon",
        "coordinates": [
          [
            [
              -1.3640406548125854,
              -5.982454822177536
            ],
            [
              -1.3640579014738752,
              -5.982340463156617
            ],
            [
              -1.3642464118788102,
              -5.98236896031485
            ],
            [
              -1.3642291649510474,
              -5.982483319247261
            ],
            [
              -1.3640406548125854,
              -5.982454822177536
            ]
          ]
        ]
      },
      "properties": {
        "type": "building",
        "lod_level": 3,
        "height": 30.8,
        "building:levels": 10,
        "building:material": "concrete",
        "building:colour": "#78909c",
        "building:type": "office",
        "roof:shape": "flat",
        "roof:height": 2.0
      }
    },
    {
      "type": "Feature",
      "geometry": {
        "type": "Polygon",
        "coordinates": [
          [
            [
              -1.365127382331198,
              -5.98352448115261
            ],
            [
              -1.3649224022910256,
              -5.983519981933759
            ],
            [
              -1.3649252650757326,
              -5.983389240119286
            ],
            [
              -1.3651302454547352,
              -5.983393739354106
            ],
            [
              -1.365127382331198,
              -5.98352448115261
            ]
          ]
        ]
      },
      "properties": {
        "type": "building",
        "lod_level": 3,
        "height": 11.8,
        "building:levels": 4,
        "building:material": "plaster",
        "building:colour": "#eeeeee",
        "building:type": "office",
        "roof:shape": "gabled",
        "roof:height": 1.5
      }
    },
    {
      "type": "Feature",
      "geometry": {
        "type": "Polygon",
        "coordinates": [
          [
            [
              -1.36116644482907,
              -5.985586347177265
            ],
            [
              -1.3611885079706416,
              -5.985400698695264
            ],
            [
              -1.3613385181663389,
              -5.9854185686559855
            ],
            [
              -1.3613164546774832,
              -5.9856042170478965
            ],
            [
              -1.36116644482907,
              -5.985586347177265
            ]
          ]
        ]
      },
      "properties": {
        "type": "building",
        "lod_level": 3,
        "height": 4.0,
        "building:levels": 1,
        "building:material": "wood",
        "building:colour": "#795548",
        "building:type": "commercial",
        "roof:shape": "gabled",
        "roof:height": 1.0
      }
    },
    {
      "type": "Feature",
      "geometry": {
        "type": "Polygon",
        "coordinates": [
          [
            [
              -1.3631265727355275,
              -5.983788278980137
            ],
            [
              -1.3631304810554903,
              -5.983649089812496
            ],
            [
              -1.3632632535333116,
              -5.983652826887345
            ],
            [
              -1.363259344979768,
              -5.98379201604087
            ],
            [
              -1.3631265727355275,
              -5.983788278980137
            ]
          ]
        ]
      },
      "properties": {
        "type": "building",
        "lod_level": 3,
        "height": 9.8,
        "building:levels": 3,
        "building:material": "brick",
        "building:colour": "#b5895a",
        "building:type": "commercial",
        "roof:shape": "flat",
        "roof:height": 1.3
      }
    },
    {
      "type": "Feature",
      "geometry": {
        "type": "Polygon",
        "coordinates": [
          [
            [
              -1.3611778708464968,
              -5.984202758872239
            ],
            [
              -1.3610702717208665,
              -5.984206016467554
            ],
            [
              -1.3610658426460944,
              -5.98405938089855
            ],
            [
              -1.361173441971122,
              -5.984056123290256
            ],
            [
              -1.3611778708464968,
              -5.984202758872239
            ]
          ]
        ]
      },
      "properties": {
        "type": "building",
        "lod_level": 3,
        "height": 17.0,
        "building:levels": 6,
        "building:material": "concrete",
        "building:colour": "#9e9e9e",
        "building:type": "residential",
        "roof:shape": "pyramidal",
        "roof:height": 2.4
      }
    },
    {
      "type": "Feature",
      "geometry": {
        "type": "Polygon",
        "coordinates": [
          [
            [
              -1.3619739997659221,
              -5.9834608285752715
            ],
            [
              -1.3619865896166603,
              -5.983344319525027
            ],
            [
              -1.3620982526109362,
              -5.983356414349295
            ],
            [
              -1.3620856625975595,
              -5.9834729233612585
            ],
            [
              -1.3619739997659221,
              -5.9834608285752715
            ]
          ]
        ]
      },
      "properties": {
        "type": "building",
        "lod_level": 3,
        "height": 10.7,
        "building:levels": 4,
        "building:material": "concrete",
        "building:colour": "#9e9e9e",
        "building:type": "residential",
        "roof:shape": "flat",
        "roof:height": 1.1
      }
    },
    {
      "type": "Feature",
      "geometry": {
        "type": "Polygon",
        "coordinates": [
          [
            [
              -1.363435214510467,
              -5.982808536365551
            ],
            [
              -1.363343783327719,
              -5.98279478454605
            ],
            [
              -1.363377680638349,
              -5.982568878582948
            ],
            [
              -1.3634691120764701,
              -5.982582630486803
            ],
            [
              -1.363435214510467,
              -5.982808536365551
            ]
          ]
        ]
      },
      "properties": {
        "type": "building",
        "lod_level": 3,
        "height": 9.9,
        "building:levels": 3,
        "building:material": "concrete",
        "building:colour": "#9e9e9e",
        "building:type": "residential",
        "roof:shape": "gabled",
        "roof:height": 1.1
      }
    },
    {
      "type": "Feature",
      "geometry": {
        "type": "Polygon",
        "coordinates": [
          [
            [
              -1.3617229380481783,
              -5.981468938688762
            ],
            [
              -1.3616396824934263,
              -5.981457646507587
            ],
            [
              -1.3616581548637283,
              -5.981321128901507
            ],
            [
              -1.3617414105596128,
              -5.981332421124564
            ],
            [
              -1.3617229380481783,
              -5.981468938688762
            ]
          ]
        ]
      },
      "properties": {
        "type": "building",
        "lod_level": 3,
        "height": 3.0,
        "building:levels": 1,
        "building:material": "wood",
        "building:colour": "#8d6e63",
        "building:type": "commercial",
        "roof:shape": "flat",
        "roof:height": 0.7
      }
    },
    {
      "type": "Feature",
      "geometry": {
        "type": "Polygon",
        "coordinates": [
          [
            [
              -1.3634218395417448,
              -5.983806896727357
            ],
            [
              -1.3634378501313806,
              -5.983701817860375
            ],
            [
              -1.3636166865558217,
              -5.9837291313455525
            ],
            [
              -1.3636006757340118,
              -5.98383421013461
            ],
            [
              -1.3634218395417448,
              -5.983806896727357
            ]
          ]
        ]
      },
      "properties": {
        "type": "building",
        "lod_level": 3,
        "height": 15.4,
        "building:levels": 5,
        "building:material": "brick",
        "building:colour": "#c8a882",
        "building:type": "office",
        "roof:shape": "flat",
        "roof:height": 2.3
      }
    },
    {
      "type": "Feature",
      "geometry": {
        "type": "Polygon",
        "coordinates": [
          [
            [
              -1.3627784948740624,
              -5.983719096227295
            ],
            [
              -1.3625932246748333,
              -5.983718011366367
            ],
            [
              -1.362593847068912,
              -5.983611447626636
            ],
            [
              -1.3627791175178678,
              -5.983612532490708
            ],
            [
              -1.3627784948740624,
              -5.983719096227295
            ]
          ]
        ]
      },
      "properties": {
        "type": "building",
        "lod_level": 3,
        "height": 10.9,
        "building:levels": 4,
        "building:material": "concrete",
        "building:colour": "#b0bec5",
        "building:type": "residential",
        "roof:shape": "flat",
        "roof:height": 1.6
      }
    },
    {
      "type": "Feature",
      "geometry": {
        "type": "Polygon",
        "coordinates": [
          [
            [
              -1.3622980345290279,
              -5.98134131795065
            ],
            [
              -1.3621973825679459,
              -5.981344860533343
            ],
            [
              -1.362192691410702,
              -5.981211261446682
            ],
            [
              -1.3622933435416686,
              -5.981207718851145
            ],
            [
              -1.3622980345290279,
              -5.98134131795065
            ]
          ]
        ]
      },
      "properties": {
        "type": "building",
        "lod_level": 3,
        "height": 18.8,
        "building:levels": 6,
        "building:material": "concrete",
        "building:colour": "#78909c",
        "building:type": "commercial",
        "roof:shape": "flat",
        "roof:height": 2.4
      }
    },
    {
      "type": "Feature",
      "geometry": {
        "type": "Polygon",
        "coordinates": [
          [
            [
              -1.3621688519557458,
              -5.986614430255173
            ],
            [
              -1.3620856812944182,
              -5.986608203462956
            ],
            [
              -1.3620948482564919,
              -5.986485472265163
            ],
            [
              -1.3621780190462167,
              -5.986491699078122
            ],
            [
              -1.3621688519557458,
              -5.986614430255173
            ]
          ]
        ]
      },
      "properties": {
        "type": "building",
        "lod_level": 3,
        "height": 20.0,
        "building:levels": 7,
        "building:material": "brick",
        "building:colour": "#b5895a",
        "building:type": "residential",
        "roof:shape": "gabled",
        "roof:height": 2.4
      }
    },
    {
      "type": "Feature",
      "geometry": {
        "type": "Polygon",
        "coordinates": [
          [
            [
              -1.3622015096466367,
              -5.985880328430468
            ],
            [
              -1.362216826316705,
              -5.985660308767013
            ],
            [
              -1.3623681015550815,
              -5.985670864775253
            ],
            [
              -1.3623527844660444,
              -5.985890884375639
            ],
            [
              -1.3622015096466367,
              -5.985880328430468
            ]
          ]
        ]
      },
      "properties": {
        "type": "building",
        "lod_level": 3,
        "height": 27.6,
        "building:levels": 9,
        "building:material": "glass",
        "building:colour": "#b3e5fc",
        "building:type": "office",
        "roof:shape": "flat",
        "roof:height": 1.7
      }
    },
    {
      "type": "Feature",
      "geometry": {
        "type": "Polygon",
        "coordinates": [
          [
            [
              -1.3644203767448633,
              -5.982314064085586
            ],
            [
              -1.3644151666057645,
              -5.9821559015783095
            ],
            [
              -1.3645628384288433,
              -5.982151025624282
            ],
            [
              -1.3645680482728249,
              -5.982309188152495
            ],
            [
              -1.3644203767448633,
              -5.982314064085586
            ]
          ]
        ]
      },
      "properties": {
        "type": "building",
        "lod_level": 3,
        "height": 5.6,
        "building:levels": 2,
        "building:material": "wood",
        "building:colour": "#8d6e63",
        "building:type": "residential",
        "roof:shape": "hipped",
        "roof:height": 1.0
      }
    },
    {
      "type": "Feature",
      "geometry": {
        "type": "Polygon",
        "coordinates": [
          [
            [
              -1.3619940475177654,
              -5.982146312556957
            ],
            [
              -1.3617815885769406,
              -5.982121324340937
            ],
            [
              -1.3618037883414724,
              -5.98193212443819
            ],
            [
              -1.3620162477837447,
              -5.981957112782599
            ],
            [
              -1.3619940475177654,
              -5.982146312556957
            ]
          ]
        ]
      },
      "properties": {
        "type": "building",
        "lod_level": 3,
        "height": 29.5,
        "building:levels": 10,
        "building:material": "brick",
        "building:colour": "#c8a882",
        "building:type": "commercial",
        "roof:shape": "flat",
        "roof:height": 2.4
      }
    },
    {
      "type": "Feature",
      "geometry": {
        "type": "Polygon",
        "coordinates": [
          [
            [
              -1.3630611223878142,
              -5.986166942910169
            ],
            [
              -1.3628893114412317,
              -5.986174552541651
            ],
            [
              -1.3628847434085252,
              -5.986071174775935
            ],
            [
              -1.3630565545793374,
              -5.986063565123094
            ],
            [
              -1.3630611223878142,
              -5.986166942910169
            ]
          ]
        ]
      },
      "properties": {
        "type": "building",
        "lod_level": 3,
        "height": 25.8,
        "building:levels": 9,
        "building:material": "glass",
        "building:colour": "#b3e5fc",
        "building:type": "residential",
        "roof:shape": "gabled",
        "roof:height": 3.3
      }
    },
    {
      "type": "Feature",
      "geometry": {
        "type": "Polygon",
        "coordinates": [
          [
            [
              -1.3628354887622294,
              -5.983340286668855
            ],
            [
              -1.3626972235629395,
              -5.983319810235808
            ],
            [
              -1.3627203271736694,
              -5.983163435370232
            ],
            [
              -1.362858592640468,
              -5.983183911890217
            ],
            [
              -1.3628354887622294,
              -5.983340286668855
            ]
          ]
        ]
      },
      "properties": {
        "type": "building",
        "lod_level": 3,
        "height": 16.7,
        "building:levels": 6,
        "building:material": "brick",
        "building:colour": "#a0522d",
        "building:type": "residential",
        "roof:shape": "flat",
        "roof:height": 2.1
      }
    },
    {
      "type": "Feature",
      "geometry": {
        "type": "Polygon",
        "coordinates": [
          [
            [
              -1.3658169461103322,
              -5.984894612381075
            ],
            [
              -1.3656738657131344,
              -5.984891265705401
            ],
            [
              -1.3656772506711456,
              -5.984746201572401
            ],
            [
              -1.3658203313307478,
              -5.984749548261239
            ],
            [
              -1.3658169461103322,
              -5.984894612381075
            ]
          ]
        ]
      },
      "properties": {
        "type": "building",
        "lod_level": 3,
        "height": 30.2,
        "building:levels": 10,
        "building:material": "concrete",
        "building:colour": "#78909c",
        "building:type": "residential",
        "roof:shape": "flat",
        "roof:height": 3.7
      }
    },
    {
      "type": "Feature",
      "geometry": {
        "type": "Polygon",
        "coordinates": [
          [
            [
              -1.3604110631040094,
              -5.983392723644078
            ],
            [
              -1.3602286796171779,
              -5.983365428935103
            ],
            [
              -1.360250673459188,
              -5.983218117178429
            ],
            [
              -1.360433057278276,
              -5.98324541199659
            ],
            [
              -1.3604110631040094,
              -5.983392723644078
            ]
          ]
        ]
      },
      "properties": {
        "type": "building",
        "lod_level": 3,
        "height": 6.9,
        "building:levels": 2,
        "building:material": "brick",
        "building:colour": "#a0522d",
        "building:type": "residential",
        "roof:shape": "gabled",
        "roof:height": 1.0
      }
    },
    {
      "type": "Feature",
      "geometry": {
        "type": "Polygon",
        "coordinates": [
          [
            [
              -1.363201860584782,
              -5.98414166938291
            ],
            [
              -1.3629835795688927,
              -5.984133653862701
            ],
            [
              -1.3629902676166967,
              -5.9839510859135245
            ],
            [
              -1.3632085491359969,
              -5.983959101473461
            ],
            [
              -1.363201860584782,
              -5.98414166938291
            ]
          ]
        ]
      },
      "properties": {
        "type": "building",
        "lod_level": 3,
        "height": 21.6,
        "building:levels": 7,
        "building:material": "brick",
        "building:colour": "#a0522d",
        "building:type": "residential",
        "roof:shape": "flat",
        "roof:height": 1.4
      }
    },
    {
      "type": "Feature",
      "geometry": {
        "type": "Polygon",
        "coordinates": [
          [
            [
              -1.3638801697134497,
              -5.984814147569394
            ],
            [
              -1.3638899672239486,
              -5.984674331829685
            ],
            [
              -1.364049470732898,
              -5.984685535507492
            ],
            [
              -1.364039672941694,
              -5.984825351204664
            ],
            [
              -1.3638801697134497,
              -5.984814147569394
            ]
          ]
        ]
      },
      "properties": {
        "type": "building",
        "lod_level": 3,
        "height": 32.2,
        "building:levels": 11,
        "building:material": "brick",
        "building:colour": "#a0522d",
        "building:type": "residential",
        "roof:shape": "flat",
        "roof:height": 4.8
      }
    },
    {
      "type": "Feature",
      "geometry": {
        "type": "Polygon",
        "coordinates": [
          [
            [
              -1.3633956105798781,
              -5.983955818896572
            ],
            [
              -1.3634000446251293,
              -5.983830966307882
            ],
            [
              -1.363561027782221,
              -5.983836697186557
            ],
            [
              -1.3635565934830494,
              -5.983961549755815
            ],
            [
              -1.3633956105798781,
              -5.983955818896572
            ]
          ]
        ]
      },
      "properties": {
        "type": "building",
        "lod_level": 3,
        "height": 23.5,
        "building:levels": 8,
        "building:material": "concrete",
        "building:colour": "#b0bec5",
        "building:type": "office",
        "roof:shape": "flat",
        "roof:height": 2.9
      }
    },
    {
      "type": "Feature",
      "geometry": {
        "type": "Polygon",
        "coordinates": [
          [
            [
              -1.3654680670558343,
              -5.9840673598023075
            ],
            [
              -1.365293979750668,
              -5.984055888709216
            ],
            [
              -1.3653058435276817,
              -5.9838754136328
            ],
            [
              -1.365479931228547,
              -5.983886884782108
            ],
            [
              -1.3654680670558343,
              -5.9840673598023075
            ]
          ]
        ]
      },
      "properties": {
        "type": "building",
        "lod_level": 3,
        "height": 17.1,
        "building:levels": 6,
        "building:material": "plaster",
        "building:colour": "#eeeeee",
        "building:type": "office",
        "roof:shape": "flat",
        "roof:height": 1.4
      }
    },
    {
      "type": "Feature",
      "geometry": {
        "type": "Polygon",
        "coordinates": [
          [
            [
              -1.3620007748405478,
              -5.983177900612905
            ],
            [
              -1.362020837623912,
              -5.983041977513984
            ],
            [
              -1.362161952506246,
              -5.9830628560697106
            ],
            [
              -1.3621418894855577,
              -5.983198779091561
            ],
            [
              -1.3620007748405478,
              -5.983177900612905
            ]
          ]
        ]
      },
      "properties": {
        "type": "building",
        "lod_level": 3,
        "height": 14.1,
        "building:levels": 5,
        "building:material": "brick",
        "building:colour": "#a0522d",
        "building:type": "residential",
        "roof:shape": "flat",
        "roof:height": 1.3
      }
    },
    {
      "type": "Feature",
      "geometry": {
        "type": "Polygon",
        "coordinates": [
          [
            [
              -1.3636836718130763,
              -5.986530863630153
            ],
            [
              -1.363702178963321,
              -5.986329425838025
            ],
            [
              -1.3638534231690866,
              -5.986343354320378
            ],
            [
              -1.3638349156367244,
              -5.986544792036309
            ],
            [
              -1.3636836718130763,
              -5.986530863630153
            ]
          ]
        ]
      },
      "properties": {
        "type": "building",
        "lod_level": 3,
        "height": 19.1,
        "building:levels": 6,
        "building:material": "brick",
        "building:colour": "#c8a882",
        "building:type": "office",
        "roof:shape": "flat",
        "roof:height": 1.5
      }
    },
    {
      "type": "Feature",
      "geometry": {
        "type": "Polygon",
        "coordinates": [
          [
            [
              -1.3627105598547227,
              -5.981906295252428
            ],
            [
              -1.3627187230474207,
              -5.981819585616467
            ],
            [
              -1.3628506810780787,
              -5.981832038252096
            ],
            [
              -1.3628425177419328,
              -5.981918747858723
            ],
            [
              -1.3627105598547227,
              -5.981906295252428
            ]
          ]
        ]
      },
      "properties": {
        "type": "building",
        "lod_level": 3,
        "height": 28.2,
        "building:levels": 9,
        "building:material": "concrete",
        "building:colour": "#9e9e9e",
        "building:type": "office",
        "roof:shape": "pyramidal",
        "roof:height": 1.1
      }
    },
    {
      "type": "Feature",
      "geometry": {
        "type": "Polygon",
        "coordinates": [
          [
            [
              -1.3610283385727109,
              -5.983644893780353
            ],
            [
              -1.360846125941073,
              -5.9836492678703985
            ],
            [
              -1.36084288877123,
              -5.98351410395567
            ],
            [
              -1.3610251017142234,
              -5.983509729849561
            ],
            [
              -1.3610283385727109,
              -5.983644893780353
            ]
          ]
        ]
      },
      "properties": {
        "type": "building",
        "lod_level": 3,
        "height": 41.3,
        "building:levels": 14,
        "building:material": "glass",
        "building:colour": "#b3e5fc",
        "building:type": "office",
        "roof:shape": "gabled",
        "roof:height": 3.2
      }
    },
    {
      "type": "Feature",
      "geometry": {
        "type": "Polygon",
        "coordinates": [
          [
            [
              -1.3612523205549805,
              -5.984539364593949
            ],
            [
              -1.3612531951746651,
              -5.984325221964852
            ],
            [
              -1.3613538286623972,
              -5.984325634016332
            ],
            [
              -1.3613529537701254,
              -5.984539776643025
            ],
            [
              -1.3612523205549805,
              -5.984539364593949
            ]
          ]
        ]
      },
      "properties": {
        "type": "building",
        "lod_level": 3,
        "height": 13.6,
        "building:levels": 5,
        "building:material": "plaster",
        "building:colour": "#e0e0e0",
        "building:type": "residential",
        "roof:shape": "pyramidal",
        "roof:height": 1.7
      }
    },
    {
      "type": "Feature",
      "geometry": {
        "type": "Polygon",
        "coordinates": [
          [
            [
              -1.3641937101989234,
              -5.985938440399343
            ],
            [
              -1.3641932617685402,
              -5.985763747716935
            ],
            [
              -1.3643689769469178,
              -5.985763295794109
            ],
            [
              -1.3643694249890184,
              -5.98593798847865
            ],
            [
              -1.3641937101989234,
              -5.985938440399343
            ]
          ]
        ]
      },
      "properties": {
        "type": "building",
        "lod_level": 3,
        "height": 14.0,
        "building:levels": 5,
        "building:material": "brick",
        "building:colour": "#b5895a",
        "building:type": "office",
        "roof:shape": "flat",
        "roof:height": 1.8
      }
    },
    {
      "type": "Feature",
      "geometry": {
        "type": "Polygon",
        "coordinates": [
          [
            [
              -1.3653543874865963,
              -5.983774877769284
            ],
            [
              -1.3651968776861003,
              -5.983764272423457
            ],
            [
              -1.3652096715463544,
              -5.983573807099125
            ],
            [
              -1.3653671817246162,
              -5.983584412499786
            ],
            [
              -1.3653543874865963,
              -5.983774877769284
            ]
          ]
        ]
      },
      "properties": {
        "type": "building",
        "lod_level": 3,
        "height": 27.9,
        "building:levels": 9,
        "building:material": "brick",
        "building:colour": "#b5895a",
        "building:type": "office",
        "roof:shape": "flat",
        "roof:height": 3.1
      }
    },
    {
      "type": "Feature",
      "geometry": {
        "type": "Polygon",
        "coordinates": [
          [
            [
              -1.3660132170814028,
              -5.983762064134338
            ],
            [
              -1.3658254000824177,
              -5.983756188434648
            ],
            [
              -1.365828714209829,
              -5.983649997762801
            ],
            [
              -1.366016531460851,
              -5.983655873479438
            ],
            [
              -1.3660132170814028,
              -5.983762064134338
            ]
          ]
        ]
      },
      "properties": {
        "type": "building",
        "lod_level": 3,
        "height": 9.8,
        "building:levels": 3,
        "building:material": "concrete",
        "building:colour": "#78909c",
        "building:type": "commercial",
        "roof:shape": "flat",
        "roof:height": 1.2
      }
    },
    {
      "type": "Feature",
      "geometry": {
        "type": "Polygon",
        "coordinates": [
          [
            [
              -1.3631750765288775,
              -5.983640307301801
            ],
            [
              -1.3630636109630085,
              -5.983636713742852
            ],
            [
              -1.3630707816486045,
              -5.983413761730109
            ],
            [
              -1.3631822475285016,
              -5.983417355310815
            ],
            [
              -1.3631750765288775,
              -5.983640307301801
            ]
          ]
        ]
      },
      "properties": {
        "type": "building",
        "lod_level": 3,
        "height": 5.2,
        "building:levels": 2,
        "building:material": "brick",
        "building:colour": "#a0522d",
        "building:type": "commercial",
        "roof:shape": "hipped",
        "roof:height": 1.0
      }
    },
    {
      "type": "Feature",
      "geometry": {
        "type": "Polygon",
        "coordinates": [
          [
            [
              -1.3633318851900202,
              -5.984834392885684
            ],
            [
              -1.3633513783574571,
              -5.984570144012612
            ],
            [
              -1.3634945723630385,
              -5.98458073226645
            ],
            [
              -1.3634750787195766,
              -5.984844981063553
            ],
            [
              -1.3633318851900202,
              -5.984834392885684
            ]
          ]
        ]
      },
      "properties": {
        "type": "building",
        "lod_level": 3,
        "height": 32.2,
        "building:levels": 11,
        "building:material": "concrete",
        "building:colour": "#9e9e9e",
        "building:type": "office",
        "roof:shape": "flat",
        "roof:height": 1.6
      }
    },
    {
      "type": "Feature",
      "geometry": {
        "type": "Polygon",
        "coordinates": [
          [
            [
              -1.3628860357442207,
              -5.983153995890848
            ],
            [
              -1.3628937115754973,
              -5.982986159384538
            ],
            [
              -1.3631386744506442,
              -5.982997389421873
            ],
            [
              -1.3631309981003996,
              -5.983165225876999
            ],
            [
              -1.3628860357442207,
              -5.983153995890848
            ]
          ]
        ]
      },
      "properties": {
        "type": "building",
        "lod_level": 3,
        "height": 9.0,
        "building:levels": 3,
        "building:material": "brick",
        "building:colour": "#b5895a",
        "building:type": "residential",
        "roof:shape": "gabled",
        "roof:height": 1.2
      }
    },
    {
      "type": "Feature",
      "geometry": {
        "type": "Polygon",
        "coordinates": [
          [
            [
              -1.3627879323797103,
              -5.984290084952346
            ],
            [
              -1.3626701698437134,
              -5.984290865796705
            ],
            [
              -1.3626688083605207,
              -5.984085072953467
            ],
            [
              -1.3627865712030571,
              -5.984084292104724
            ],
            [
              -1.3627879323797103,
              -5.984290084952346
            ]
          ]
        ]
      },
      "properties": {
        "type": "building",
        "lod_level": 3,
        "height": 5.8,
        "building:levels": 2,
        "building:material": "brick",
        "building:colour": "#b5895a",
        "building:type": "commercial",
        "roof:shape": "gabled",
        "roof:height": 0.9
      }
    },
    {
      "type": "Feature",
      "geometry": {
        "type": "Polygon",
        "coordinates": [
          [
            [
              -1.3638810882371621,
              -5.986216399695646
            ],
            [
              -1.3638817175056592,
              -5.98601711805855
            ],
            [
              -1.363985188349371,
              -5.986017445624754
            ],
            [
              -1.3639845588200494,
              -5.986216727260065
            ],
            [
              -1.3638810882371621,
              -5.986216399695646
            ]
          ]
        ]
      },
      "properties": {
        "type": "building",
        "lod_level": 3,
        "height": 29.9,
        "building:levels": 10,
        "building:material": "glass",
        "building:colour": "#b3e5fc",
        "building:type": "office",
        "roof:shape": "flat",
        "roof:height": 2.3
      }
    },
    {
      "type": "Feature",
      "geometry": {
        "type": "Polygon",
        "coordinates": [
          [
            [
              -1.3606660201613465,
              -5.983723102500256
            ],
            [
              -1.3606679465763203,
              -5.9835462841475335
            ],
            [
              -1.3608082276742386,
              -5.983547816234273
            ],
            [
              -1.360806300945546,
              -5.983724634579612
            ],
            [
              -1.3606660201613465,
              -5.983723102500256
            ]
          ]
        ]
      },
      "properties": {
        "type": "building",
        "lod_level": 3,
        "height": 21.1,
        "building:levels": 7,
        "building:material": "brick",
        "building:colour": "#b5895a",
        "building:type": "commercial",
        "roof:shape": "flat",
        "roof:height": 2.6
      }
    },
    {
      "type": "Feature",
      "geometry": {
        "type": "Polygon",
        "coordinates": [
          [
            [
              -1.3653518128830229,
              -5.984914623647854
            ],
            [
              -1.3653504951095379,
              -5.984779896217612
            ],
            [
              -1.3654497755956638,
              -5.984778922921514
            ],
            [
              -1.3654510931999695,
              -5.98491365035532
            ],
            [
              -1.3653518128830229,
              -5.984914623647854
            ]
          ]
        ]
      },
      "properties": {
        "type": "building",
        "lod_level": 3,
        "height": 6.2,
        "building:levels": 2,
        "building:material": "plaster",
        "building:colour": "#f5f5f5",
        "building:type": "commercial",
        "roof:shape": "flat",
        "roof:height": 0.9
      }
    },
    {
      "type": "Feature",
      "geometry": {
        "type": "Polygon",
        "coordinates": [
          [
            [
              -1.36259016183274,
              -5.98276065640132
            ],
            [
              -1.3625998281764313,
              -5.98263624631063
            ],
            [
              -1.362793267330319,
              -5.982651311879935
            ],
            [
              -1.3627836006840557,
              -5.982775721919725
            ],
            [
              -1.36259016183274,
              -5.98276065640132
            ]
          ]
        ]
      },
      "properties": {
        "type": "building",
        "lod_level": 3,
        "height": 53.7,
        "building:levels": 18,
        "building:material": "glass",
        "building:colour": "#4fc3f7",
        "building:type": "office",
        "roof:shape": "flat",
        "roof:height": 2.8
      }
    },
    {
      "type": "Feature",
      "geometry": {
        "type": "Polygon",
        "coordinates": [
          [
            [
              -1.3630594648374728,
              -5.981312170181171
            ],
            [
              -1.3630685987052444,
              -5.981131501459005
            ],
            [
              -1.363216329262596,
              -5.981138987985127
            ],
            [
              -1.3632071950580786,
              -5.981319656670568
            ],
            [
              -1.3630594648374728,
              -5.981312170181171
            ]
          ]
        ]
      },
      "properties": {
        "type": "building",
        "lod_level": 3,
        "height": 23.2,
        "building:levels": 8,
        "building:material": "concrete",
        "building:colour": "#b0bec5",
        "building:type": "residential",
        "roof:shape": "flat",
        "roof:height": 1.0
      }
    },
    {
      "type": "Feature",
      "geometry": {
        "type": "Polygon",
        "coordinates": [
          [
            [
              -1.3627508051950274,
              -5.985105121487392
            ],
            [
              -1.3625272343466417,
              -5.985093712395722
            ],
            [
              -1.362537247021089,
              -5.9848970373587385
            ],
            [
              -1.362760818424232,
              -5.984908446511341
            ],
            [
              -1.3627508051950274,
              -5.985105121487392
            ]
          ]
        ]
      },
      "properties": {
        "type": "building",
        "lod_level": 3,
        "height": 16.2,
        "building:levels": 5,
        "building:material": "concrete",
        "building:colour": "#78909c",
        "building:type": "commercial",
        "roof:shape": "flat",
        "roof:height": 1.2
      }
    },
    {
      "type": "Feature",
      "geometry": {
        "type": "Polygon",
        "coordinates": [
          [
            [
              -1.364987636932746,
              -5.983785325661175
            ],
            [
              -1.3648789162786006,
              -5.983770743991153
            ],
            [
              -1.36489977162829,
              -5.983614878596442
            ],
            [
              -1.365008492492941,
              -5.983629460328174
            ],
            [
              -1.364987636932746,
              -5.983785325661175
            ]
          ]
        ]
      },
      "properties": {
        "type": "building",
        "lod_level": 3,
        "height": 10.3,
        "building:levels": 3,
        "building:material": "concrete",
        "building:colour": "#b0bec5",
        "building:type": "residential",
        "roof:shape": "pyramidal",
        "roof:height": 1.3
      }
    },
    {
      "type": "Feature",
      "geometry": {
        "type": "Polygon",
        "coordinates": [
          [
            [
              -1.3642009500659045,
              -5.984723490407555
            ],
            [
              -1.3642028135240114,
              -5.984551314506033
            ],
            [
              -1.36436908000852,
              -5.98455311843267
            ],
            [
              -1.3643672161883427,
              -5.98472529432577
            ],
            [
              -1.3642009500659045,
              -5.984723490407555
            ]
          ]
        ]
      },
      "properties": {
        "type": "building",
        "lod_level": 3,
        "height": 17.5,
        "building:levels": 6,
        "building:material": "brick",
        "building:colour": "#b5895a",
        "building:type": "office",
        "roof:shape": "flat",
        "roof:height": 2.4
      }
    },
    {
      "type": "Feature",
      "geometry": {
        "type": "Polygon",
        "coordinates": [
          [
            [
              -1.363955254744827,
              -5.983519599675112
            ],
            [
              -1.3637306538759173,
              -5.983493081501742
            ],
            [
              -1.3637476990136628,
              -5.983348371253953
            ],
            [
              -1.3639723002879827,
              -5.983374889531527
            ],
            [
              -1.363955254744827,
              -5.983519599675112
            ]
          ]
        ]
      },
      "properties": {
        "type": "building",
        "lod_level": 3,
        "height": 12.9,
        "building:levels": 4,
        "building:material": "plaster",
        "building:colour": "#e0e0e0",
        "building:type": "commercial",
        "roof:shape": "gabled",
        "roof:height": 1.8
      }
    },
    {
      "type": "Feature",
      "geometry": {
        "type": "Polygon",
        "coordinates": [
          [
            [
              -1.3619113613984026,
              -5.984198385160562
            ],
            [
              -1.3617577979204325,
              -5.984195755605128
            ],
            [
              -1.3617599339692992,
              -5.984070710683781
            ],
            [
              -1.361913497690095,
              -5.984073340248139
            ],
            [
              -1.3619113613984026,
              -5.984198385160562
            ]
          ]
        ]
      },
      "properties": {
        "type": "building",
        "lod_level": 3,
        "height": 18.6,
        "building:levels": 6,
        "building:material": "concrete",
        "building:colour": "#b0bec5",
        "building:type": "office",
        "roof:shape": "flat",
        "roof:height": 1.7
      }
    },
    {
      "type": "Feature",
      "geometry": {
        "type": "Polygon",
        "coordinates": [
          [
            [
              -1.3626908534367175,
              -5.986651374813848
            ],
            [
              -1.362687432520236,
              -5.986477384272009
            ],
            [
              -1.3627917905605518,
              -5.986475327672384
            ],
            [
              -1.362795211247444,
              -5.9866493182239235
            ],
            [
              -1.3626908534367175,
              -5.986651374813848
            ]
          ]
        ]
      },
      "properties": {
        "type": "building",
        "lod_level": 3,
        "height": 17.1,
        "building:levels": 6,
        "building:material": "brick",
        "building:colour": "#c8a882",
        "building:type": "residential",
        "roof:shape": "flat",
        "roof:height": 1.6
      }
    },
    {
      "type": "Feature",
      "geometry": {
        "type": "Polygon",
        "coordinates": [
          [
            [
              -1.3618155720080232,
              -5.981393717414426
            ],
            [
              -1.3617245120557089,
              -5.98138510936456
            ],
            [
              -1.361737412870017,
              -5.981248313962247
            ],
            [
              -1.3618284729784902,
              -5.981256922044089
            ],
            [
              -1.3618155720080232,
              -5.981393717414426
            ]
          ]
        ]
      },
      "properties": {
        "type": "building",
        "lod_level": 3,
        "height": 14.2,
        "building:levels": 5,
        "building:material": "brick",
        "building:colour": "#a0522d",
        "building:type": "residential",
        "roof:shape": "flat",
        "roof:height": 1.6
      }
    },
    {
      "type": "Feature",
      "geometry": {
        "type": "Polygon",
        "coordinates": [
          [
            [
              -1.3648286788673976,
              -5.984134131099622
            ],
            [
              -1.364693950620383,
              -5.984139683420608
            ],
            [
              -1.3646859402451053,
              -5.983944854944095
            ],
            [
              -1.3648206688235878,
              -5.983939302593715
            ],
            [
              -1.3648286788673976,
              -5.984134131099622
            ]
          ]
        ]
      },
      "properties": {
        "type": "building",
        "lod_level": 3,
        "height": 55.5,
        "building:levels": 18,
        "building:material": "glass",
        "building:colour": "#b3e5fc",
        "building:type": "residential",
        "roof:shape": "flat",
        "roof:height": 2.1
      }
    },
    {
      "type": "Feature",
      "geometry": {
        "type": "Polygon",
        "coordinates": [
          [
            [
              -1.3625571710847404,
              -5.981476857566536
            ],
            [
              -1.3623896061438991,
              -5.981476886089964
            ],
            [
              -1.3623895860939408,
              -5.981359552529271
            ],
            [
              -1.3625571512834784,
              -5.981359524005765
            ],
            [
              -1.3625571710847404,
              -5.981476857566536
            ]
          ]
        ]
      },
      "properties": {
        "type": "building",
        "lod_level": 3,
        "height": 11.4,
        "building:levels": 4,
        "building:material": "concrete",
        "building:colour": "#78909c",
        "building:type": "office",
        "roof:shape": "pyramidal",
        "roof:height": 1.4
      }
    },
    {
      "type": "Feature",
      "geometry": {
        "type": "Polygon",
        "coordinates": [
          [
            [
              -1.3611498955062158,
              -5.984484372153587
            ],
            [
              -1.3609331741131425,
              -5.984482085097914
            ],
            [
              -1.3609346918992642,
              -5.984337901375395
            ],
            [
              -1.3611514136875555,
              -5.984340188440057
            ],
            [
              -1.3611498955062158,
              -5.984484372153587
            ]
          ]
        ]
      },
      "properties": {
        "type": "building",
        "lod_level": 3,
        "height": 11.2,
        "building:levels": 4,
        "building:material": "brick",
        "building:colour": "#b5895a",
        "building:type": "residential",
        "roof:shape": "pyramidal",
        "roof:height": 1.6
      }
    },
    {
      "type": "Feature",
      "geometry": {
        "type": "Polygon",
        "coordinates": [
          [
            [
              -1.3629678276695296,
              -5.9834019054194485
            ],
            [
              -1.3627057929254327,
              -5.983395733808826
            ],
            [
              -1.362710581412016,
              -5.983191928753199
            ],
            [
              -1.362972616831262,
              -5.983198100397987
            ],
            [
              -1.3629678276695296,
              -5.9834019054194485
            ]
          ]
        ]
      },
      "properties": {
        "type": "building",
        "lod_level": 3,
        "height": 16.2,
        "building:levels": 5,
        "building:material": "plaster",
        "building:colour": "#f5f5f5",
        "building:type": "commercial",
        "roof:shape": "gabled",
        "roof:height": 2.2
      }
    },
    {
      "type": "Feature",
      "geometry": {
        "type": "Polygon",
        "coordinates": [
          [
            [
              -1.3633161033639125,
              -5.9826891392435355
            ],
            [
              -1.363068926574307,
              -5.98265110677619
            ],
            [
              -1.363102760133577,
              -5.9824306963159515
            ],
            [
              -1.3633499375960438,
              -5.982468729010886
            ],
            [
              -1.3633161033639125,
              -5.9826891392435355
            ]
          ]
        ]
      },
      "properties": {
        "type": "building",
        "lod_level": 3,
        "height": 25.7,
        "building:levels": 9,
        "building:material": "brick",
        "building:colour": "#c8a882",
        "building:type": "office",
        "roof:shape": "pyramidal",
        "roof:height": 3.5
      }
    },
    {
      "type": "Feature",
      "geometry": {
        "type": "Polygon",
        "coordinates": [
          [
            [
              -1.3603859988472613,
              -5.983701736254403
            ],
            [
              -1.3602649815798957,
              -5.983683217281347
            ],
            [
              -1.3602902905293057,
              -5.983517437307623
            ],
            [
              -1.360411308044516,
              -5.983535956364032
            ],
            [
              -1.3603859988472613,
              -5.983701736254403
            ]
          ]
        ]
      },
      "properties": {
        "type": "building",
        "lod_level": 3,
        "height": 5.8,
        "building:levels": 2,
        "building:material": "brick",
        "building:colour": "#a0522d",
        "building:type": "residential",
        "roof:shape": "flat",
        "roof:height": 1.0
      }
    },
    {
      "type": "Feature",
      "geometry": {
        "type": "Polygon",
        "coordinates": [
          [
            [
              -1.3654423657034176,
              -5.98518322615079
            ],
            [
              -1.3654547844254235,
              -5.98500957494645
            ],
            [
              -1.3655567039417282,
              -5.985016881025216
            ],
            [
              -1.3655442849969985,
              -5.985190532195097
            ],
            [
              -1.3654423657034176,
              -5.98518322615079
            ]
          ]
        ]
      },
      "properties": {
        "type": "building",
        "lod_level": 3,
        "height": 22.3,
        "building:levels": 7,
        "building:material": "concrete",
        "building:colour": "#78909c",
        "building:type": "commercial",
        "roof:shape": "gabled",
        "roof:height": 2.2
      }
    },
    {
      "type": "Feature",
      "geometry": {
        "type": "Polygon",
        "coordinates": [
          [
            [
              -1.3619950350842893,
              -5.9850472320120645
            ],
            [
              -1.3620187275003803,
              -5.9848535625840835
            ],
            [
              -1.3622294121569372,
              -5.98487939768982
            ],
            [
              -1.3622057192324568,
              -5.98507306698195
            ],
            [
              -1.3619950350842893,
              -5.9850472320120645
            ]
          ]
        ]
      },
      "properties": {
        "type": "building",
        "lod_level": 3,
        "height": 9.7,
        "building:levels": 3,
        "building:material": "concrete",
        "building:colour": "#9e9e9e",
        "building:type": "residential",
        "roof:shape": "pyramidal",
        "roof:height": 1.4
      }
    },
    {
      "type": "Feature",
      "geometry": {
        "type": "Polygon",
        "coordinates": [
          [
            [
              -1.3626868308295346,
              -5.985928787121425
            ],
            [
              -1.362695944108542,
              -5.98583237515069
            ],
            [
              -1.3627842213367838,
              -5.985840739216318
            ],
            [
              -1.3627751079510815,
              -5.985937151165162
            ],
            [
              -1.3626868308295346,
              -5.985928787121425
            ]
          ]
        ]
      },
      "properties": {
        "type": "building",
        "lod_level": 4,
        "height": 35.7,
        "building:levels": 12,
        "building:material": "brick",
        "building:colour": "#b5895a",
        "building:type": "office",
        "roof:shape": "flat",
        "roof:height": 4.0
      }
    },
    {
      "type": "Feature",
      "geometry": {
        "type": "Polygon",
        "coordinates": [
          [
            [
              -1.3656110442327551,
              -5.984656609865309
            ],
            [
              -1.3654260413958936,
              -5.984639347278244
            ],
            [
              -1.365441174372019,
              -5.984476782628627
            ],
            [
              -1.365626177586002,
              -5.984494045291892
            ],
            [
              -1.3656110442327551,
              -5.984656609865309
            ]
          ]
        ]
      },
      "properties": {
        "type": "building",
        "lod_level": 4,
        "height": 7.5,
        "building:levels": 2,
        "building:material": "brick",
        "building:colour": "#a0522d",
        "building:type": "industrial",
        "roof:shape": "hipped",
        "roof:height": 1.1
      }
    },
    {
      "type": "Feature",
      "geometry": {
        "type": "Polygon",
        "coordinates": [
          [
            [
              -1.3633211777581096,
              -5.985445497883028
            ],
            [
              -1.3631637514631252,
              -5.985450625067726
            ],
            [
              -1.363159763450255,
              -5.985327891292245
            ],
            [
              -1.3633171899893852,
              -5.985322764090459
            ],
            [
              -1.3633211777581096,
              -5.985445497883028
            ]
          ]
        ]
      },
      "properties": {
        "type": "building",
        "lod_level": 4,
        "height": 23.1,
        "building:levels": 8,
        "building:material": "concrete",
        "building:colour": "#78909c",
        "building:type": "commercial",
        "roof:shape": "flat",
        "roof:height": 3.5
      }
    },
    {
      "type": "Feature",
      "geometry": {
        "type": "Polygon",
        "coordinates": [
          [
            [
              -1.364592832162625,
              -5.984947635909647
            ],
            [
              -1.3643919540672402,
              -5.9849559028509045
            ],
            [
              -1.3643836480376992,
              -5.98475360516975
            ],
            [
              -1.3645845266462482,
              -5.9847453381831155
            ],
            [
              -1.364592832162625,
              -5.984947635909647
            ]
          ]
        ]
      },
      "properties": {
        "type": "building",
        "lod_level": 4,
        "height": 16.6,
        "building:levels": 6,
        "building:material": "brick",
        "building:colour": "#b5895a",
        "building:type": "residential",
        "roof:shape": "gabled",
        "roof:height": 1.7
      }
    },
    {
      "type": "Feature",
      "geometry": {
        "type": "Polygon",
        "coordinates": [
          [
            [
              -1.3626988209161486,
              -5.9830430489949045
            ],
            [
              -1.3627051277972633,
              -5.9828503244519835
            ],
            [
              -1.3628695168623592,
              -5.982855716972849
            ],
            [
              -1.3628632095809226,
              -5.983048441487554
            ],
            [
              -1.3626988209161486,
              -5.9830430489949045
            ]
          ]
        ]
      },
      "properties": {
        "type": "building",
        "lod_level": 4,
        "height": 13.1,
        "building:levels": 4,
        "building:material": "plaster",
        "building:colour": "#e0e0e0",
        "building:type": "residential",
        "roof:shape": "pyramidal",
        "roof:height": 1.8
      }
    },
    {
      "type": "Feature",
      "geometry": {
        "type": "Polygon",
        "coordinates": [
          [
            [
              -1.365547576414476,
              -5.983721582758546
            ],
            [
              -1.3655574126903856,
              -5.9835724057662345
            ],
            [
              -1.3656765178862789,
              -5.983580277869041
            ],
            [
              -1.3656666813865974,
              -5.983729454829464
            ],
            [
              -1.365547576414476,
              -5.983721582758546
            ]
          ]
        ]
      },
      "properties": {
        "type": "building",
        "lod_level": 4,
        "height": 34.3,
        "building:levels": 11,
        "building:material": "brick",
        "building:colour": "#a0522d",
        "building:type": "office",
        "roof:shape": "pyramidal",
        "roof:height": 3.6
      }
    },
    {
      "type": "Feature",
      "geometry": {
        "type": "Polygon",
        "coordinates": [
          [
            [
              -1.3613667385962722,
              -5.983817716960329
            ],
            [
              -1.3613710569451243,
              -5.9836694462262
            ],
            [
              -1.361461977056796,
              -5.983672100568216
            ],
            [
              -1.3614576585375655,
              -5.983820371291644
            ],
            [
              -1.3613667385962722,
              -5.983817716960329
            ]
          ]
        ]
      },
      "properties": {
        "type": "building",
        "lod_level": 4,
        "height": 24.8,
        "building:levels": 8,
        "building:material": "concrete",
        "building:colour": "#78909c",
        "building:type": "residential",
        "roof:shape": "pyramidal",
        "roof:height": 2.1
      }
    },
    {
      "type": "Feature",
      "geometry": {
        "type": "Polygon",
        "coordinates": [
          [
            [
              -1.3613359428947096,
              -5.98364247686086
            ],
            [
              -1.3613604050496535,
              -5.983401419906965
            ],
            [
              -1.3614490592014867,
              -5.983410437762212
            ],
            [
              -1.3614245967790097,
              -5.983651494657065
            ],
            [
              -1.3613359428947096,
              -5.98364247686086
            ]
          ]
        ]
      },
      "properties": {
        "type": "building",
        "lod_level": 4,
        "height": 7.3,
        "building:levels": 2,
        "building:material": "brick",
        "building:colour": "#c8a882",
        "building:type": "industrial",
        "roof:shape": "gabled",
        "roof:height": 1.1
      }
    },
    {
      "type": "Feature",
      "geometry": {
        "type": "Polygon",
        "coordinates": [
          [
            [
              -1.3641200937024551,
              -5.983974663218755
            ],
            [
              -1.3641206177336231,
              -5.983876977910919
            ],
            [
              -1.3642186748208898,
              -5.983877505241141
            ],
            [
              -1.364218150668561,
              -5.9839751905476
            ],
            [
              -1.3641200937024551,
              -5.983974663218755
            ]
          ]
        ]
      },
      "properties": {
        "type": "building",
        "lod_level": 4,
        "height": 14.8,
        "building:levels": 5,
        "building:material": "brick",
        "building:colour": "#b5895a",
        "building:type": "residential",
        "roof:shape": "gabled",
        "roof:height": 1.8
      }
    },
    {
      "type": "Feature",
      "geometry": {
        "type": "Polygon",
        "coordinates": [
          [
            [
              -1.3656702484267784,
              -5.983896865553507
            ],
            [
              -1.3655859577803704,
              -5.983898756451224
            ],
            [
              -1.3655838346260156,
              -5.983803891085868
            ],
            [
              -1.3656681253735186,
              -5.983802000183278
            ],
            [
              -1.3656702484267784,
              -5.983896865553507
            ]
          ]
        ]
      },
      "properties": {
        "type": "building",
        "lod_level": 4,
        "height": 22.9,
        "building:levels": 8,
        "building:material": "concrete",
        "building:colour": "#9e9e9e",
        "building:type": "residential",
        "roof:shape": "pyramidal",
        "roof:height": 2.3
      }
    },
    {
      "type": "Feature",
      "geometry": {
        "type": "Polygon",
        "coordinates": [
          [
            [
              -1.3630735645101475,
              -5.984603363014041
            ],
            [
              -1.3629619135847133,
              -5.984595150459525
            ],
            [
              -1.362974002868266,
              -5.984430405303988
            ],
            [
              -1.3630856540251166,
              -5.984438617895206
            ],
            [
              -1.3630735645101475,
              -5.984603363014041
            ]
          ]
        ]
      },
      "properties": {
        "type": "building",
        "lod_level": 4,
        "height": 18.9,
        "building:levels": 6,
        "building:material": "concrete",
        "building:colour": "#9e9e9e",
        "building:type": "residential",
        "roof:shape": "flat",
        "roof:height": 2.2
      }
    },
    {
      "type": "Feature",
      "geometry": {
        "type": "Polygon",
        "coordinates": [
          [
            [
              -1.3631388530845092,
              -5.983203828145303
            ],
            [
              -1.3631393998922359,
              -5.982962272764088
            ],
            [
              -1.3632525168166258,
              -5.982962529513903
            ],
            [
              -1.3632519696632714,
              -5.983204084893427
            ],
            [
              -1.3631388530845092,
              -5.983203828145303
            ]
          ]
        ]
      },
      "properties": {
        "type": "building",
        "lod_level": 4,
        "height": 27.7,
        "building:levels": 9,
        "building:material": "concrete",
        "building:colour": "#b0bec5",
        "building:type": "commercial",
        "roof:shape": "flat",
        "roof:height": 3.1
      }
    },
    {
      "type": "Feature",
      "geometry": {
        "type": "Polygon",
        "coordinates": [
          [
            [
              -1.3629677217559892,
              -5.984125489929134
            ],
            [
              -1.3629729036886342,
              -5.983894287028904
            ],
            [
              -1.363102030645092,
              -5.983897188091642
            ],
            [
              -1.3630968483349997,
              -5.984128390973641
            ],
            [
              -1.3629677217559892,
              -5.984125489929134
            ]
          ]
        ]
      },
      "properties": {
        "type": "building",
        "lod_level": 4,
        "height": 9.9,
        "building:levels": 3,
        "building:material": "plaster",
        "building:colour": "#eeeeee",
        "building:type": "office",
        "roof:shape": "pyramidal",
        "roof:height": 1.3
      }
    },
    {
      "type": "Feature",
      "geometry": {
        "type": "Polygon",
        "coordinates": [
          [
            [
              -1.363273177305555,
              -5.984714116781986
            ],
            [
              -1.3633062673150165,
              -5.984494085438908
            ],
            [
              -1.3634244098589843,
              -5.9845118946945455
            ],
            [
              -1.3633913195281573,
              -5.9847319259312455
            ],
            [
              -1.363273177305555,
              -5.984714116781986
            ]
          ]
        ]
      },
      "properties": {
        "type": "building",
        "lod_level": 4,
        "height": 58.5,
        "building:levels": 20,
        "building:material": "glass",
        "building:colour": "#81d4fa",
        "building:type": "office",
        "roof:shape": "gabled",
        "roof:height": 4.3
      }
    },
    {
      "type": "Feature",
      "geometry": {
        "type": "Polygon",
        "coordinates": [
          [
            [
              -1.3624414405439071,
              -5.981644424755617
            ],
            [
              -1.3622477889209168,
              -5.981619641176655
            ],
            [
              -1.362263906739789,
              -5.9814934013703756
            ],
            [
              -1.3624575586669587,
              -5.981518185034266
            ],
            [
              -1.3624414405439071,
              -5.981644424755617
            ]
          ]
        ]
      },
      "properties": {
        "type": "building",
        "lod_level": 4,
        "height": 11.6,
        "building:levels": 4,
        "building:material": "concrete",
        "building:colour": "#9e9e9e",
        "building:type": "residential",
        "roof:shape": "pyramidal",
        "roof:height": 1.1
      }
    },
    {
      "type": "Feature",
      "geometry": {
        "type": "Polygon",
        "coordinates": [
          [
            [
              -1.3636607485609036,
              -5.982790128626908
            ],
            [
              -1.3636850556489513,
              -5.982610222797878
            ],
            [
              -1.3638486494601638,
              -5.982632378513918
            ],
            [
              -1.3638243420066425,
              -5.982812284234724
            ],
            [
              -1.3636607485609036,
              -5.982790128626908
            ]
          ]
        ]
      },
      "properties": {
        "type": "building",
        "lod_level": 4,
        "height": 17.8,
        "building:levels": 6,
        "building:material": "concrete",
        "building:colour": "#b0bec5",
        "building:type": "commercial",
        "roof:shape": "pyramidal",
        "roof:height": 1.5
      }
    },
    {
      "type": "Feature",
      "geometry": {
        "type": "Polygon",
        "coordinates": [
          [
            [
              -1.3632387191103201,
              -5.986337108545747
            ],
            [
              -1.3632363427521852,
              -5.986194502302634
            ],
            [
              -1.3633449281106336,
              -5.986192688672609
            ],
            [
              -1.3633473042729465,
              -5.986335294922754
            ],
            [
              -1.3632387191103201,
              -5.986337108545747
            ]
          ]
        ]
      },
      "properties": {
        "type": "building",
        "lod_level": 4,
        "height": 40.7,
        "building:levels": 14,
        "building:material": "concrete",
        "building:colour": "#9e9e9e",
        "building:type": "office",
        "roof:shape": "pyramidal",
        "roof:height": 1.0
      }
    },
    {
      "type": "Feature",
      "geometry": {
        "type": "Polygon",
        "coordinates": [
          [
            [
              -1.3605982821080433,
              -5.984543929453767
            ],
            [
              -1.3606141035208075,
              -5.984431131883538
            ],
            [
              -1.3607963265695195,
              -5.984456751770214
            ],
            [
              -1.360780504901885,
              -5.984569549261974
            ],
            [
              -1.3605982821080433,
              -5.984543929453767
            ]
          ]
        ]
      },
      "properties": {
        "type": "building",
        "lod_level": 4,
        "height": 32.2,
        "building:levels": 11,
        "building:material": "concrete",
        "building:colour": "#b0bec5",
        "building:type": "office",
        "roof:shape": "flat",
        "roof:height": 2.4
      }
    },
    {
      "type": "Feature",
      "geometry": {
        "type": "Polygon",
        "coordinates": [
          [
            [
              -1.3621489125020096,
              -5.985981144896622
            ],
            [
              -1.3621686502256898,
              -5.9858345535242385
            ],
            [
              -1.3623427594468862,
              -5.985858051832975
            ],
            [
              -1.3623230214062256,
              -5.986004643111806
            ],
            [
              -1.3621489125020096,
              -5.985981144896622
            ]
          ]
        ]
      },
      "properties": {
        "type": "building",
        "lod_level": 4,
        "height": 37.4,
        "building:levels": 12,
        "building:material": "concrete",
        "building:colour": "#9e9e9e",
        "building:type": "office",
        "roof:shape": "flat",
        "roof:height": 3.4
      }
    },
    {
      "type": "Feature",
      "geometry": {
        "type": "Polygon",
        "coordinates": [
          [
            [
              -1.3622603411151257,
              -5.982763231427485
            ],
            [
              -1.3622593358578874,
              -5.982529157247976
            ],
            [
              -1.3624719748127845,
              -5.982528242168962
            ],
            [
              -1.3624729794404407,
              -5.98276231635429
            ],
            [
              -1.3622603411151257,
              -5.982763231427485
            ]
          ]
        ]
      },
      "properties": {
        "type": "building",
        "lod_level": 4,
        "height": 11.3,
        "building:levels": 4,
        "building:material": "concrete",
        "building:colour": "#9e9e9e",
        "building:type": "residential",
        "roof:shape": "flat",
        "roof:height": 1.5
      }
    },
    {
      "type": "Feature",
      "geometry": {
        "type": "Polygon",
        "coordinates": [
          [
            [
              -1.3635543709848323,
              -5.983960422979395
            ],
            [
              -1.3635670400793745,
              -5.983828123482733
            ],
            [
              -1.3637468552663319,
              -5.983845383638749
            ],
            [
              -1.3637341858736367,
              -5.9839776830734035
            ],
            [
              -1.3635543709848323,
              -5.983960422979395
            ]
          ]
        ]
      },
      "properties": {
        "type": "building",
        "lod_level": 4,
        "height": 13.9,
        "building:levels": 5,
        "building:material": "concrete",
        "building:colour": "#9e9e9e",
        "building:type": "residential",
        "roof:shape": "pyramidal",
        "roof:height": 1.7
      }
    },
    {
      "type": "Feature",
      "geometry": {
        "type": "Polygon",
        "coordinates": [
          [
            [
              -1.3619359833052715,
              -5.981882109478562
            ],
            [
              -1.3617572794204893,
              -5.981885521192727
            ],
            [
              -1.3617555834999284,
              -5.981796484411341
            ],
            [
              -1.3619342875859022,
              -5.981793072688939
            ],
            [
              -1.3619359833052715,
              -5.981882109478562
            ]
          ]
        ]
      },
      "properties": {
        "type": "building",
        "lod_level": 4,
        "height": 21.6,
        "building:levels": 7,
        "building:material": "concrete",
        "building:colour": "#9e9e9e",
        "building:type": "residential",
        "roof:shape": "gabled",
        "roof:height": 1.3
      }
    },
    {
      "type": "Feature",
      "geometry": {
        "type": "Polygon",
        "coordinates": [
          [
            [
              -1.365238689882161,
              -5.9846197034347055
            ],
            [
              -1.365092446409753,
              -5.984624832996603
            ],
            [
              -1.3650878838940357,
              -5.984494452401042
            ],
            [
              -1.3652341276073356,
              -5.9844893228209655
            ],
            [
              -1.365238689882161,
              -5.9846197034347055
            ]
          ]
        ]
      },
      "properties": {
        "type": "building",
        "lod_level": 4,
        "height": 5.2,
        "building:levels": 2,
        "building:material": "wood",
        "building:colour": "#6d4c41",
        "building:type": "commercial",
        "roof:shape": "hipped",
        "roof:height": 0.9
      }
    },
    {
      "type": "Feature",
      "geometry": {
        "type": "Polygon",
        "coordinates": [
          [
            [
              -1.362029322721797,
              -5.985403992624917
            ],
            [
              -1.3620333330072645,
              -5.985258251197924
            ],
            [
              -1.362156263946101,
              -5.985261641896911
            ],
            [
              -1.3621522534341786,
              -5.9854073833105055
            ],
            [
              -1.362029322721797,
              -5.985403992624917
            ]
          ]
        ]
      },
      "properties": {
        "type": "building",
        "lod_level": 4,
        "height": 24.6,
        "building:levels": 8,
        "building:material": "concrete",
        "building:colour": "#b0bec5",
        "building:type": "office",
        "roof:shape": "flat",
        "roof:height": 3.0
      }
    },
    {
      "type": "Feature",
      "geometry": {
        "type": "Polygon",
        "coordinates": [
          [
            [
              -1.3609215509641888,
              -5.984463487834121
            ],
            [
              -1.3609421521339675,
              -5.984322104772906
            ],
            [
              -1.3611267920939634,
              -5.984349072772788
            ],
            [
              -1.361106190601003,
              -5.984490455730471
            ],
            [
              -1.3609215509641888,
              -5.984463487834121
            ]
          ]
        ]
      },
      "properties": {
        "type": "building",
        "lod_level": 4,
        "height": 9.5,
        "building:levels": 3,
        "building:material": "plaster",
        "building:colour": "#e0e0e0",
        "building:type": "office",
        "roof:shape": "flat",
        "roof:height": 1.0
      }
    },
    {
      "type": "Feature",
      "geometry": {
        "type": "Polygon",
        "coordinates": [
          [
            [
              -1.36291030497602,
              -5.98353197390885
            ],
            [
              -1.3629176788662296,
              -5.98330520910963
            ],
            [
              -1.3630576893312987,
              -5.983309772842196
            ],
            [
              -1.3630503150399067,
              -5.98353653761332
            ],
            [
              -1.36291030497602,
              -5.98353197390885
            ]
          ]
        ]
      },
      "properties": {
        "type": "building",
        "lod_level": 4,
        "height": 3.0,
        "building:levels": 1,
        "building:material": "brick",
        "building:colour": "#b5895a",
        "building:type": "residential",
        "roof:shape": "hipped",
        "roof:height": 0.7
      }
    },
    {
      "type": "Feature",
      "geometry": {
        "type": "Polygon",
        "coordinates": [
          [
            [
              -1.3648883681237054,
              -5.984528765007413
            ],
            [
              -1.3649006488696096,
              -5.984421677761598
            ],
            [
              -1.3650283201840794,
              -5.984436353777345
            ],
            [
              -1.3650160392675128,
              -5.984543440980496
            ],
            [
              -1.3648883681237054,
              -5.984528765007413
            ]
          ]
        ]
      },
      "properties": {
        "type": "building",
        "lod_level": 4,
        "height": 21.0,
        "building:levels": 7,
        "building:material": "glass",
        "building:colour": "#b3e5fc",
        "building:type": "commercial",
        "roof:shape": "pyramidal",
        "roof:height": 1.1
      }
    },
    {
      "type": "Feature",
      "geometry": {
        "type": "Polygon",
        "coordinates": [
          [
            [
              -1.3640905069679907,
              -5.982759450936941
            ],
            [
              -1.3640830767561887,
              -5.982582181365251
            ],
            [
              -1.3642945830431774,
              -5.982573295406933
            ],
            [
              -1.3643020127815475,
              -5.9827505650214015
            ],
            [
              -1.3640905069679907,
              -5.982759450936941
            ]
          ]
        ]
      },
      "properties": {
        "type": "building",
        "lod_level": 4,
        "height": 5.7,
        "building:levels": 2,
        "building:material": "brick",
        "building:colour": "#b5895a",
        "building:type": "residential",
        "roof:shape": "hipped",
        "roof:height": 0.9
      }
    },
    {
      "type": "Feature",
      "geometry": {
        "type": "Polygon",
        "coordinates": [
          [
            [
              -1.364763603947874,
              -5.985107406930426
            ],
            [
              -1.3645663897177918,
              -5.9850917379368385
            ],
            [
              -1.3645769063789137,
              -5.9849590580783545
            ],
            [
              -1.3647741209378996,
              -5.984974727128397
            ],
            [
              -1.364763603947874,
              -5.985107406930426
            ]
          ]
        ]
      },
      "properties": {
        "type": "building",
        "lod_level": 4,
        "height": 14.7,
        "building:levels": 5,
        "building:material": "plaster",
        "building:colour": "#e0e0e0",
        "building:type": "office",
        "roof:shape": "flat",
        "roof:height": 1.3
      }
    },
    {
      "type": "Feature",
      "geometry": {
        "type": "Polygon",
        "coordinates": [
          [
            [
              -1.3615922855216636,
              -5.983408437148906
            ],
            [
              -1.361614722201472,
              -5.983194409007435
            ],
            [
              -1.3617686868542416,
              -5.983210587564655
            ],
            [
              -1.3617462497621957,
              -5.983424615612091
            ],
            [
              -1.3615922855216636,
              -5.983408437148906
            ]
          ]
        ]
      },
      "properties": {
        "type": "building",
        "lod_level": 4,
        "height": 25.2,
        "building:levels": 8,
        "building:material": "concrete",
        "building:colour": "#78909c",
        "building:type": "commercial",
        "roof:shape": "flat",
        "roof:height": 3.4
      }
    },
    {
      "type": "Feature",
      "geometry": {
        "type": "Polygon",
        "coordinates": [
          [
            [
              -1.3655383119882998,
              -5.984176984926882
            ],
            [
              -1.3653437581302885,
              -5.984185663380183
            ],
            [
              -1.3653399407377653,
              -5.98409988516983
            ],
            [
              -1.365534494806455,
              -5.9840912066963154
            ],
            [
              -1.3655383119882998,
              -5.984176984926882
            ]
          ]
        ]
      },
      "properties": {
        "type": "building",
        "lod_level": 4,
        "height": 7.1,
        "building:levels": 2,
        "building:material": "brick",
        "building:colour": "#c8a882",
        "building:type": "residential",
        "roof:shape": "flat",
        "roof:height": 1.1
      }
    },
    {
      "type": "Feature",
      "geometry": {
        "type": "Polygon",
        "coordinates": [
          [
            [
              -1.362488021378328,
              -5.985164815913147
            ],
            [
              -1.3624949113434182,
              -5.985033467498488
            ],
            [
              -1.3626822275887007,
              -5.985043316705839
            ],
            [
              -1.3626753373132479,
              -5.985174665085375
            ],
            [
              -1.362488021378328,
              -5.985164815913147
            ]
          ]
        ]
      },
      "properties": {
        "type": "building",
        "lod_level": 4,
        "height": 15.3,
        "building:levels": 5,
        "building:material": "brick",
        "building:colour": "#c8a882",
        "building:type": "office",
        "roof:shape": "flat",
        "roof:height": 1.9
      }
    },
    {
      "type": "Feature",
      "geometry": {
        "type": "Polygon",
        "coordinates": [
          [
            [
              -1.3630917954780866,
              -5.9859314697727095
            ],
            [
              -1.362876876223539,
              -5.9859366680234185
            ],
            [
              -1.3628728939681058,
              -5.9857716450495895
            ],
            [
              -1.3630878136710218,
              -5.985766446775574
            ],
            [
              -1.3630917954780866,
              -5.9859314697727095
            ]
          ]
        ]
      },
      "properties": {
        "type": "building",
        "lod_level": 4,
        "height": 9.9,
        "building:levels": 3,
        "building:material": "concrete",
        "building:colour": "#9e9e9e",
        "building:type": "residential",
        "roof:shape": "flat",
        "roof:height": 1.3
      }
    },
    {
      "type": "Feature",
      "geometry": {
        "type": "Polygon",
        "coordinates": [
          [
            [
              -1.3644710070459938,
              -5.982834730636571
            ],
            [
              -1.3644664162013862,
              -5.982704762609223
            ],
            [
              -1.3645892692540855,
              -5.982700412902055
            ],
            [
              -1.3645938598969736,
              -5.982830380944773
            ],
            [
              -1.3644710070459938,
              -5.982834730636571
            ]
          ]
        ]
      },
      "properties": {
        "type": "building",
        "lod_level": 4,
        "height": 6.9,
        "building:levels": 2,
        "building:material": "brick",
        "building:colour": "#a0522d",
        "building:type": "residential",
        "roof:shape": "gabled",
        "roof:height": 1.0
      }
    },
    {
      "type": "Feature",
      "geometry": {
        "type": "Polygon",
        "coordinates": [
          [
            [
              -1.3659549322376967,
              -5.984103611605867
            ],
            [
              -1.3657789711057404,
              -5.984096023808318
            ],
            [
              -1.3657825270289838,
              -5.984013364937536
            ],
            [
              -1.3659584883445794,
              -5.984020952752154
            ],
            [
              -1.3659549322376967,
              -5.984103611605867
            ]
          ]
        ]
      },
      "properties": {
        "type": "building",
        "lod_level": 4,
        "height": 11.9,
        "building:levels": 4,
        "building:material": "concrete",
        "building:colour": "#b0bec5",
        "building:type": "residential",
        "roof:shape": "flat",
        "roof:height": 1.4
      }
    },
    {
      "type": "Feature",
      "geometry": {
        "type": "Polygon",
        "coordinates": [
          [
            [
              -1.3651518942808933,
              -5.985443419643223
            ],
            [
              -1.3649428111062665,
              -5.985447290885243
            ],
            [
              -1.3649403284528516,
              -5.985312897996914
            ],
            [
              -1.3651494119827965,
              -5.985309026740776
            ],
            [
              -1.3651518942808933,
              -5.985443419643223
            ]
          ]
        ]
      },
      "properties": {
        "type": "building",
        "lod_level": 4,
        "height": 26.0,
        "building:levels": 9,
        "building:material": "brick",
        "building:colour": "#c8a882",
        "building:type": "residential",
        "roof:shape": "flat",
        "roof:height": 2.2
      }
    },
    {
      "type": "Feature",
      "geometry": {
        "type": "Polygon",
        "coordinates": [
          [
            [
              -1.3653340986753915,
              -5.985286978231105
            ],
            [
              -1.3651721664921346,
              -5.985278875849884
            ],
            [
              -1.3651767590312225,
              -5.985186872171902
            ],
            [
              -1.3653386914024639,
              -5.985194974573356
            ],
            [
              -1.3653340986753915,
              -5.985286978231105
            ]
          ]
        ]
      },
      "properties": {
        "type": "building",
        "lod_level": 4,
        "height": 12.6,
        "building:levels": 4,
        "building:material": "brick",
        "building:colour": "#a0522d",
        "building:type": "residential",
        "roof:shape": "flat",
        "roof:height": 1.5
      }
    },
    {
      "type": "Feature",
      "geometry": {
        "type": "Polygon",
        "coordinates": [
          [
            [
              -1.3623865423058619,
              -5.9836780846695
            ],
            [
              -1.3621962751550212,
              -5.983677064103119
            ],
            [
              -1.3621968373340865,
              -5.983571984033924
            ],
            [
              -1.36238710473782,
              -5.983573004603223
            ],
            [
              -1.3623865423058619,
              -5.9836780846695
            ]
          ]
        ]
      },
      "properties": {
        "type": "building",
        "lod_level": 4,
        "height": 11.1,
        "building:levels": 4,
        "building:material": "brick",
        "building:colour": "#b5895a",
        "building:type": "residential",
        "roof:shape": "pyramidal",
        "roof:height": 1.6
      }
    },
    {
      "type": "Feature",
      "geometry": {
        "type": "Polygon",
        "coordinates": [
          [
            [
              -1.3626692154111038,
              -5.9842951371633095
            ],
            [
              -1.3624185978629761,
              -5.984275421408954
            ],
            [
              -1.3624366559142491,
              -5.98404532917232
            ],
            [
              -1.3626872741872982,
              -5.984065045049848
            ],
            [
              -1.3626692154111038,
              -5.9842951371633095
            ]
          ]
        ]
      },
      "properties": {
        "type": "building",
        "lod_level": 4,
        "height": 28.3,
        "building:levels": 9,
        "building:material": "glass",
        "building:colour": "#4fc3f7",
        "building:type": "commercial",
        "roof:shape": "flat",
        "roof:height": 1.1
      }
    },
    {
      "type": "Feature",
      "geometry": {
        "type": "Polygon",
        "coordinates": [
          [
            [
              -1.361554408397044,
              -5.984936482157488
            ],
            [
              -1.3613179248784675,
              -5.984922022649962
            ],
            [
              -1.3613256838713632,
              -5.984794822739804
            ],
            [
              -1.361562167769021,
              -5.984809282297282
            ],
            [
              -1.361554408397044,
              -5.984936482157488
            ]
          ]
        ]
      },
      "properties": {
        "type": "building",
        "lod_level": 4,
        "height": 13.6,
        "building:levels": 5,
        "building:material": "brick",
        "building:colour": "#b5895a",
        "building:type": "office",
        "roof:shape": "flat",
        "roof:height": 1.5
      }
    },
    {
      "type": "Feature",
      "geometry": {
        "type": "Polygon",
        "coordinates": [
          [
            [
              -1.3637554642992913,
              -5.984642501657445
            ],
            [
              -1.3635409339824167,
              -5.984651489662759
            ],
            [
              -1.363532400465201,
              -5.984447333285528
            ],
            [
              -1.3637469313351183,
              -5.984438345230403
            ],
            [
              -1.3637554642992913,
              -5.984642501657445
            ]
          ]
        ]
      },
      "properties": {
        "type": "building",
        "lod_level": 4,
        "height": 14.8,
        "building:levels": 5,
        "building:material": "brick",
        "building:colour": "#b5895a",
        "building:type": "office",
        "roof:shape": "flat",
        "roof:height": 1.8
      }
    },
    {
      "type": "Feature",
      "geometry": {
        "type": "Polygon",
        "coordinates": [
          [
            [
              -1.3613538700769896,
              -5.982391771163696
            ],
            [
              -1.3612633473127085,
              -5.982390154024898
            ],
            [
              -1.361266483752762,
              -5.982214163692051
            ],
            [
              -1.3613570067184952,
              -5.982215780838578
            ],
            [
              -1.3613538700769896,
              -5.982391771163696
            ]
          ]
        ]
      },
      "properties": {
        "type": "building",
        "lod_level": 4,
        "height": 7.3,
        "building:levels": 2,
        "building:material": "wood",
        "building:colour": "#8d6e63",
        "building:type": "industrial",
        "roof:shape": "hipped",
        "roof:height": 1.0
      }
    },
    {
      "type": "Feature",
      "geometry": {
        "type": "Polygon",
        "coordinates": [
          [
            [
              -1.3639093919268785,
              -5.982193308042092
            ],
            [
              -1.3639083843579853,
              -5.982099226229606
            ],
            [
              -1.3640048852277062,
              -5.982098190362604
            ],
            [
              -1.364005892681771,
              -5.982192272177726
            ],
            [
              -1.3639093919268785,
              -5.982193308042092
            ]
          ]
        ]
      },
      "properties": {
        "type": "building",
        "lod_level": 4,
        "height": 15.0,
        "building:levels": 5,
        "building:material": "concrete",
        "building:colour": "#9e9e9e",
        "building:type": "residential",
        "roof:shape": "gabled",
        "roof:height": 2.1
      }
    },
    {
      "type": "Feature",
      "geometry": {
        "type": "Polygon",
        "coordinates": [
          [
            [
              -1.3649269936172392,
              -5.98247996846993
            ],
            [
              -1.3649271460393715,
              -5.982369745866392
            ],
            [
              -1.3650157433647931,
              -5.982369868723973
            ],
            [
              -1.3650155908191353,
              -5.9824800913271305
            ],
            [
              -1.3649269936172392,
              -5.98247996846993
            ]
          ]
        ]
      },
      "properties": {
        "type": "building",
        "lod_level": 4,
        "height": 7.2,
        "building:levels": 2,
        "building:material": "brick",
        "building:colour": "#a0522d",
        "building:type": "industrial",
        "roof:shape": "hipped",
        "roof:height": 1.0
      }
    },
    {
      "type": "Feature",
      "geometry": {
        "type": "Polygon",
        "coordinates": [
          [
            [
              -1.3636715775378114,
              -5.981785787737775
            ],
            [
              -1.3636736653810573,
              -5.981655651074264
            ],
            [
              -1.3637788086986142,
              -5.981657342010201
            ],
            [
              -1.3637767206823335,
              -5.981787478667721
            ],
            [
              -1.3636715775378114,
              -5.981785787737775
            ]
          ]
        ]
      },
      "properties": {
        "type": "building",
        "lod_level": 4,
        "height": 10.2,
        "building:levels": 3,
        "building:material": "brick",
        "building:colour": "#b5895a",
        "building:type": "commercial",
        "roof:shape": "flat",
        "roof:height": 1.2
      }
    },
    {
      "type": "Feature",
      "geometry": {
        "type": "Polygon",
        "coordinates": [
          [
            [
              -1.3604485195500076,
              -5.983716362176562
            ],
            [
              -1.3604516137178986,
              -5.983574467963458
            ],
            [
              -1.3606021296591848,
              -5.983577758046414
            ],
            [
              -1.3605990352212665,
              -5.983719652246863
            ],
            [
              -1.3604485195500076,
              -5.983716362176562
            ]
          ]
        ]
      },
      "properties": {
        "type": "building",
        "lod_level": 4,
        "height": 13.4,
        "building:levels": 4,
        "building:material": "plaster",
        "building:colour": "#f5f5f5",
        "building:type": "residential",
        "roof:shape": "flat",
        "roof:height": 1.8
      }
    },
    {
      "type": "Feature",
      "geometry": {
        "type": "Polygon",
        "coordinates": [
          [
            [
              -1.3654083172461038,
              -5.982793039433412
            ],
            [
              -1.3654140407093323,
              -5.982708421142767
            ],
            [
              -1.3654970919516032,
              -5.982714051962461
            ],
            [
              -1.3654913683998877,
              -5.982798670240169
            ],
            [
              -1.3654083172461038,
              -5.982793039433412
            ]
          ]
        ]
      },
      "properties": {
        "type": "building",
        "lod_level": 4,
        "height": 10.8,
        "building:levels": 4,
        "building:material": "brick",
        "building:colour": "#c8a882",
        "building:type": "commercial",
        "roof:shape": "flat",
        "roof:height": 1.2
      }
    },
    {
      "type": "Feature",
      "geometry": {
        "type": "Polygon",
        "coordinates": [
          [
            [
              -1.3629860619011314,
              -5.981357001370184
            ],
            [
              -1.3627902793598408,
              -5.981360890192918
            ],
            [
              -1.3627879739499813,
              -5.981244556379468
            ],
            [
              -1.3629837567792593,
              -5.981240667544463
            ],
            [
              -1.3629860619011314,
              -5.981357001370184
            ]
          ]
        ]
      },
      "properties": {
        "type": "building",
        "lod_level": 4,
        "height": 15.9,
        "building:levels": 5,
        "building:material": "concrete",
        "building:colour": "#b0bec5",
        "building:type": "residential",
        "roof:shape": "pyramidal",
        "roof:height": 1.2
      }
    },
    {
      "type": "Feature",
      "geometry": {
        "type": "Polygon",
        "coordinates": [
          [
            [
              -1.3633971168843246,
              -5.983784797289334
            ],
            [
              -1.3633933777646399,
              -5.983682223253177
            ],
            [
              -1.3635511119164316,
              -5.983676459947088
            ],
            [
              -1.36355485083173,
              -5.983779033999296
            ],
            [
              -1.3633971168843246,
              -5.983784797289334
            ]
          ]
        ]
      },
      "properties": {
        "type": "building",
        "lod_level": 4,
        "height": 6.3,
        "building:levels": 2,
        "building:material": "plaster",
        "building:colour": "#e0e0e0",
        "building:type": "residential",
        "roof:shape": "hipped",
        "roof:height": 1.0
      }
    },
    {
      "type": "Feature",
      "geometry": {
        "type": "Polygon",
        "coordinates": [
          [
            [
              -1.3634787022995545,
              -5.98472517472438
            ],
            [
              -1.3632661065967526,
              -5.984716630233235
            ],
            [
              -1.3632744744145715,
              -5.984507932079186
            ],
            [
              -1.3634870706776998,
              -5.984516476618776
            ],
            [
              -1.3634787022995545,
              -5.98472517472438
            ]
          ]
        ]
      },
      "properties": {
        "type": "building",
        "lod_level": 4,
        "height": 20.6,
        "building:levels": 7,
        "building:material": "glass",
        "building:colour": "#b3e5fc",
        "building:type": "office",
        "roof:shape": "flat",
        "roof:height": 1.0
      }
    },
    {
      "type": "Feature",
      "geometry": {
        "type": "Polygon",
        "coordinates": [
          [
            [
              -1.3631936839752559,
              -5.983718215785761
            ],
            [
              -1.3631862255062033,
              -5.983436259868825
            ],
            [
              -1.3633324336523645,
              -5.98343238326337
            ],
            [
              -1.363339891600326,
              -5.983714339209988
            ],
            [
              -1.3631936839752559,
              -5.983718215785761
            ]
          ]
        ]
      },
      "properties": {
        "type": "building",
        "lod_level": 4,
        "height": 20.5,
        "building:levels": 7,
        "building:material": "brick",
        "building:colour": "#c8a882",
        "building:type": "residential",
        "roof:shape": "flat",
        "roof:height": 2.5
      }
    },
    {
      "type": "Feature",
      "geometry": {
        "type": "Polygon",
        "coordinates": [
          [
            [
              -1.3610664437976046,
              -5.984629297833395
            ],
            [
              -1.361074708132154,
              -5.98453487120343
            ],
            [
              -1.3612284266835102,
              -5.984548356766209
            ],
            [
              -1.361220162166763,
              -5.9846427833615925
            ],
            [
              -1.3610664437976046,
              -5.984629297833395
            ]
          ]
        ]
      },
      "properties": {
        "type": "building",
        "lod_level": 4,
        "height": 8.7,
        "building:levels": 3,
        "building:material": "concrete",
        "building:colour": "#b0bec5",
        "building:type": "office",
        "roof:shape": "flat",
        "roof:height": 1.0
      }
    },
    {
      "type": "Feature",
      "geometry": {
        "type": "Polygon",
        "coordinates": [
          [
            [
              -1.363611858552875,
              -5.983005186335612
            ],
            [
              -1.3633853195672885,
              -5.9829740672246805
            ],
            [
              -1.363412242587714,
              -5.982777608861901
            ],
            [
              -1.3636387821256641,
              -5.982808728138841
            ],
            [
              -1.363611858552875,
              -5.983005186335612
            ]
          ]
        ]
      },
      "properties": {
        "type": "building",
        "lod_level": 4,
        "height": 32.8,
        "building:levels": 11,
        "building:material": "concrete",
        "building:colour": "#b0bec5",
        "building:type": "office",
        "roof:shape": "pyramidal",
        "roof:height": 4.4
      }
    },
    {
      "type": "Feature",
      "geometry": {
        "type": "Polygon",
        "coordinates": [
          [
            [
              -1.36055955447284,
              -5.984999745015038
            ],
            [
              -1.3605685479404113,
              -5.984911993149058
            ],
            [
              -1.360719756285311,
              -5.984927526836978
            ],
            [
              -1.3607107626516677,
              -5.985015278665941
            ],
            [
              -1.36055955447284,
              -5.984999745015038
            ]
          ]
        ]
      },
      "properties": {
        "type": "building",
        "lod_level": 4,
        "height": 19.1,
        "building:levels": 6,
        "building:material": "concrete",
        "building:colour": "#b0bec5",
        "building:type": "commercial",
        "roof:shape": "flat",
        "roof:height": 2.3
      }
    },
    {
      "type": "Feature",
      "geometry": {
        "type": "Polygon",
        "coordinates": [
          [
            [
              -1.362559159008191,
              -5.982788875277031
            ],
            [
              -1.3623779606779824,
              -5.982760531605275
            ],
            [
              -1.3623951259350575,
              -5.982650535184373
            ],
            [
              -1.3625763245112263,
              -5.982678878940778
            ],
            [
              -1.362559159008191,
              -5.982788875277031
            ]
          ]
        ]
      },
      "properties": {
        "type": "building",
        "lod_level": 4,
        "height": 12.1,
        "building:levels": 4,
        "building:material": "concrete",
        "building:colour": "#78909c",
        "building:type": "residential",
        "roof:shape": "gabled",
        "roof:height": 1.4
      }
    },
    {
      "type": "Feature",
      "geometry": {
        "type": "Polygon",
        "coordinates": [
          [
            [
              -1.3634847706028947,
              -5.981943228776027
            ],
            [
              -1.3634913344532682,
              -5.98175537326344
            ],
            [
              -1.3635870681118367,
              -5.981758726283466
            ],
            [
              -1.3635805040342557,
              -5.9819465817789705
            ],
            [
              -1.3634847706028947,
              -5.981943228776027
            ]
          ]
        ]
      },
      "properties": {
        "type": "building",
        "lod_level": 4,
        "height": 12.8,
        "building:levels": 4,
        "building:material": "concrete",
        "building:colour": "#78909c",
        "building:type": "residential",
        "roof:shape": "gabled",
        "roof:height": 1.3
      }
    },
    {
      "type": "Feature",
      "geometry": {
        "type": "Polygon",
        "coordinates": [
          [
            [
              -1.362772777868384,
              -5.983500274327531
            ],
            [
              -1.3627715940979248,
              -5.983346821289138
            ],
            [
              -1.362985259366384,
              -5.983345169416992
            ],
            [
              -1.3629864427221268,
              -5.983498622462247
            ],
            [
              -1.362772777868384,
              -5.983500274327531
            ]
          ]
        ]
      },
      "properties": {
        "type": "building",
        "lod_level": 4,
        "height": 7.8,
        "building:levels": 3,
        "building:material": "plaster",
        "building:colour": "#e0e0e0",
        "building:type": "industrial",
        "roof:shape": "gabled",
        "roof:height": 1.1
      }
    },
    {
      "type": "Feature",
      "geometry": {
        "type": "Polygon",
        "coordinates": [
          [
            [
              -1.362180913099927,
              -5.981576974284522
            ],
            [
              -1.3621987969303713,
              -5.981459491830909
            ],
            [
              -1.3623585297826002,
              -5.9814838651272595
            ],
            [
              -1.3623406457202982,
              -5.9816013475031
            ],
            [
              -1.362180913099927,
              -5.981576974284522
            ]
          ]
        ]
      },
      "properties": {
        "type": "building",
        "lod_level": 4,
        "height": 3.4,
        "building:levels": 1,
        "building:material": "brick",
        "building:colour": "#a0522d",
        "building:type": "industrial",
        "roof:shape": "gabled",
        "roof:height": 0.7
      }
    },
    {
      "type": "Feature",
      "geometry": {
        "type": "Polygon",
        "coordinates": [
          [
            [
              -1.3631197938406308,
              -5.9832994795802925
            ],
            [
              -1.3631217726080032,
              -5.9831547845521715
            ],
            [
              -1.3632342591963524,
              -5.983156326576915
            ],
            [
              -1.3632322802231356,
              -5.983301021599002
            ],
            [
              -1.3631197938406308,
              -5.9832994795802925
            ]
          ]
        ]
      },
      "properties": {
        "type": "building",
        "lod_level": 4,
        "height": 3.4,
        "building:levels": 1,
        "building:material": "plaster",
        "building:colour": "#eeeeee",
        "building:type": "residential",
        "roof:shape": "hipped",
        "roof:height": 0.9
      }
    },
    {
      "type": "Feature",
      "geometry": {
        "type": "Polygon",
        "coordinates": [
          [
            [
              -1.3635288981307094,
              -5.983243321898564
            ],
            [
              -1.363557248873499,
              -5.983059413925665
            ],
            [
              -1.3637944190973792,
              -5.983096062365578
            ],
            [
              -1.363766067816003,
              -5.983279970155496
            ],
            [
              -1.3635288981307094,
              -5.983243321898564
            ]
          ]
        ]
      },
      "properties": {
        "type": "building",
        "lod_level": 4,
        "height": 13.6,
        "building:levels": 5,
        "building:material": "plaster",
        "building:colour": "#e0e0e0",
        "building:type": "commercial",
        "roof:shape": "flat",
        "roof:height": 2.0
      }
    },
    {
      "type": "Feature",
      "geometry": {
        "type": "Polygon",
        "coordinates": [
          [
            [
              -1.3628385291281215,
              -5.9824067049151095
            ],
            [
              -1.3628554697605617,
              -5.982289674152484
            ],
            [
              -1.3629783936621997,
              -5.982307510113099
            ],
            [
              -1.3629614528516103,
              -5.982424540819054
            ],
            [
              -1.3628385291281215,
              -5.9824067049151095
            ]
          ]
        ]
      },
      "properties": {
        "type": "building",
        "lod_level": 4,
        "height": 3.0,
        "building:levels": 1,
        "building:material": "brick",
        "building:colour": "#b5895a",
        "building:type": "residential",
        "roof:shape": "flat",
        "roof:height": 0.9
      }
    },
    {
      "type": "Feature",
      "geometry": {
        "type": "Polygon",
        "coordinates": [
          [
            [
              -1.3643257072332768,
              -5.9845349031198944
            ],
            [
              -1.3642152165221462,
              -5.984527630087841
            ],
            [
              -1.364227028105933,
              -5.984347764971845
            ],
            [
              -1.3643375190673614,
              -5.984355038039426
            ],
            [
              -1.3643257072332768,
              -5.9845349031198944
            ]
          ]
        ]
      },
      "properties": {
        "type": "building",
        "lod_level": 4,
        "height": 21.9,
        "building:levels": 7,
        "building:material": "brick",
        "building:colour": "#b5895a",
        "building:type": "residential",
        "roof:shape": "flat",
        "roof:height": 1.9
      }
    },
    {
      "type": "Feature",
      "geometry": {
        "type": "Polygon",
        "coordinates": [
          [
            [
              -1.3651682811528698,
              -5.985701718252663
            ],
            [
              -1.3650387556721726,
              -5.985696036654036
            ],
            [
              -1.3650469887232655,
              -5.985507899045988
            ],
            [
              -1.3651765145116186,
              -5.985513580673625
            ],
            [
              -1.3651682811528698,
              -5.985701718252663
            ]
          ]
        ]
      },
      "properties": {
        "type": "building",
        "lod_level": 4,
        "height": 11.9,
        "building:levels": 4,
        "building:material": "concrete",
        "building:colour": "#78909c",
        "building:type": "office",
        "roof:shape": "pyramidal",
        "roof:height": 1.7
      }
    },
    {
      "type": "Feature",
      "geometry": {
        "type": "Polygon",
        "coordinates": [
          [
            [
              -1.3638777109544615,
              -5.985416718653074
            ],
            [
              -1.3638791368065382,
              -5.985261938033819
            ],
            [
              -1.3640684580241693,
              -5.985263686419061
            ],
            [
              -1.3640670318014572,
              -5.985418467030994
            ],
            [
              -1.3638777109544615,
              -5.985416718653074
            ]
          ]
        ]
      },
      "properties": {
        "type": "building",
        "lod_level": 4,
        "height": 3.6,
        "building:levels": 1,
        "building:material": "brick",
        "building:colour": "#b5895a",
        "building:type": "commercial",
        "roof:shape": "hipped",
        "roof:height": 0.7
      }
    },
    {
      "type": "Feature",
      "geometry": {
        "type": "Polygon",
        "coordinates": [
          [
            [
              -1.3640748714052677,
              -5.983402059788933
            ],
            [
              -1.364086688014875,
              -5.983208108071804
            ],
            [
              -1.3642688428713203,
              -5.9832192324349585
            ],
            [
              -1.3642570258164863,
              -5.983413184093509
            ],
            [
              -1.3640748714052677,
              -5.983402059788933
            ]
          ]
        ]
      },
      "properties": {
        "type": "building",
        "lod_level": 4,
        "height": 29.5,
        "building:levels": 10,
        "building:material": "concrete",
        "building:colour": "#b0bec5",
        "building:type": "residential",
        "roof:shape": "flat",
        "roof:height": 2.9
      }
    },
    {
      "type": "Feature",
      "geometry": {
        "type": "Polygon",
        "coordinates": [
          [
            [
              -1.3608085654827977,
              -5.985117181646074
            ],
            [
              -1.360820027604299,
              -5.984932372021319
            ],
            [
              -1.3609047436031783,
              -5.984937638662517
            ],
            [
              -1.360893281284399,
              -5.98512244826084
            ],
            [
              -1.3608085654827977,
              -5.985117181646074
            ]
          ]
        ]
      },
      "properties": {
        "type": "building",
        "lod_level": 4,
        "height": 27.4,
        "building:levels": 9,
        "building:material": "concrete",
        "building:colour": "#78909c",
        "building:type": "office",
        "roof:shape": "flat",
        "roof:height": 3.1
      }
    },
    {
      "type": "Feature",
      "geometry": {
        "type": "Polygon",
        "coordinates": [
          [
            [
              -1.362487336355225,
              -5.984814910217322
            ],
            [
              -1.3622836667774194,
              -5.984820927796146
            ],
            [
              -1.3622806945144708,
              -5.984720096296346
            ],
            [
              -1.3624843643518192,
              -5.984714078701045
            ],
            [
              -1.362487336355225,
              -5.984814910217322
            ]
          ]
        ]
      },
      "properties": {
        "type": "building",
        "lod_level": 4,
        "height": 8.2,
        "building:levels": 3,
        "building:material": "brick",
        "building:colour": "#b5895a",
        "building:type": "office",
        "roof:shape": "flat",
        "roof:height": 1.2
      }
    },
    {
      "type": "Feature",
      "geometry": {
        "type": "Polygon",
        "coordinates": [
          [
            [
              -1.3614010512086887,
              -5.984746832017369
            ],
            [
              -1.361409131011342,
              -5.984639230963589
            ],
            [
              -1.3615039661296104,
              -5.984646369041829
            ],
            [
              -1.3614958861986084,
              -5.984753970074749
            ],
            [
              -1.3614010512086887,
              -5.984746832017369
            ]
          ]
        ]
      },
      "properties": {
        "type": "building",
        "lod_level": 4,
        "height": 7.7,
        "building:levels": 3,
        "building:material": "wood",
        "building:colour": "#6d4c41",
        "building:type": "industrial",
        "roof:shape": "flat",
        "roof:height": 1.1
      }
    },
    {
      "type": "Feature",
      "geometry": {
        "type": "Polygon",
        "coordinates": [
          [
            [
              -1.3636210417288248,
              -5.981166142487499
            ],
            [
              -1.363485702337884,
              -5.981158803756027
            ],
            [
              -1.363494584661136,
              -5.980994606443016
            ],
            [
              -1.3636299243323489,
              -5.981001945207226
            ],
            [
              -1.3636210417288248,
              -5.981166142487499
            ]
          ]
        ]
      },
      "properties": {
        "type": "building",
        "lod_level": 4,
        "height": 27.6,
        "building:levels": 9,
        "building:material": "brick",
        "building:colour": "#b5895a",
        "building:type": "office",
        "roof:shape": "flat",
        "roof:height": 3.8
      }
    },
    {
      "type": "Feature",
      "geometry": {
        "type": "Polygon",
        "coordinates": [
          [
            [
              -1.3625924071639746,
              -5.984722102454325
            ],
            [
              -1.3625917990024137,
              -5.9845936011504275
            ],
            [
              -1.3627157117470239,
              -5.984593013417535
            ],
            [
              -1.3627163197071752,
              -5.984721514723451
            ],
            [
              -1.3625924071639746,
              -5.984722102454325
            ]
          ]
        ]
      },
      "properties": {
        "type": "building",
        "lod_level": 4,
        "height": 37.0,
        "building:levels": 12,
        "building:material": "concrete",
        "building:colour": "#b0bec5",
        "building:type": "residential",
        "roof:shape": "gabled",
        "roof:height": 2.3
      }
    },
    {
      "type": "Feature",
      "geometry": {
        "type": "Polygon",
        "coordinates": [
          [
            [
              -1.3634533917962415,
              -5.981849629758549
            ],
            [
              -1.3632822189288563,
              -5.981842845303175
            ],
            [
              -1.3632876663869304,
              -5.981705075492152
            ],
            [
              -1.3634588395521485,
              -5.981711859972899
            ],
            [
              -1.3634533917962415,
              -5.981849629758549
            ]
          ]
        ]
      },
      "properties": {
        "type": "building",
        "lod_level": 4,
        "height": 45.1,
        "building:levels": 15,
        "building:material": "brick",
        "building:colour": "#a0522d",
        "building:type": "office",
        "roof:shape": "flat",
        "roof:height": 3.3
      }
    },
    {
      "type": "Feature",
      "geometry": {
        "type": "Polygon",
        "coordinates": [
          [
            [
              -1.362402945465207,
              -5.984340763076929
            ],
            [
              -1.3624314858618363,
              -5.984077157296544
            ],
            [
              -1.3626708979982427,
              -5.9841031399229365
            ],
            [
              -1.3626423568126917,
              -5.984366745517363
            ],
            [
              -1.362402945465207,
              -5.984340763076929
            ]
          ]
        ]
      },
      "properties": {
        "type": "building",
        "lod_level": 4,
        "height": 7.9,
        "building:levels": 3,
        "building:material": "plaster",
        "building:colour": "#eeeeee",
        "building:type": "commercial",
        "roof:shape": "flat",
        "roof:height": 1.1
      }
    },
    {
      "type": "Feature",
      "geometry": {
        "type": "Polygon",
        "coordinates": [
          [
            [
              -1.3622329896614207,
              -5.98429985907405
            ],
            [
              -1.3622459390567718,
              -5.984191123967711
            ],
            [
              -1.3623697457025115,
              -5.9842059031933745
            ],
            [
              -1.3623567961392955,
              -5.984314638256091
            ],
            [
              -1.3622329896614207,
              -5.98429985907405
            ]
          ]
        ]
      },
      "properties": {
        "type": "building",
        "lod_level": 4,
        "height": 25.3,
        "building:levels": 8,
        "building:material": "brick",
        "building:colour": "#a0522d",
        "building:type": "residential",
        "roof:shape": "gabled",
        "roof:height": 1.9
      }
    },
    {
      "type": "Feature",
      "geometry": {
        "type": "Polygon",
        "coordinates": [
          [
            [
              -1.3637350484000381,
              -5.985253687555889
            ],
            [
              -1.3637335009729143,
              -5.985082277116296
            ],
            [
              -1.363888094205306,
              -5.985080878365964
            ],
            [
              -1.3638896412972636,
              -5.985252288812065
            ],
            [
              -1.3637350484000381,
              -5.985253687555889
            ]
          ]
        ]
      },
      "properties": {
        "type": "building",
        "lod_level": 4,
        "height": 7.7,
        "building:levels": 3,
        "building:material": "brick",
        "building:colour": "#b5895a",
        "building:type": "industrial",
        "roof:shape": "gabled",
        "roof:height": 1.1
      }
    },
    {
      "type": "Feature",
      "geometry": {
        "type": "Polygon",
        "coordinates": [
          [
            [
              -1.3646031327345696,
              -5.985519227032035
            ],
            [
              -1.3646228359765682,
              -5.985298607318052
            ],
            [
              -1.3647552030038888,
              -5.98531045684177
            ],
            [
              -1.3647354993954488,
              -5.985531076484762
            ],
            [
              -1.3646031327345696,
              -5.985519227032035
            ]
          ]
        ]
      },
      "properties": {
        "type": "building",
        "lod_level": 4,
        "height": 14.4,
        "building:levels": 5,
        "building:material": "concrete",
        "building:colour": "#b0bec5",
        "building:type": "residential",
        "roof:shape": "flat",
        "roof:height": 1.2
      }
    },
    {
      "type": "Feature",
      "geometry": {
        "type": "Polygon",
        "coordinates": [
          [
            [
              -1.3629366651431503,
              -5.984074576795829
            ],
            [
              -1.362685197700788,
              -5.984072110590216
            ],
            [
              -1.3626873636522558,
              -5.983850701039515
            ],
            [
              -1.3629388317988302,
              -5.983853167259952
            ],
            [
              -1.3629366651431503,
              -5.984074576795829
            ]
          ]
        ]
      },
      "properties": {
        "type": "building",
        "lod_level": 4,
        "height": 12.3,
        "building:levels": 4,
        "building:material": "plaster",
        "building:colour": "#e0e0e0",
        "building:type": "commercial",
        "roof:shape": "gabled",
        "roof:height": 1.1
      }
    },
    {
      "type": "Feature",
      "geometry": {
        "type": "Polygon",
        "coordinates": [
          [
            [
              -1.3642194965207022,
              -5.986491191410348
            ],
            [
              -1.3642321523697225,
              -5.986342970265454
            ],
            [
              -1.364320879390655,
              -5.986350564109008
            ],
            [
              -1.3643082233764938,
              -5.986498785223348
            ],
            [
              -1.3642194965207022,
              -5.986491191410348
            ]
          ]
        ]
      },
      "properties": {
        "type": "building",
        "lod_level": 4,
        "height": 25.4,
        "building:levels": 8,
        "building:material": "glass",
        "building:colour": "#4fc3f7",
        "building:type": "residential",
        "roof:shape": "gabled",
        "roof:height": 2.6
      }
    },
    {
      "type": "Feature",
      "geometry": {
        "type": "Polygon",
        "coordinates": [
          [
            [
              -1.3603426985669433,
              -5.983194393778476
            ],
            [
              -1.3603464452309992,
              -5.983053075102141
            ],
            [
              -1.3605302103075438,
              -5.9830579588614805
            ],
            [
              -1.360526463315226,
              -5.983199277519061
            ],
            [
              -1.3603426985669433,
              -5.983194393778476
            ]
          ]
        ]
      },
      "properties": {
        "type": "building",
        "lod_level": 4,
        "height": 21.1,
        "building:levels": 7,
        "building:material": "brick",
        "building:colour": "#a0522d",
        "building:type": "residential",
        "roof:shape": "gabled",
        "roof:height": 2.3
      }
    },
    {
      "type": "Feature",
      "geometry": {
        "type": "Polygon",
        "coordinates": [
          [
            [
              -1.362118051294599,
              -5.981906455469078
            ],
            [
              -1.361934595325595,
              -5.981882958482459
            ],
            [
              -1.3619473789468277,
              -5.981782911057699
            ],
            [
              -1.3621308351442012,
              -5.981806408108131
            ],
            [
              -1.362118051294599,
              -5.981906455469078
            ]
          ]
        ]
      },
      "properties": {
        "type": "building",
        "lod_level": 4,
        "height": 7.8,
        "building:levels": 3,
        "building:material": "brick",
        "building:colour": "#c8a882",
        "building:type": "commercial",
        "roof:shape": "hipped",
        "roof:height": 1.1
      }
    },
    {
      "type": "Feature",
      "geometry": {
        "type": "Polygon",
        "coordinates": [
          [
            [
              -1.3633064545383138,
              -5.986356867787836
            ],
            [
              -1.3631139447011689,
              -5.9863530041692945
            ],
            [
              -1.3631173206186848,
              -5.986184388504082
            ],
            [
              -1.363309830866266,
              -5.98618825214032
            ],
            [
              -1.3633064545383138,
              -5.986356867787836
            ]
          ]
        ]
      },
      "properties": {
        "type": "building",
        "lod_level": 4,
        "height": 33.7,
        "building:levels": 11,
        "building:material": "concrete",
        "building:colour": "#9e9e9e",
        "building:type": "office",
        "roof:shape": "flat",
        "roof:height": 4.5
      }
    },
    {
      "type": "Feature",
      "geometry": {
        "type": "Polygon",
        "coordinates": [
          [
            [
              -1.3635387459833401,
              -5.985160879730905
            ],
            [
              -1.363427587856969,
              -5.985144338161234
            ],
            [
              -1.363442046568119,
              -5.985046947060495
            ],
            [
              -1.3635532048284043,
              -5.98506348867391
            ],
            [
              -1.3635387459833401,
              -5.985160879730905
            ]
          ]
        ]
      },
      "properties": {
        "type": "building",
        "lod_level": 4,
        "height": 24.3,
        "building:levels": 8,
        "building:material": "glass",
        "building:colour": "#4fc3f7",
        "building:type": "office",
        "roof:shape": "flat",
        "roof:height": 2.2
      }
    },
    {
      "type": "Feature",
      "geometry": {
        "type": "Polygon",
        "coordinates": [
          [
            [
              -1.3612559491084537,
              -5.983581097745037
            ],
            [
              -1.3612774274538044,
              -5.983406350938445
            ],
            [
              -1.3614818499397645,
              -5.983431536486953
            ],
            [
              -1.3614603711493976,
              -5.983606283174017
            ],
            [
              -1.3612559491084537,
              -5.983581097745037
            ]
          ]
        ]
      },
      "properties": {
        "type": "building",
        "lod_level": 4,
        "height": 9.2,
        "building:levels": 3,
        "building:material": "plaster",
        "building:colour": "#e0e0e0",
        "building:type": "residential",
        "roof:shape": "flat",
        "roof:height": 1.3
      }
    },
    {
      "type": "Feature",
      "geometry": {
        "type": "Polygon",
        "coordinates": [
          [
            [
              -1.3638783486600858,
              -5.985786022706513
            ],
            [
              -1.3637697209701762,
              -5.9857885543975895
            ],
            [
              -1.363765825093182,
              -5.985621004512628
            ],
            [
              -1.3638744530131905,
              -5.985618472810049
            ],
            [
              -1.3638783486600858,
              -5.985786022706513
            ]
          ]
        ]
      },
      "properties": {
        "type": "building",
        "lod_level": 4,
        "height": 15.3,
        "building:levels": 5,
        "building:material": "plaster",
        "building:colour": "#eeeeee",
        "building:type": "residential",
        "roof:shape": "flat",
        "roof:height": 1.1
      }
    },
    {
      "type": "Feature",
      "geometry": {
        "type": "Polygon",
        "coordinates": [
          [
            [
              -1.3648718271701588,
              -5.986093200595063
            ],
            [
              -1.3648810238282756,
              -5.985914314046053
            ],
            [
              -1.3649897712760457,
              -5.985919918067196
            ],
            [
              -1.3649805743725085,
              -5.986098804588981
            ],
            [
              -1.3648718271701588,
              -5.986093200595063
            ]
          ]
        ]
      },
      "properties": {
        "type": "building",
        "lod_level": 4,
        "height": 18.2,
        "building:levels": 6,
        "building:material": "concrete",
        "building:colour": "#9e9e9e",
        "building:type": "office",
        "roof:shape": "flat",
        "roof:height": 1.7
      }
    },
    {
      "type": "Feature",
      "geometry": {
        "type": "Polygon",
        "coordinates": [
          [
            [
              -1.3602582836900532,
              -5.984055418214364
            ],
            [
              -1.360273387614541,
              -5.983896509397242
            ],
            [
              -1.3604438786907005,
              -5.9839127526927465
            ],
            [
              -1.3604287744266135,
              -5.984071661439813
            ],
            [
              -1.3602582836900532,
              -5.984055418214364
            ]
          ]
        ]
      },
      "properties": {
        "type": "building",
        "lod_level": 4,
        "height": 8.0,
        "building:levels": 3,
        "building:material": "brick",
        "building:colour": "#b5895a",
        "building:type": "residential",
        "roof:shape": "pyramidal",
        "roof:height": 1.2
      }
    },
    {
      "type": "Feature",
      "geometry": {
        "type": "Polygon",
        "coordinates": [
          [
            [
              -1.3631222391290267,
              -5.98296361577414
            ],
            [
              -1.3631230215954626,
              -5.982711150382954
            ],
            [
              -1.3632845003281597,
              -5.982711652205456
            ],
            [
              -1.3632837173460473,
              -5.982964117593212
            ],
            [
              -1.3631222391290267,
              -5.98296361577414
            ]
          ]
        ]
      },
      "properties": {
        "type": "building",
        "lod_level": 4,
        "height": 14.8,
        "building:levels": 5,
        "building:material": "brick",
        "building:colour": "#a0522d",
        "building:type": "office",
        "roof:shape": "pyramidal",
        "roof:height": 1.4
      }
    },
    {
      "type": "Feature",
      "geometry": {
        "type": "Polygon",
        "coordinates": [
          [
            [
              -1.3622350263304825,
              -5.983259646123987
            ],
            [
              -1.3622248405938824,
              -5.983017103276867
            ],
            [
              -1.3623353213570197,
              -5.983012452658266
            ],
            [
              -1.3623455067552661,
              -5.983254995536001
            ],
            [
              -1.3622350263304825,
              -5.983259646123987
            ]
          ]
        ]
      },
      "properties": {
        "type": "building",
        "lod_level": 4,
        "height": 23.9,
        "building:levels": 8,
        "building:material": "concrete",
        "building:colour": "#78909c",
        "building:type": "residential",
        "roof:shape": "flat",
        "roof:height": 1.4
      }
    },
    {
      "type": "Feature",
      "geometry": {
        "type": "Polygon",
        "coordinates": [
          [
            [
              -1.363602986217814,
              -5.984210457353683
            ],
            [
              -1.363619908496267,
              -5.9839469174406545
            ],
            [
              -1.363786687097219,
              -5.983957652039163
            ],
            [
              -1.3637697642650919,
              -5.984221191875379
            ],
            [
              -1.363602986217814,
              -5.984210457353683
            ]
          ]
        ]
      },
      "properties": {
        "type": "building",
        "lod_level": 4,
        "height": 17.0,
        "building:levels": 6,
        "building:material": "brick",
        "building:colour": "#c8a882",
        "building:type": "office",
        "roof:shape": "pyramidal",
        "roof:height": 1.4
      }
    },
    {
      "type": "Feature",
      "geometry": {
        "type": "Polygon",
        "coordinates": [
          [
            [
              -1.363061112897264,
              -5.986752492118256
            ],
            [
              -1.3629544507170417,
              -5.986750316917741
            ],
            [
              -1.3629567005062473,
              -5.986639734041362
            ],
            [
              -1.3630633628356068,
              -5.98664190924839
            ],
            [
              -1.363061112897264,
              -5.986752492118256
            ]
          ]
        ]
      },
      "properties": {
        "type": "building",
        "lod_level": 4,
        "height": 4.1,
        "building:levels": 1,
        "building:material": "plaster",
        "building:colour": "#eeeeee",
        "building:type": "residential",
        "roof:shape": "hipped",
        "roof:height": 1.0
      }
    },
    {
      "type": "Feature",
      "geometry": {
        "type": "Polygon",
        "coordinates": [
          [
            [
              -1.3619736287290922,
              -5.983247603056658
            ],
            [
              -1.361790895497879,
              -5.9832191901470475
            ],
            [
              -1.361808109005644,
              -5.983108221403022
            ],
            [
              -1.3619908424871698,
              -5.983136634398227
            ],
            [
              -1.3619736287290922,
              -5.983247603056658
            ]
          ]
        ]
      },
      "properties": {
        "type": "building",
        "lod_level": 4,
        "height": 3.7,
        "building:levels": 1,
        "building:material": "wood",
        "building:colour": "#795548",
        "building:type": "commercial",
        "roof:shape": "hipped",
        "roof:height": 0.9
      }
    },
    {
      "type": "Feature",
      "geometry": {
        "type": "Polygon",
        "coordinates": [
          [
            [
              -1.364081666537207,
              -5.98493381586054
            ],
            [
              -1.3638320240302142,
              -5.984932980130327
            ],
            [
              -1.363832340341005,
              -5.984838226632985
            ],
            [
              -1.3640819831472077,
              -5.984839062365348
            ],
            [
              -1.364081666537207,
              -5.98493381586054
            ]
          ]
        ]
      },
      "properties": {
        "type": "building",
        "lod_level": 4,
        "height": 13.4,
        "building:levels": 4,
        "building:material": "concrete",
        "building:colour": "#9e9e9e",
        "building:type": "office",
        "roof:shape": "gabled",
        "roof:height": 1.7
      }
    },
    {
      "type": "Feature",
      "geometry": {
        "type": "Polygon",
        "coordinates": [
          [
            [
              -1.365260055004788,
              -5.982101986206571
            ],
            [
              -1.3651686323012486,
              -5.9820900701180095
            ],
            [
              -1.3651893518212466,
              -5.98193072826814
            ],
            [
              -1.3652807747059312,
              -5.981942644408269
            ],
            [
              -1.365260055004788,
              -5.982101986206571
            ]
          ]
        ]
      },
      "properties": {
        "type": "building",
        "lod_level": 4,
        "height": 31.2,
        "building:levels": 10,
        "building:material": "concrete",
        "building:colour": "#b0bec5",
        "building:type": "office",
        "roof:shape": "flat",
        "roof:height": 4.6
      }
    },
    {
      "type": "Feature",
      "geometry": {
        "type": "Polygon",
        "coordinates": [
          [
            [
              -1.363277211929722,
              -5.983222584975973
            ],
            [
              -1.363156186701515,
              -5.983227860937746
            ],
            [
              -1.3631465059690306,
              -5.983005273461053
            ],
            [
              -1.3632675315373473,
              -5.982999997467367
            ],
            [
              -1.363277211929722,
              -5.983222584975973
            ]
          ]
        ]
      },
      "properties": {
        "type": "building",
        "lod_level": 4,
        "height": 13.0,
        "building:levels": 4,
        "building:material": "brick",
        "building:colour": "#c8a882",
        "building:type": "residential",
        "roof:shape": "gabled",
        "roof:height": 1.0
      }
    },
    {
      "type": "Feature",
      "geometry": {
        "type": "Polygon",
        "coordinates": [
          [
            [
              -1.3625673167463246,
              -5.984034861485231
            ],
            [
              -1.3623707361119908,
              -5.984025860999688
            ],
            [
              -1.3623782581461559,
              -5.983861178790591
            ],
            [
              -1.3625748391891328,
              -5.983870179316361
            ],
            [
              -1.3625673167463246,
              -5.984034861485231
            ]
          ]
        ]
      },
      "properties": {
        "type": "building",
        "lod_level": 4,
        "height": 19.0,
        "building:levels": 6,
        "building:material": "brick",
        "building:colour": "#c8a882",
        "building:type": "office",
        "roof:shape": "flat",
        "roof:height": 2.0
      }
    },
    {
      "type": "Feature",
      "geometry": {
        "type": "Polygon",
        "coordinates": [
          [
            [
              -1.361719661686647,
              -5.982540896233508
            ],
            [
              -1.3615628212832314,
              -5.9825208206969425
            ],
            [
              -1.3615770588219294,
              -5.982409325433744
            ],
            [
              -1.3617338994429267,
              -5.98242940103108
            ],
            [
              -1.361719661686647,
              -5.982540896233508
            ]
          ]
        ]
      },
      "properties": {
        "type": "building",
        "lod_level": 4,
        "height": 8.5,
        "building:levels": 3,
        "building:material": "concrete",
        "building:colour": "#78909c",
        "building:type": "residential",
        "roof:shape": "flat",
        "roof:height": 1.1
      }
    },
    {
      "type": "Feature",
      "geometry": {
        "type": "Polygon",
        "coordinates": [
          [
            [
              -1.3640406548125854,
              -5.982454822177536
            ],
            [
              -1.3640579014738752,
              -5.982340463156617
            ],
            [
              -1.3642464118788102,
              -5.98236896031485
            ],
            [
              -1.3642291649510474,
              -5.982483319247261
            ],
            [
              -1.3640406548125854,
              -5.982454822177536
            ]
          ]
        ]
      },
      "properties": {
        "type": "building",
        "lod_level": 4,
        "height": 30.8,
        "building:levels": 10,
        "building:material": "concrete",
        "building:colour": "#78909c",
        "building:type": "office",
        "roof:shape": "flat",
        "roof:height": 2.0
      }
    },
    {
      "type": "Feature",
      "geometry": {
        "type": "Polygon",
        "coordinates": [
          [
            [
              -1.365127382331198,
              -5.98352448115261
            ],
            [
              -1.3649224022910256,
              -5.983519981933759
            ],
            [
              -1.3649252650757326,
              -5.983389240119286
            ],
            [
              -1.3651302454547352,
              -5.983393739354106
            ],
            [
              -1.365127382331198,
              -5.98352448115261
            ]
          ]
        ]
      },
      "properties": {
        "type": "building",
        "lod_level": 4,
        "height": 11.8,
        "building:levels": 4,
        "building:material": "plaster",
        "building:colour": "#eeeeee",
        "building:type": "office",
        "roof:shape": "gabled",
        "roof:height": 1.5
      }
    },
    {
      "type": "Feature",
      "geometry": {
        "type": "Polygon",
        "coordinates": [
          [
            [
              -1.36116644482907,
              -5.985586347177265
            ],
            [
              -1.3611885079706416,
              -5.985400698695264
            ],
            [
              -1.3613385181663389,
              -5.9854185686559855
            ],
            [
              -1.3613164546774832,
              -5.9856042170478965
            ],
            [
              -1.36116644482907,
              -5.985586347177265
            ]
          ]
        ]
      },
      "properties": {
        "type": "building",
        "lod_level": 4,
        "height": 4.0,
        "building:levels": 1,
        "building:material": "wood",
        "building:colour": "#795548",
        "building:type": "commercial",
        "roof:shape": "gabled",
        "roof:height": 1.0
      }
    },
    {
      "type": "Feature",
      "geometry": {
        "type": "Polygon",
        "coordinates": [
          [
            [
              -1.3631265727355275,
              -5.983788278980137
            ],
            [
              -1.3631304810554903,
              -5.983649089812496
            ],
            [
              -1.3632632535333116,
              -5.983652826887345
            ],
            [
              -1.363259344979768,
              -5.98379201604087
            ],
            [
              -1.3631265727355275,
              -5.983788278980137
            ]
          ]
        ]
      },
      "properties": {
        "type": "building",
        "lod_level": 4,
        "height": 9.8,
        "building:levels": 3,
        "building:material": "brick",
        "building:colour": "#b5895a",
        "building:type": "commercial",
        "roof:shape": "flat",
        "roof:height": 1.3
      }
    },
    {
      "type": "Feature",
      "geometry": {
        "type": "Polygon",
        "coordinates": [
          [
            [
              -1.3611778708464968,
              -5.984202758872239
            ],
            [
              -1.3610702717208665,
              -5.984206016467554
            ],
            [
              -1.3610658426460944,
              -5.98405938089855
            ],
            [
              -1.361173441971122,
              -5.984056123290256
            ],
            [
              -1.3611778708464968,
              -5.984202758872239
            ]
          ]
        ]
      },
      "properties": {
        "type": "building",
        "lod_level": 4,
        "height": 17.0,
        "building:levels": 6,
        "building:material": "concrete",
        "building:colour": "#9e9e9e",
        "building:type": "residential",
        "roof:shape": "pyramidal",
        "roof:height": 2.4
      }
    },
    {
      "type": "Feature",
      "geometry": {
        "type": "Polygon",
        "coordinates": [
          [
            [
              -1.3619739997659221,
              -5.9834608285752715
            ],
            [
              -1.3619865896166603,
              -5.983344319525027
            ],
            [
              -1.3620982526109362,
              -5.983356414349295
            ],
            [
              -1.3620856625975595,
              -5.9834729233612585
            ],
            [
              -1.3619739997659221,
              -5.9834608285752715
            ]
          ]
        ]
      },
      "properties": {
        "type": "building",
        "lod_level": 4,
        "height": 10.7,
        "building:levels": 4,
        "building:material": "concrete",
        "building:colour": "#9e9e9e",
        "building:type": "residential",
        "roof:shape": "flat",
        "roof:height": 1.1
      }
    },
    {
      "type": "Feature",
      "geometry": {
        "type": "Polygon",
        "coordinates": [
          [
            [
              -1.363435214510467,
              -5.982808536365551
            ],
            [
              -1.363343783327719,
              -5.98279478454605
            ],
            [
              -1.363377680638349,
              -5.982568878582948
            ],
            [
              -1.3634691120764701,
              -5.982582630486803
            ],
            [
              -1.363435214510467,
              -5.982808536365551
            ]
          ]
        ]
      },
      "properties": {
        "type": "building",
        "lod_level": 4,
        "height": 9.9,
        "building:levels": 3,
        "building:material": "concrete",
        "building:colour": "#9e9e9e",
        "building:type": "residential",
        "roof:shape": "gabled",
        "roof:height": 1.1
      }
    },
    {
      "type": "Feature",
      "geometry": {
        "type": "Polygon",
        "coordinates": [
          [
            [
              -1.3617229380481783,
              -5.981468938688762
            ],
            [
              -1.3616396824934263,
              -5.981457646507587
            ],
            [
              -1.3616581548637283,
              -5.981321128901507
            ],
            [
              -1.3617414105596128,
              -5.981332421124564
            ],
            [
              -1.3617229380481783,
              -5.981468938688762
            ]
          ]
        ]
      },
      "properties": {
        "type": "building",
        "lod_level": 4,
        "height": 3.0,
        "building:levels": 1,
        "building:material": "wood",
        "building:colour": "#8d6e63",
        "building:type": "commercial",
        "roof:shape": "flat",
        "roof:height": 0.7
      }
    },
    {
      "type": "Feature",
      "geometry": {
        "type": "Polygon",
        "coordinates": [
          [
            [
              -1.3634218395417448,
              -5.983806896727357
            ],
            [
              -1.3634378501313806,
              -5.983701817860375
            ],
            [
              -1.3636166865558217,
              -5.9837291313455525
            ],
            [
              -1.3636006757340118,
              -5.98383421013461
            ],
            [
              -1.3634218395417448,
              -5.983806896727357
            ]
          ]
        ]
      },
      "properties": {
        "type": "building",
        "lod_level": 4,
        "height": 15.4,
        "building:levels": 5,
        "building:material": "brick",
        "building:colour": "#c8a882",
        "building:type": "office",
        "roof:shape": "flat",
        "roof:height": 2.3
      }
    },
    {
      "type": "Feature",
      "geometry": {
        "type": "Polygon",
        "coordinates": [
          [
            [
              -1.3627784948740624,
              -5.983719096227295
            ],
            [
              -1.3625932246748333,
              -5.983718011366367
            ],
            [
              -1.362593847068912,
              -5.983611447626636
            ],
            [
              -1.3627791175178678,
              -5.983612532490708
            ],
            [
              -1.3627784948740624,
              -5.983719096227295
            ]
          ]
        ]
      },
      "properties": {
        "type": "building",
        "lod_level": 4,
        "height": 10.9,
        "building:levels": 4,
        "building:material": "concrete",
        "building:colour": "#b0bec5",
        "building:type": "residential",
        "roof:shape": "flat",
        "roof:height": 1.6
      }
    },
    {
      "type": "Feature",
      "geometry": {
        "type": "Polygon",
        "coordinates": [
          [
            [
              -1.3622980345290279,
              -5.98134131795065
            ],
            [
              -1.3621973825679459,
              -5.981344860533343
            ],
            [
              -1.362192691410702,
              -5.981211261446682
            ],
            [
              -1.3622933435416686,
              -5.981207718851145
            ],
            [
              -1.3622980345290279,
              -5.98134131795065
            ]
          ]
        ]
      },
      "properties": {
        "type": "building",
        "lod_level": 4,
        "height": 18.8,
        "building:levels": 6,
        "building:material": "concrete",
        "building:colour": "#78909c",
        "building:type": "commercial",
        "roof:shape": "flat",
        "roof:height": 2.4
      }
    },
    {
      "type": "Feature",
      "geometry": {
        "type": "Polygon",
        "coordinates": [
          [
            [
              -1.3621688519557458,
              -5.986614430255173
            ],
            [
              -1.3620856812944182,
              -5.986608203462956
            ],
            [
              -1.3620948482564919,
              -5.986485472265163
            ],
            [
              -1.3621780190462167,
              -5.986491699078122
            ],
            [
              -1.3621688519557458,
              -5.986614430255173
            ]
          ]
        ]
      },
      "properties": {
        "type": "building",
        "lod_level": 4,
        "height": 20.0,
        "building:levels": 7,
        "building:material": "brick",
        "building:colour": "#b5895a",
        "building:type": "residential",
        "roof:shape": "gabled",
        "roof:height": 2.4
      }
    },
    {
      "type": "Feature",
      "geometry": {
        "type": "Polygon",
        "coordinates": [
          [
            [
              -1.3622015096466367,
              -5.985880328430468
            ],
            [
              -1.362216826316705,
              -5.985660308767013
            ],
            [
              -1.3623681015550815,
              -5.985670864775253
            ],
            [
              -1.3623527844660444,
              -5.985890884375639
            ],
            [
              -1.3622015096466367,
              -5.985880328430468
            ]
          ]
        ]
      },
      "properties": {
        "type": "building",
        "lod_level": 4,
        "height": 27.6,
        "building:levels": 9,
        "building:material": "glass",
        "building:colour": "#b3e5fc",
        "building:type": "office",
        "roof:shape": "flat",
        "roof:height": 1.7
      }
    },
    {
      "type": "Feature",
      "geometry": {
        "type": "Polygon",
        "coordinates": [
          [
            [
              -1.3644203767448633,
              -5.982314064085586
            ],
            [
              -1.3644151666057645,
              -5.9821559015783095
            ],
            [
              -1.3645628384288433,
              -5.982151025624282
            ],
            [
              -1.3645680482728249,
              -5.982309188152495
            ],
            [
              -1.3644203767448633,
              -5.982314064085586
            ]
          ]
        ]
      },
      "properties": {
        "type": "building",
        "lod_level": 4,
        "height": 5.6,
        "building:levels": 2,
        "building:material": "wood",
        "building:colour": "#8d6e63",
        "building:type": "residential",
        "roof:shape": "hipped",
        "roof:height": 1.0
      }
    },
    {
      "type": "Feature",
      "geometry": {
        "type": "Polygon",
        "coordinates": [
          [
            [
              -1.3619940475177654,
              -5.982146312556957
            ],
            [
              -1.3617815885769406,
              -5.982121324340937
            ],
            [
              -1.3618037883414724,
              -5.98193212443819
            ],
            [
              -1.3620162477837447,
              -5.981957112782599
            ],
            [
              -1.3619940475177654,
              -5.982146312556957
            ]
          ]
        ]
      },
      "properties": {
        "type": "building",
        "lod_level": 4,
        "height": 29.5,
        "building:levels": 10,
        "building:material": "brick",
        "building:colour": "#c8a882",
        "building:type": "commercial",
        "roof:shape": "flat",
        "roof:height": 2.4
      }
    },
    {
      "type": "Feature",
      "geometry": {
        "type": "Polygon",
        "coordinates": [
          [
            [
              -1.3630611223878142,
              -5.986166942910169
            ],
            [
              -1.3628893114412317,
              -5.986174552541651
            ],
            [
              -1.3628847434085252,
              -5.986071174775935
            ],
            [
              -1.3630565545793374,
              -5.986063565123094
            ],
            [
              -1.3630611223878142,
              -5.986166942910169
            ]
          ]
        ]
      },
      "properties": {
        "type": "building",
        "lod_level": 4,
        "height": 25.8,
        "building:levels": 9,
        "building:material": "glass",
        "building:colour": "#b3e5fc",
        "building:type": "residential",
        "roof:shape": "gabled",
        "roof:height": 3.3
      }
    },
    {
      "type": "Feature",
      "geometry": {
        "type": "Polygon",
        "coordinates": [
          [
            [
              -1.3628354887622294,
              -5.983340286668855
            ],
            [
              -1.3626972235629395,
              -5.983319810235808
            ],
            [
              -1.3627203271736694,
              -5.983163435370232
            ],
            [
              -1.362858592640468,
              -5.983183911890217
            ],
            [
              -1.3628354887622294,
              -5.983340286668855
            ]
          ]
        ]
      },
      "properties": {
        "type": "building",
        "lod_level": 4,
        "height": 16.7,
        "building:levels": 6,
        "building:material": "brick",
        "building:colour": "#a0522d",
        "building:type": "residential",
        "roof:shape": "flat",
        "roof:height": 2.1
      }
    },
    {
      "type": "Feature",
      "geometry": {
        "type": "Polygon",
        "coordinates": [
          [
            [
              -1.3658169461103322,
              -5.984894612381075
            ],
            [
              -1.3656738657131344,
              -5.984891265705401
            ],
            [
              -1.3656772506711456,
              -5.984746201572401
            ],
            [
              -1.3658203313307478,
              -5.984749548261239
            ],
            [
              -1.3658169461103322,
              -5.984894612381075
            ]
          ]
        ]
      },
      "properties": {
        "type": "building",
        "lod_level": 4,
        "height": 30.2,
        "building:levels": 10,
        "building:material": "concrete",
        "building:colour": "#78909c",
        "building:type": "residential",
        "roof:shape": "flat",
        "roof:height": 3.7
      }
    },
    {
      "type": "Feature",
      "geometry": {
        "type": "Polygon",
        "coordinates": [
          [
            [
              -1.3604110631040094,
              -5.983392723644078
            ],
            [
              -1.3602286796171779,
              -5.983365428935103
            ],
            [
              -1.360250673459188,
              -5.983218117178429
            ],
            [
              -1.360433057278276,
              -5.98324541199659
            ],
            [
              -1.3604110631040094,
              -5.983392723644078
            ]
          ]
        ]
      },
      "properties": {
        "type": "building",
        "lod_level": 4,
        "height": 6.9,
        "building:levels": 2,
        "building:material": "brick",
        "building:colour": "#a0522d",
        "building:type": "residential",
        "roof:shape": "gabled",
        "roof:height": 1.0
      }
    },
    {
      "type": "Feature",
      "geometry": {
        "type": "Polygon",
        "coordinates": [
          [
            [
              -1.363201860584782,
              -5.98414166938291
            ],
            [
              -1.3629835795688927,
              -5.984133653862701
            ],
            [
              -1.3629902676166967,
              -5.9839510859135245
            ],
            [
              -1.3632085491359969,
              -5.983959101473461
            ],
            [
              -1.363201860584782,
              -5.98414166938291
            ]
          ]
        ]
      },
      "properties": {
        "type": "building",
        "lod_level": 4,
        "height": 21.6,
        "building:levels": 7,
        "building:material": "brick",
        "building:colour": "#a0522d",
        "building:type": "residential",
        "roof:shape": "flat",
        "roof:height": 1.4
      }
    },
    {
      "type": "Feature",
      "geometry": {
        "type": "Polygon",
        "coordinates": [
          [
            [
              -1.3638801697134497,
              -5.984814147569394
            ],
            [
              -1.3638899672239486,
              -5.984674331829685
            ],
            [
              -1.364049470732898,
              -5.984685535507492
            ],
            [
              -1.364039672941694,
              -5.984825351204664
            ],
            [
              -1.3638801697134497,
              -5.984814147569394
            ]
          ]
        ]
      },
      "properties": {
        "type": "building",
        "lod_level": 4,
        "height": 32.2,
        "building:levels": 11,
        "building:material": "brick",
        "building:colour": "#a0522d",
        "building:type": "residential",
        "roof:shape": "flat",
        "roof:height": 4.8
      }
    },
    {
      "type": "Feature",
      "geometry": {
        "type": "Polygon",
        "coordinates": [
          [
            [
              -1.3633956105798781,
              -5.983955818896572
            ],
            [
              -1.3634000446251293,
              -5.983830966307882
            ],
            [
              -1.363561027782221,
              -5.983836697186557
            ],
            [
              -1.3635565934830494,
              -5.983961549755815
            ],
            [
              -1.3633956105798781,
              -5.983955818896572
            ]
          ]
        ]
      },
      "properties": {
        "type": "building",
        "lod_level": 4,
        "height": 23.5,
        "building:levels": 8,
        "building:material": "concrete",
        "building:colour": "#b0bec5",
        "building:type": "office",
        "roof:shape": "flat",
        "roof:height": 2.9
      }
    },
    {
      "type": "Feature",
      "geometry": {
        "type": "Polygon",
        "coordinates": [
          [
            [
              -1.3654680670558343,
              -5.9840673598023075
            ],
            [
              -1.365293979750668,
              -5.984055888709216
            ],
            [
              -1.3653058435276817,
              -5.9838754136328
            ],
            [
              -1.365479931228547,
              -5.983886884782108
            ],
            [
              -1.3654680670558343,
              -5.9840673598023075
            ]
          ]
        ]
      },
      "properties": {
        "type": "building",
        "lod_level": 4,
        "height": 17.1,
        "building:levels": 6,
        "building:material": "plaster",
        "building:colour": "#eeeeee",
        "building:type": "office",
        "roof:shape": "flat",
        "roof:height": 1.4
      }
    },
    {
      "type": "Feature",
      "geometry": {
        "type": "Polygon",
        "coordinates": [
          [
            [
              -1.3620007748405478,
              -5.983177900612905
            ],
            [
              -1.362020837623912,
              -5.983041977513984
            ],
            [
              -1.362161952506246,
              -5.9830628560697106
            ],
            [
              -1.3621418894855577,
              -5.983198779091561
            ],
            [
              -1.3620007748405478,
              -5.983177900612905
            ]
          ]
        ]
      },
      "properties": {
        "type": "building",
        "lod_level": 4,
        "height": 14.1,
        "building:levels": 5,
        "building:material": "brick",
        "building:colour": "#a0522d",
        "building:type": "residential",
        "roof:shape": "flat",
        "roof:height": 1.3
      }
    },
    {
      "type": "Feature",
      "geometry": {
        "type": "Polygon",
        "coordinates": [
          [
            [
              -1.3636836718130763,
              -5.986530863630153
            ],
            [
              -1.363702178963321,
              -5.986329425838025
            ],
            [
              -1.3638534231690866,
              -5.986343354320378
            ],
            [
              -1.3638349156367244,
              -5.986544792036309
            ],
            [
              -1.3636836718130763,
              -5.986530863630153
            ]
          ]
        ]
      },
      "properties": {
        "type": "building",
        "lod_level": 4,
        "height": 19.1,
        "building:levels": 6,
        "building:material": "brick",
        "building:colour": "#c8a882",
        "building:type": "office",
        "roof:shape": "flat",
        "roof:height": 1.5
      }
    },
    {
      "type": "Feature",
      "geometry": {
        "type": "Polygon",
        "coordinates": [
          [
            [
              -1.3627105598547227,
              -5.981906295252428
            ],
            [
              -1.3627187230474207,
              -5.981819585616467
            ],
            [
              -1.3628506810780787,
              -5.981832038252096
            ],
            [
              -1.3628425177419328,
              -5.981918747858723
            ],
            [
              -1.3627105598547227,
              -5.981906295252428
            ]
          ]
        ]
      },
      "properties": {
        "type": "building",
        "lod_level": 4,
        "height": 28.2,
        "building:levels": 9,
        "building:material": "concrete",
        "building:colour": "#9e9e9e",
        "building:type": "office",
        "roof:shape": "pyramidal",
        "roof:height": 1.1
      }
    },
    {
      "type": "Feature",
      "geometry": {
        "type": "Polygon",
        "coordinates": [
          [
            [
              -1.3610283385727109,
              -5.983644893780353
            ],
            [
              -1.360846125941073,
              -5.9836492678703985
            ],
            [
              -1.36084288877123,
              -5.98351410395567
            ],
            [
              -1.3610251017142234,
              -5.983509729849561
            ],
            [
              -1.3610283385727109,
              -5.983644893780353
            ]
          ]
        ]
      },
      "properties": {
        "type": "building",
        "lod_level": 4,
        "height": 41.3,
        "building:levels": 14,
        "building:material": "glass",
        "building:colour": "#b3e5fc",
        "building:type": "office",
        "roof:shape": "gabled",
        "roof:height": 3.2
      }
    },
    {
      "type": "Feature",
      "geometry": {
        "type": "Polygon",
        "coordinates": [
          [
            [
              -1.3612523205549805,
              -5.984539364593949
            ],
            [
              -1.3612531951746651,
              -5.984325221964852
            ],
            [
              -1.3613538286623972,
              -5.984325634016332
            ],
            [
              -1.3613529537701254,
              -5.984539776643025
            ],
            [
              -1.3612523205549805,
              -5.984539364593949
            ]
          ]
        ]
      },
      "properties": {
        "type": "building",
        "lod_level": 4,
        "height": 13.6,
        "building:levels": 5,
        "building:material": "plaster",
        "building:colour": "#e0e0e0",
        "building:type": "residential",
        "roof:shape": "pyramidal",
        "roof:height": 1.7
      }
    },
    {
      "type": "Feature",
      "geometry": {
        "type": "Polygon",
        "coordinates": [
          [
            [
              -1.3641937101989234,
              -5.985938440399343
            ],
            [
              -1.3641932617685402,
              -5.985763747716935
            ],
            [
              -1.3643689769469178,
              -5.985763295794109
            ],
            [
              -1.3643694249890184,
              -5.98593798847865
            ],
            [
              -1.3641937101989234,
              -5.985938440399343
            ]
          ]
        ]
      },
      "properties": {
        "type": "building",
        "lod_level": 4,
        "height": 14.0,
        "building:levels": 5,
        "building:material": "brick",
        "building:colour": "#b5895a",
        "building:type": "office",
        "roof:shape": "flat",
        "roof:height": 1.8
      }
    },
    {
      "type": "Feature",
      "geometry": {
        "type": "Polygon",
        "coordinates": [
          [
            [
              -1.3653543874865963,
              -5.983774877769284
            ],
            [
              -1.3651968776861003,
              -5.983764272423457
            ],
            [
              -1.3652096715463544,
              -5.983573807099125
            ],
            [
              -1.3653671817246162,
              -5.983584412499786
            ],
            [
              -1.3653543874865963,
              -5.983774877769284
            ]
          ]
        ]
      },
      "properties": {
        "type": "building",
        "lod_level": 4,
        "height": 27.9,
        "building:levels": 9,
        "building:material": "brick",
        "building:colour": "#b5895a",
        "building:type": "office",
        "roof:shape": "flat",
        "roof:height": 3.1
      }
    },
    {
      "type": "Feature",
      "geometry": {
        "type": "Polygon",
        "coordinates": [
          [
            [
              -1.3660132170814028,
              -5.983762064134338
            ],
            [
              -1.3658254000824177,
              -5.983756188434648
            ],
            [
              -1.365828714209829,
              -5.983649997762801
            ],
            [
              -1.366016531460851,
              -5.983655873479438
            ],
            [
              -1.3660132170814028,
              -5.983762064134338
            ]
          ]
        ]
      },
      "properties": {
        "type": "building",
        "lod_level": 4,
        "height": 9.8,
        "building:levels": 3,
        "building:material": "concrete",
        "building:colour": "#78909c",
        "building:type": "commercial",
        "roof:shape": "flat",
        "roof:height": 1.2
      }
    },
    {
      "type": "Feature",
      "geometry": {
        "type": "Polygon",
        "coordinates": [
          [
            [
              -1.3631750765288775,
              -5.983640307301801
            ],
            [
              -1.3630636109630085,
              -5.983636713742852
            ],
            [
              -1.3630707816486045,
              -5.983413761730109
            ],
            [
              -1.3631822475285016,
              -5.983417355310815
            ],
            [
              -1.3631750765288775,
              -5.983640307301801
            ]
          ]
        ]
      },
      "properties": {
        "type": "building",
        "lod_level": 4,
        "height": 5.2,
        "building:levels": 2,
        "building:material": "brick",
        "building:colour": "#a0522d",
        "building:type": "commercial",
        "roof:shape": "hipped",
        "roof:height": 1.0
      }
    },
    {
      "type": "Feature",
      "geometry": {
        "type": "Polygon",
        "coordinates": [
          [
            [
              -1.3633318851900202,
              -5.984834392885684
            ],
            [
              -1.3633513783574571,
              -5.984570144012612
            ],
            [
              -1.3634945723630385,
              -5.98458073226645
            ],
            [
              -1.3634750787195766,
              -5.984844981063553
            ],
            [
              -1.3633318851900202,
              -5.984834392885684
            ]
          ]
        ]
      },
      "properties": {
        "type": "building",
        "lod_level": 4,
        "height": 32.2,
        "building:levels": 11,
        "building:material": "concrete",
        "building:colour": "#9e9e9e",
        "building:type": "office",
        "roof:shape": "flat",
        "roof:height": 1.6
      }
    },
    {
      "type": "Feature",
      "geometry": {
        "type": "Polygon",
        "coordinates": [
          [
            [
              -1.3628860357442207,
              -5.983153995890848
            ],
            [
              -1.3628937115754973,
              -5.982986159384538
            ],
            [
              -1.3631386744506442,
              -5.982997389421873
            ],
            [
              -1.3631309981003996,
              -5.983165225876999
            ],
            [
              -1.3628860357442207,
              -5.983153995890848
            ]
          ]
        ]
      },
      "properties": {
        "type": "building",
        "lod_level": 4,
        "height": 9.0,
        "building:levels": 3,
        "building:material": "brick",
        "building:colour": "#b5895a",
        "building:type": "residential",
        "roof:shape": "gabled",
        "roof:height": 1.2
      }
    },
    {
      "type": "Feature",
      "geometry": {
        "type": "Polygon",
        "coordinates": [
          [
            [
              -1.3627879323797103,
              -5.984290084952346
            ],
            [
              -1.3626701698437134,
              -5.984290865796705
            ],
            [
              -1.3626688083605207,
              -5.984085072953467
            ],
            [
              -1.3627865712030571,
              -5.984084292104724
            ],
            [
              -1.3627879323797103,
              -5.984290084952346
            ]
          ]
        ]
      },
      "properties": {
        "type": "building",
        "lod_level": 4,
        "height": 5.8,
        "building:levels": 2,
        "building:material": "brick",
        "building:colour": "#b5895a",
        "building:type": "commercial",
        "roof:shape": "gabled",
        "roof:height": 0.9
      }
    },
    {
      "type": "Feature",
      "geometry": {
        "type": "Polygon",
        "coordinates": [
          [
            [
              -1.3638810882371621,
              -5.986216399695646
            ],
            [
              -1.3638817175056592,
              -5.98601711805855
            ],
            [
              -1.363985188349371,
              -5.986017445624754
            ],
            [
              -1.3639845588200494,
              -5.986216727260065
            ],
            [
              -1.3638810882371621,
              -5.986216399695646
            ]
          ]
        ]
      },
      "properties": {
        "type": "building",
        "lod_level": 4,
        "height": 29.9,
        "building:levels": 10,
        "building:material": "glass",
        "building:colour": "#b3e5fc",
        "building:type": "office",
        "roof:shape": "flat",
        "roof:height": 2.3
      }
    },
    {
      "type": "Feature",
      "geometry": {
        "type": "Polygon",
        "coordinates": [
          [
            [
              -1.3606660201613465,
              -5.983723102500256
            ],
            [
              -1.3606679465763203,
              -5.9835462841475335
            ],
            [
              -1.3608082276742386,
              -5.983547816234273
            ],
            [
              -1.360806300945546,
              -5.983724634579612
            ],
            [
              -1.3606660201613465,
              -5.983723102500256
            ]
          ]
        ]
      },
      "properties": {
        "type": "building",
        "lod_level": 4,
        "height": 21.1,
        "building:levels": 7,
        "building:material": "brick",
        "building:colour": "#b5895a",
        "building:type": "commercial",
        "roof:shape": "flat",
        "roof:height": 2.6
      }
    },
    {
      "type": "Feature",
      "geometry": {
        "type": "Polygon",
        "coordinates": [
          [
            [
              -1.3653518128830229,
              -5.984914623647854
            ],
            [
              -1.3653504951095379,
              -5.984779896217612
            ],
            [
              -1.3654497755956638,
              -5.984778922921514
            ],
            [
              -1.3654510931999695,
              -5.98491365035532
            ],
            [
              -1.3653518128830229,
              -5.984914623647854
            ]
          ]
        ]
      },
      "properties": {
        "type": "building",
        "lod_level": 4,
        "height": 6.2,
        "building:levels": 2,
        "building:material": "plaster",
        "building:colour": "#f5f5f5",
        "building:type": "commercial",
        "roof:shape": "flat",
        "roof:height": 0.9
      }
    },
    {
      "type": "Feature",
      "geometry": {
        "type": "Polygon",
        "coordinates": [
          [
            [
              -1.36259016183274,
              -5.98276065640132
            ],
            [
              -1.3625998281764313,
              -5.98263624631063
            ],
            [
              -1.362793267330319,
              -5.982651311879935
            ],
            [
              -1.3627836006840557,
              -5.982775721919725
            ],
            [
              -1.36259016183274,
              -5.98276065640132
            ]
          ]
        ]
      },
      "properties": {
        "type": "building",
        "lod_level": 4,
        "height": 53.7,
        "building:levels": 18,
        "building:material": "glass",
        "building:colour": "#4fc3f7",
        "building:type": "office",
        "roof:shape": "flat",
        "roof:height": 2.8
      }
    },
    {
      "type": "Feature",
      "geometry": {
        "type": "Polygon",
        "coordinates": [
          [
            [
              -1.3630594648374728,
              -5.981312170181171
            ],
            [
              -1.3630685987052444,
              -5.981131501459005
            ],
            [
              -1.363216329262596,
              -5.981138987985127
            ],
            [
              -1.3632071950580786,
              -5.981319656670568
            ],
            [
              -1.3630594648374728,
              -5.981312170181171
            ]
          ]
        ]
      },
      "properties": {
        "type": "building",
        "lod_level": 4,
        "height": 23.2,
        "building:levels": 8,
        "building:material": "concrete",
        "building:colour": "#b0bec5",
        "building:type": "residential",
        "roof:shape": "flat",
        "roof:height": 1.0
      }
    },
    {
      "type": "Feature",
      "geometry": {
        "type": "Polygon",
        "coordinates": [
          [
            [
              -1.3627508051950274,
              -5.985105121487392
            ],
            [
              -1.3625272343466417,
              -5.985093712395722
            ],
            [
              -1.362537247021089,
              -5.9848970373587385
            ],
            [
              -1.362760818424232,
              -5.984908446511341
            ],
            [
              -1.3627508051950274,
              -5.985105121487392
            ]
          ]
        ]
      },
      "properties": {
        "type": "building",
        "lod_level": 4,
        "height": 16.2,
        "building:levels": 5,
        "building:material": "concrete",
        "building:colour": "#78909c",
        "building:type": "commercial",
        "roof:shape": "flat",
        "roof:height": 1.2
      }
    },
    {
      "type": "Feature",
      "geometry": {
        "type": "Polygon",
        "coordinates": [
          [
            [
              -1.364987636932746,
              -5.983785325661175
            ],
            [
              -1.3648789162786006,
              -5.983770743991153
            ],
            [
              -1.36489977162829,
              -5.983614878596442
            ],
            [
              -1.365008492492941,
              -5.983629460328174
            ],
            [
              -1.364987636932746,
              -5.983785325661175
            ]
          ]
        ]
      },
      "properties": {
        "type": "building",
        "lod_level": 4,
        "height": 10.3,
        "building:levels": 3,
        "building:material": "concrete",
        "building:colour": "#b0bec5",
        "building:type": "residential",
        "roof:shape": "pyramidal",
        "roof:height": 1.3
      }
    },
    {
      "type": "Feature",
      "geometry": {
        "type": "Polygon",
        "coordinates": [
          [
            [
              -1.3642009500659045,
              -5.984723490407555
            ],
            [
              -1.3642028135240114,
              -5.984551314506033
            ],
            [
              -1.36436908000852,
              -5.98455311843267
            ],
            [
              -1.3643672161883427,
              -5.98472529432577
            ],
            [
              -1.3642009500659045,
              -5.984723490407555
            ]
          ]
        ]
      },
      "properties": {
        "type": "building",
        "lod_level": 4,
        "height": 17.5,
        "building:levels": 6,
        "building:material": "brick",
        "building:colour": "#b5895a",
        "building:type": "office",
        "roof:shape": "flat",
        "roof:height": 2.4
      }
    },
    {
      "type": "Feature",
      "geometry": {
        "type": "Polygon",
        "coordinates": [
          [
            [
              -1.363955254744827,
              -5.983519599675112
            ],
            [
              -1.3637306538759173,
              -5.983493081501742
            ],
            [
              -1.3637476990136628,
              -5.983348371253953
            ],
            [
              -1.3639723002879827,
              -5.983374889531527
            ],
            [
              -1.363955254744827,
              -5.983519599675112
            ]
          ]
        ]
      },
      "properties": {
        "type": "building",
        "lod_level": 4,
        "height": 12.9,
        "building:levels": 4,
        "building:material": "plaster",
        "building:colour": "#e0e0e0",
        "building:type": "commercial",
        "roof:shape": "gabled",
        "roof:height": 1.8
      }
    },
    {
      "type": "Feature",
      "geometry": {
        "type": "Polygon",
        "coordinates": [
          [
            [
              -1.3619113613984026,
              -5.984198385160562
            ],
            [
              -1.3617577979204325,
              -5.984195755605128
            ],
            [
              -1.3617599339692992,
              -5.984070710683781
            ],
            [
              -1.361913497690095,
              -5.984073340248139
            ],
            [
              -1.3619113613984026,
              -5.984198385160562
            ]
          ]
        ]
      },
      "properties": {
        "type": "building",
        "lod_level": 4,
        "height": 18.6,
        "building:levels": 6,
        "building:material": "concrete",
        "building:colour": "#b0bec5",
        "building:type": "office",
        "roof:shape": "flat",
        "roof:height": 1.7
      }
    },
    {
      "type": "Feature",
      "geometry": {
        "type": "Polygon",
        "coordinates": [
          [
            [
              -1.3626908534367175,
              -5.986651374813848
            ],
            [
              -1.362687432520236,
              -5.986477384272009
            ],
            [
              -1.3627917905605518,
              -5.986475327672384
            ],
            [
              -1.362795211247444,
              -5.9866493182239235
            ],
            [
              -1.3626908534367175,
              -5.986651374813848
            ]
          ]
        ]
      },
      "properties": {
        "type": "building",
        "lod_level": 4,
        "height": 17.1,
        "building:levels": 6,
        "building:material": "brick",
        "building:colour": "#c8a882",
        "building:type": "residential",
        "roof:shape": "flat",
        "roof:height": 1.6
      }
    },
    {
      "type": "Feature",
      "geometry": {
        "type": "Polygon",
        "coordinates": [
          [
            [
              -1.3618155720080232,
              -5.981393717414426
            ],
            [
              -1.3617245120557089,
              -5.98138510936456
            ],
            [
              -1.361737412870017,
              -5.981248313962247
            ],
            [
              -1.3618284729784902,
              -5.981256922044089
            ],
            [
              -1.3618155720080232,
              -5.981393717414426
            ]
          ]
        ]
      },
      "properties": {
        "type": "building",
        "lod_level": 4,
        "height": 14.2,
        "building:levels": 5,
        "building:material": "brick",
        "building:colour": "#a0522d",
        "building:type": "residential",
        "roof:shape": "flat",
        "roof:height": 1.6
      }
    },
    {
      "type": "Feature",
      "geometry": {
        "type": "Polygon",
        "coordinates": [
          [
            [
              -1.3648286788673976,
              -5.984134131099622
            ],
            [
              -1.364693950620383,
              -5.984139683420608
            ],
            [
              -1.3646859402451053,
              -5.983944854944095
            ],
            [
              -1.3648206688235878,
              -5.983939302593715
            ],
            [
              -1.3648286788673976,
              -5.984134131099622
            ]
          ]
        ]
      },
      "properties": {
        "type": "building",
        "lod_level": 4,
        "height": 55.5,
        "building:levels": 18,
        "building:material": "glass",
        "building:colour": "#b3e5fc",
        "building:type": "residential",
        "roof:shape": "flat",
        "roof:height": 2.1
      }
    },
    {
      "type": "Feature",
      "geometry": {
        "type": "Polygon",
        "coordinates": [
          [
            [
              -1.3625571710847404,
              -5.981476857566536
            ],
            [
              -1.3623896061438991,
              -5.981476886089964
            ],
            [
              -1.3623895860939408,
              -5.981359552529271
            ],
            [
              -1.3625571512834784,
              -5.981359524005765
            ],
            [
              -1.3625571710847404,
              -5.981476857566536
            ]
          ]
        ]
      },
      "properties": {
        "type": "building",
        "lod_level": 4,
        "height": 11.4,
        "building:levels": 4,
        "building:material": "concrete",
        "building:colour": "#78909c",
        "building:type": "office",
        "roof:shape": "pyramidal",
        "roof:height": 1.4
      }
    },
    {
      "type": "Feature",
      "geometry": {
        "type": "Polygon",
        "coordinates": [
          [
            [
              -1.3611498955062158,
              -5.984484372153587
            ],
            [
              -1.3609331741131425,
              -5.984482085097914
            ],
            [
              -1.3609346918992642,
              -5.984337901375395
            ],
            [
              -1.3611514136875555,
              -5.984340188440057
            ],
            [
              -1.3611498955062158,
              -5.984484372153587
            ]
          ]
        ]
      },
      "properties": {
        "type": "building",
        "lod_level": 4,
        "height": 11.2,
        "building:levels": 4,
        "building:material": "brick",
        "building:colour": "#b5895a",
        "building:type": "residential",
        "roof:shape": "pyramidal",
        "roof:height": 1.6
      }
    },
    {
      "type": "Feature",
      "geometry": {
        "type": "Polygon",
        "coordinates": [
          [
            [
              -1.3629678276695296,
              -5.9834019054194485
            ],
            [
              -1.3627057929254327,
              -5.983395733808826
            ],
            [
              -1.362710581412016,
              -5.983191928753199
            ],
            [
              -1.362972616831262,
              -5.983198100397987
            ],
            [
              -1.3629678276695296,
              -5.9834019054194485
            ]
          ]
        ]
      },
      "properties": {
        "type": "building",
        "lod_level": 4,
        "height": 16.2,
        "building:levels": 5,
        "building:material": "plaster",
        "building:colour": "#f5f5f5",
        "building:type": "commercial",
        "roof:shape": "gabled",
        "roof:height": 2.2
      }
    },
    {
      "type": "Feature",
      "geometry": {
        "type": "Polygon",
        "coordinates": [
          [
            [
              -1.3633161033639125,
              -5.9826891392435355
            ],
            [
              -1.363068926574307,
              -5.98265110677619
            ],
            [
              -1.363102760133577,
              -5.9824306963159515
            ],
            [
              -1.3633499375960438,
              -5.982468729010886
            ],
            [
              -1.3633161033639125,
              -5.9826891392435355
            ]
          ]
        ]
      },
      "properties": {
        "type": "building",
        "lod_level": 4,
        "height": 25.7,
        "building:levels": 9,
        "building:material": "brick",
        "building:colour": "#c8a882",
        "building:type": "office",
        "roof:shape": "pyramidal",
        "roof:height": 3.5
      }
    },
    {
      "type": "Feature",
      "geometry": {
        "type": "Polygon",
        "coordinates": [
          [
            [
              -1.3603859988472613,
              -5.983701736254403
            ],
            [
              -1.3602649815798957,
              -5.983683217281347
            ],
            [
              -1.3602902905293057,
              -5.983517437307623
            ],
            [
              -1.360411308044516,
              -5.983535956364032
            ],
            [
              -1.3603859988472613,
              -5.983701736254403
            ]
          ]
        ]
      },
      "properties": {
        "type": "building",
        "lod_level": 4,
        "height": 5.8,
        "building:levels": 2,
        "building:material": "brick",
        "building:colour": "#a0522d",
        "building:type": "residential",
        "roof:shape": "flat",
        "roof:height": 1.0
      }
    },
    {
      "type": "Feature",
      "geometry": {
        "type": "Polygon",
        "coordinates": [
          [
            [
              -1.3654423657034176,
              -5.98518322615079
            ],
            [
              -1.3654547844254235,
              -5.98500957494645
            ],
            [
              -1.3655567039417282,
              -5.985016881025216
            ],
            [
              -1.3655442849969985,
              -5.985190532195097
            ],
            [
              -1.3654423657034176,
              -5.98518322615079
            ]
          ]
        ]
      },
      "properties": {
        "type": "building",
        "lod_level": 4,
        "height": 22.3,
        "building:levels": 7,
        "building:material": "concrete",
        "building:colour": "#78909c",
        "building:type": "commercial",
        "roof:shape": "gabled",
        "roof:height": 2.2
      }
    },
    {
      "type": "Feature",
      "geometry": {
        "type": "Polygon",
        "coordinates": [
          [
            [
              -1.3619950350842893,
              -5.9850472320120645
            ],
            [
              -1.3620187275003803,
              -5.9848535625840835
            ],
            [
              -1.3622294121569372,
              -5.98487939768982
            ],
            [
              -1.3622057192324568,
              -5.98507306698195
            ],
            [
              -1.3619950350842893,
              -5.9850472320120645
            ]
          ]
        ]
      },
      "properties": {
        "type": "building",
        "lod_level": 4,
        "height": 9.7,
        "building:levels": 3,
        "building:material": "concrete",
        "building:colour": "#9e9e9e",
        "building:type": "residential",
        "roof:shape": "pyramidal",
        "roof:height": 1.4
      }
    },
    {
      "type": "Feature",
      "geometry": {
        "type": "LineString",
        "coordinates": [
          [
            -1.3660192084053695,
            -5.987142336439543
          ],
          [
            -1.366363506024126,
            -5.98091472372768
          ]
        ]
      },
      "properties": {
        "type": "street",
        "street_type": "residential"
      }
    },
    {
      "type": "Feature",
      "geometry": {
        "type": "LineString",
        "coordinates": [
          [
            -1.3655008729808598,
            -5.987113615214869
          ],
          [
            -1.3658451298912213,
            -5.980885997645984
          ]
        ]
      },
      "properties": {
        "type": "street",
        "street_type": "residential"
      }
    },
    {
      "type": "Feature",
      "geometry": {
        "type": "LineString",
        "coordinates": [
          [
            -1.3649825371797446,
            -5.987084897384736
          ],
          [
            -1.3653267533816222,
            -5.980857274959419
          ]
        ]
      },
      "properties": {
        "type": "street",
        "street_type": "residential"
      }
    },
    {
      "type": "Feature",
      "geometry": {
        "type": "LineString",
        "coordinates": [
          [
            -1.364464201002066,
            -5.98705618294917
          ],
          [
            -1.3648083764953707,
            -5.9808285556679905
          ]
        ]
      },
      "properties": {
        "type": "street",
        "street_type": "residential"
      }
    },
    {
      "type": "Feature",
      "geometry": {
        "type": "LineString",
        "coordinates": [
          [
            -1.3639458644478701,
            -5.98702747190818
          ],
          [
            -1.3642899992325128,
            -5.980799839771715
          ]
        ]
      },
      "properties": {
        "type": "street",
        "street_type": "residential"
      }
    },
    {
      "type": "Feature",
      "geometry": {
        "type": "LineString",
        "coordinates": [
          [
            -1.3634275275172014,
            -5.986998764261784
          ],
          [
            -1.363771621593094,
            -5.9807711272705975
          ]
        ]
      },
      "properties": {
        "type": "street",
        "street_type": "residential"
      }
    },
    {
      "type": "Feature",
      "geometry": {
        "type": "LineString",
        "coordinates": [
          [
            -1.3629091902101031,
            -5.986970060009984
          ],
          [
            -1.3632532435771554,
            -5.980742418164655
          ]
        ]
      },
      "properties": {
        "type": "street",
        "street_type": "residential"
      }
    },
    {
      "type": "Feature",
      "geometry": {
        "type": "LineString",
        "coordinates": [
          [
            -1.3623908525266195,
            -5.9869413591527865
          ],
          [
            -1.3627348651847433,
            -5.980713712453874
          ]
        ]
      },
      "properties": {
        "type": "street",
        "street_type": "residential"
      }
    },
    {
      "type": "Feature",
      "geometry": {
        "type": "LineString",
        "coordinates": [
          [
            -1.361872514466796,
            -5.986912661690175
          ],
          [
            -1.3622164864159032,
            -5.98068501013828
          ]
        ]
      },
      "properties": {
        "type": "street",
        "street_type": "residential"
      }
    },
    {
      "type": "Feature",
      "geometry": {
        "type": "LineString",
        "coordinates": [
          [
            -1.3613541760306753,
            -5.986883967622191
          ],
          [
            -1.3616981072706762,
            -5.980656311217878
          ]
        ]
      },
      "properties": {
        "type": "street",
        "street_type": "residential"
      }
    },
    {
      "type": "Feature",
      "geometry": {
        "type": "LineString",
        "coordinates": [
          [
            -1.3608358372183025,
            -5.986855276948839
          ],
          [
            -1.3611797277491084,
            -5.9806276156926605
          ]
        ]
      },
      "properties": {
        "type": "street",
        "street_type": "residential"
      }
    },
    {
      "type": "Feature",
      "geometry": {
        "type": "LineString",
        "coordinates": [
          [
            -1.3603174980297223,
            -5.986826589670123
          ],
          [
            -1.3606613478512453,
            -5.9805989235626615
          ]
        ]
      },
      "properties": {
        "type": "street",
        "street_type": "residential"
      }
    },
    {
      "type": "Feature",
      "geometry": {
        "type": "LineString",
        "coordinates": [
          [
            -1.359799158464978,
            -5.986797905786051
          ],
          [
            -1.3601429675771273,
            -5.98057023482787
          ]
        ]
      },
      "properties": {
        "type": "street",
        "street_type": "residential"
      }
    },
    {
      "type": "Feature",
      "geometry": {
        "type": "LineString",
        "coordinates": [
          [
            -1.3660192084053695,
            -5.987142336439543
          ],
          [
            -1.359799158464978,
            -5.986797905786051
          ]
        ]
      },
      "properties": {
        "type": "street",
        "street_type": "residential"
      }
    },
    {
      "type": "Feature",
      "geometry": {
        "type": "LineString",
        "coordinates": [
          [
            -1.3660478978018449,
            -5.986623390139407
          ],
          [
            -1.3598278071554901,
            -5.986278954632447
          ]
        ]
      },
      "properties": {
        "type": "street",
        "street_type": "residential"
      }
    },
    {
      "type": "Feature",
      "geometry": {
        "type": "LineString",
        "coordinates": [
          [
            -1.3660765875749783,
            -5.986104439943709
          ],
          [
            -1.3598564562221298,
            -5.985759999583181
          ]
        ]
      },
      "properties": {
        "type": "street",
        "street_type": "residential"
      }
    },
    {
      "type": "Feature",
      "geometry": {
        "type": "LineString",
        "coordinates": [
          [
            -1.3661052777247762,
            -5.985585485852408
          ],
          [
            -1.3598851056649035,
            -5.985241040638291
          ]
        ]
      },
      "properties": {
        "type": "street",
        "street_type": "residential"
      }
    },
    {
      "type": "Feature",
      "geometry": {
        "type": "LineString",
        "coordinates": [
          [
            -1.3661339682512479,
            -5.985066527865525
          ],
          [
            -1.3599137554838192,
            -5.9847220777977235
          ]
        ]
      },
      "properties": {
        "type": "street",
        "street_type": "residential"
      }
    },
    {
      "type": "Feature",
      "geometry": {
        "type": "LineString",
        "coordinates": [
          [
            -1.366162659154399,
            -5.984547565983028
          ],
          [
            -1.3599424056788838,
            -5.984203111061476
          ]
        ]
      },
      "properties": {
        "type": "street",
        "street_type": "residential"
      }
    },
    {
      "type": "Feature",
      "geometry": {
        "type": "LineString",
        "coordinates": [
          [
            -1.3661913504342382,
            -5.984028600204919
          ],
          [
            -1.3599710562501042,
            -5.983684140429542
          ]
        ]
      },
      "properties": {
        "type": "street",
        "street_type": "residential"
      }
    },
    {
      "type": "Feature",
      "geometry": {
        "type": "LineString",
        "coordinates": [
          [
            -1.366220042090772,
            -5.98350963053118
          ],
          [
            -1.3599997071974885,
            -5.983165165901915
          ]
        ]
      },
      "properties": {
        "type": "street",
        "street_type": "residential"
      }
    },
    {
      "type": "Feature",
      "geometry": {
        "type": "LineString",
        "coordinates": [
          [
            -1.3662487341240084,
            -5.9829906569618
          ],
          [
            -1.3600283585210442,
            -5.982646187478566
          ]
        ]
      },
      "properties": {
        "type": "street",
        "street_type": "residential"
      }
    },
    {
      "type": "Feature",
      "geometry": {
        "type": "LineString",
        "coordinates": [
          [
            -1.3662774265339543,
            -5.982471679496782
          ],
          [
            -1.3600570102207785,
            -5.98212720515952
          ]
        ]
      },
      "properties": {
        "type": "street",
        "street_type": "residential"
      }
    },
    {
      "type": "Feature",
      "geometry": {
        "type": "LineString",
        "coordinates": [
          [
            -1.366306119320618,
            -5.981952698136092
          ],
          [
            -1.3600856622966992,
            -5.9816082189447055
          ]
        ]
      },
      "properties": {
        "type": "street",
        "street_type": "residential"
      }
    },
    {
      "type": "Feature",
      "geometry": {
        "type": "LineString",
        "coordinates": [
          [
            -1.3663348124840065,
            -5.981433712879722
          ],
          [
            -1.3601143147488128,
            -5.981089228834164
          ]
        ]
      },
      "properties": {
        "type": "street",
        "street_type": "residential"
      }
    },
    {
      "type": "Feature",
      "geometry": {
        "type": "LineString",
        "coordinates": [
          [
            -1.366363506024126,
            -5.98091472372768
          ],
          [
            -1.3601429675771273,
            -5.98057023482787
          ]
        ]
      },
      "properties": {
        "type": "street",
        "street_type": "residential"
      }
    },
    {
      "type": "Feature",
      "geometry": {
        "type": "LineString",
        "coordinates": [
          [
            -1.3660192084053695,
            -5.987142336439543
          ],
          [
            -1.3601429675771273,
            -5.98057023482787
          ]
        ]
      },
      "properties": {
        "type": "street",
        "street_type": "residential"
      }
    },
    {
      "type": "Feature",
      "geometry": {
        "type": "LineString",
        "coordinates": [
          [
            -1.366363506024126,
            -5.98091472372768
          ],
          [
            -1.359799158464978,
            -5.986797905786051
          ]
        ]
      },
      "properties": {
        "type": "street",
        "street_type": "residential"
      }
    }
  ]
}